sample-id,D0MC1,D0MTP10Exp12021,D0MTP10Exp12022,D0MTP10Exp22021,D0MTP10Exp32022,D0MTP11Exp12021,D0MTP11Exp12022,D0MTP11Exp22021,D0MTP12Exp12021,D0MTP12Exp12022,D0MTP12Exp22021,D0MTP12Exp32022,D0MTP13Exp12021,D0MTP13Exp12022,D0MTP13Exp22021,D0MTP13Exp32022,D0MTP14Exp12021,D0MTP14Exp12022,D0MTP14Exp22021,D0MTP14Exp32022,D0MTP15Exp12021,D0MTP15Exp12022,D0MTP15Exp22021,D0MTP15Exp32022,D0MTP16Exp12021,D0MTP16Exp12022,D0MTP16Exp22021,D0MTP16Exp32022,D0MTP17Exp12021,D0MTP17Exp12022,D0MTP17Exp22021,D0MTP17Exp32022,D0MTP18Exp12021,D0MTP18Exp12022,D0MTP18Exp22021,D0MTP18Exp32022,D0MTP19Exp12021,D0MTP19Exp12022,D0MTP19Exp22021,D0MTP19Exp32022,D0MTP1Exp12021,D0MTP1Exp12022,D0MTP1Exp22021,D0MTP1Exp32022,D0MTP20Exp12021,D0MTP20Exp12022,D0MTP20Exp22021,D0MTP20Exp32022,D0MTP21Exp12021,D0MTP21Exp12022,D0MTP21Exp22021,D0MTP21Exp32022,D0MTP2Exp12021,D0MTP2Exp12022,D0MTP2Exp22021,D0MTP2Exp32022,D0MTP3Exp12021,D0MTP3Exp12022,D0MTP3Exp22021,D0MTP3Exp32022,D0MTP4Exp12021,D0MTP4Exp12022,D0MTP4Exp22021,D0MTP4Exp32022,D0MTP5Exp12021,D0MTP5Exp12022,D0MTP5Exp22021,D0MTP5Exp32022,D0MTP6Exp32022,D0MTP7Exp12021,D0MTP7Exp12022,D0MTP7Exp22021,D0MTP7Exp32022,D0MTP8Exp12021,D0MTP8Exp12022,D0MTP8Exp22021,D0MTP8Exp32022,D0MTP9Exp12021,D0MTP9Exp12022,D0MTP9Exp22021,D0MTP9Exp32022,D14MTP10Exp12021,D14MTP10Exp12022,D14MTP10Exp22021,D14MTP10Exp32022,D14MTP11Exp12021,D14MTP11Exp12022,D14MTP11Exp22021,D14MTP12Exp12021,D14MTP12Exp12022,D14MTP12Exp22021,D14MTP12Exp32022,D14MTP13Exp12021,D14MTP13Exp12022,D14MTP13Exp22021,D14MTP13Exp32022,D14MTP14Exp12021,D14MTP14Exp12022,D14MTP14Exp22021,D14MTP14Exp32022,D14MTP15Exp12021,D14MTP15Exp12022,D14MTP15Exp22021,D14MTP15Exp32022,D14MTP16Exp12022,D14MTP16Exp22021,D14MTP16Exp32022,D14MTP17Exp12021,D14MTP17Exp12022,D14MTP17Exp22021,D14MTP17Exp32022,D14MTP18Exp12021,D14MTP18Exp12022,D14MTP18Exp22021,D14MTP18Exp32022,D14MTP19Exp12021,D14MTP19Exp12022,D14MTP19Exp22021,D14MTP19Exp32022,D14MTP1Exp12021,D14MTP1Exp12022,D14MTP1Exp22021,D14MTP1Exp32022,D14MTP20Exp12021,D14MTP20Exp12022,D14MTP20Exp22021,D14MTP20Exp32022,D14MTP21Exp12021,D14MTP21Exp12022,D14MTP21Exp22021,D14MTP21Exp32022,D14MTP2Exp12022,D14MTP2Exp22021,D14MTP2Exp32022,D14MTP3Exp12021,D14MTP3Exp12022,D14MTP3Exp22021,D14MTP3Exp32022,D14MTP4Exp12021,D14MTP4Exp12022,D14MTP4Exp22021,D14MTP4Exp32022,D14MTP5Exp12021,D14MTP5Exp12022,D14MTP5Exp22021,D14MTP5Exp32022,D14MTP6Exp32022,D14MTP7Exp12021,D14MTP7Exp12022,D14MTP7Exp22021,D14MTP7Exp32022,D14MTP8Exp12021,D14MTP8Exp12022,D14MTP8Exp22021,D14MTP8Exp32022,D14MTP9Exp12021,D14MTP9Exp12022,D14MTP9Exp22021,D14MTP9Exp32022,D15MTP10Exp22022,D15MTP12Exp22022,D15MTP13Exp22022,D15MTP14Exp22022,D15MTP15Exp22022,D15MTP16Exp22022,D15MTP17Exp22022,D15MTP18Exp22022,D15MTP19Exp22022,D15MTP1Exp22022,D15MTP20Exp22022,D15MTP21Exp22022,D15MTP2Exp22022,D15MTP3Exp22022,D15MTP4Exp22022,D15MTP5Exp22022,D15MTP6Exp22022,D15MTP7Exp22022,D15MTP8Exp22022,D15MTP9Exp22022,D1MTP10Exp22022,D1MTP12Exp22022,D1MTP13Exp22022,D1MTP14Exp22022,D1MTP15Exp22022,D1MTP16Exp22022,D1MTP17Exp22022,D1MTP18Exp22022,D1MTP19Exp22022,D1MTP1Exp22022,D1MTP20Exp22022,D1MTP21Exp22022,D1MTP2Exp22022,D1MTP3Exp22022,D1MTP4Exp22022,D1MTP5Exp22022,D1MTP6Exp22022,D1MTP7Exp22022,D1MTP8Exp22022,D1MTP9Exp22022,D21MTP10Exp12022,D22MTP10Exp22021,D21MTP10Exp32022,D21MTP11Exp12022,D21MTP12Exp12022,D22MTP12Exp22021,D21MTP12Exp32022,D21MTP13Exp12022,D22MTP13Exp22021,D21MTP13Exp32022,D21MTP14Exp12022,D22MTP14Exp22021,D21MTP14Exp32022,D21MTP15Exp12022,D22MTP15Exp22021,D21MTP15Exp32022,D21MTP16Exp12022,D22MTP16Exp22021,D21MTP16Exp32022,D21MTP17Exp12022,D22MTP17Exp22021,D21MTP17Exp32022,D21MTP18Exp12022,D22MTP18Exp22021,D21MTP18Exp32022,D21MTP19Exp12022,D22MTP19Exp22021,D21MTP19Exp32022,D21MTP1Exp12022,D21MTP1Exp32022,D21MTP20Exp12022,D22MTP20Exp22021,D21MTP20Exp32022,D21MTP21Exp12022,D22MTP21Exp22021,D21MTP21Exp32022,D21MTP2Exp12022,D22MTP2Exp22021,D21MTP2Exp32022,D21MTP3Exp12022,D22MTP3Exp22021,D21MTP3Exp32022,D21MTP4Exp12022,D22MTP4Exp22021,D21MTP4Exp32022,D21MTP5Exp12022,D22MTP5Exp22021,D21MTP5Exp32022,D21MTP6Exp32022,D22MTP7Exp12022,D21MTP7Exp22021,D21MTP7Exp32022,D21MTP8Exp12022,D22MTP8Exp22021,D21MTP8Exp32022,D21MTP9Exp12022,D22MTP9Exp22021,D21MTP9Exp32022,D22MTP10Exp12021,D22MTP10Exp22022,D22MTP11Exp12021,D22MTP12Exp12021,D22MTP12Exp22022,D22MTP13Exp12021,D22MTP13Exp22022,D22MTP14Exp12021,D22MTP14Exp22022,D22MTP15Exp12021,D22MTP15Exp22022,D22MTP16Exp12021,D22MTP16Exp22022,D22MTP17Exp12021,D22MTP17Exp22022,D22MTP18Exp12021,D22MTP18Exp22022,D22MTP19Exp12021,D22MTP19Exp22022,D22MTP1Exp12021,D22MTP1Exp22022,D22MTP20Exp12021,D22MTP20Exp22022,D22MTP21Exp12021,D22MTP21Exp22022,D22MTP2Exp12021,D22MTP2Exp22022,D22MTP3Exp12021,D22MTP3Exp22022,D22MTP4Exp12021,D22MTP4Exp22022,D22MTP5Exp12021,D22MTP5Exp22022,D22MTP6Exp22022,D22MTP7Exp12021,D22MTP7Exp22022,D22MTP8Exp12021,D22MTP8Exp22022,D22MTP9Exp12021,D22MTP9Exp22022,D28MTP10Exp12021,D29MTP10Exp12022,D28MTP10Exp22021,D28MTP10Exp32022,D28MTP11Exp12021,D29MTP11Exp12022,D28MTP11Exp22021,D28MTP12Exp12021,D29MTP12Exp12022,D28MTP12Exp22021,D28MTP12Exp32022,D28MTP13Exp12021,D29MTP13Exp12022,D28MTP13Exp22021,D28MTP13Exp32022,D28MTP14Exp12021,D29MTP14Exp12022,D28MTP14Exp22021,D28MTP14Exp32022,D28MTP15Exp12021,D29MTP15Exp12022,D28MTP15Exp22021,D28MTP15Exp32022,D28MTP16Exp12021,D29MTP16Exp12022,D28MTP16Exp22021,D28MTP16Exp32022,D28MTP17Exp12021,D29MTP17Exp12022,D28MTP17Exp22021,D28MTP17Exp32022,D28MTP18Exp12021,D29MTP18Exp12022,D28MTP18Exp22021,D28MTP18Exp32022,D28MTP19Exp12021,D29MTP19Exp12022,D28MTP19Exp22021,D28MTP19Exp32022,D28MTP1Exp12021,D29MTP1Exp12022,D28MTP1Exp22021,D28MTP1Exp32022,D28MTP20Exp12021,D29MTP20Exp12022,D28MTP20Exp22021,D28MTP20Exp32022,D28MTP21Exp12021,D29MTP21Exp12022,D28MTP21Exp22021,D28MTP21Exp32022,D28MTP2Exp12021,D29MTP2Exp12022,D28MTP2Exp22021,D28MTP2Exp32022,D28MTP3Exp12021,D29MTP3Exp12022,D28MTP3Exp22021,D28MTP3Exp32022,D28MTP4Exp12021,D29MTP4Exp12022,D28MTP4Exp22021,D28MTP4Exp32022,D28MTP5Exp12021,D29MTP5Exp12022,D28MTP5Exp22021,D28MTP5Exp32022,D28MTP7Exp12021,D29MTP7Exp12022,D28MTP7Exp22021,D28MTP7Exp32022,D28MTP8Exp12021,D29MTP8Exp12022,D28MTP8Exp22021,D28MTP8Exp32022,D28MTP9Exp12021,D29MTP9Exp12022,D28MTP9Exp22021,D28MTP9Exp32022,D29MTP10Exp22022,D29MTP12Exp22022,D29MTP13Exp22022,D29MTP14Exp22022,D29MTP15Exp22022,D29MTP16Exp22022,D29MTP18Exp22022,D29MTP19Exp22022,D29MTP1Exp22022,D29MTP20Exp22022,D29MTP21Exp22022,D29MTP2Exp22022,D29MTP3Exp22022,D29MTP4Exp22022,D29MTP5Exp22022,D29MTP6Exp22022,D29MTP7Exp22022,D29MTP8Exp22022,D29MTP9Exp22022,D7MTP10Exp12021,D7MTP10Exp12022,D7MTP10Exp22021,D7MTP10Exp32022,D7MTP11Exp12021,D7MTP11Exp12022,D7MTP11Exp22021,D7MTP12Exp12021,D7MTP12Exp12022,D7MTP12Exp22021,D7MTP12Exp32022,D7MTP13Exp12021,D7MTP13Exp12022,D7MTP13Exp22021,D7MTP13Exp32022,D7MTP14Exp12021,D7MTP14Exp12022,D7MTP14Exp22021,D7MTP14Exp32022,D7MTP15Exp12021,D7MTP15Exp12022,D7MTP15Exp22021,D7MTP15Exp32022,D7MTP16Exp12021,D7MTP16Exp12022,D7MTP16Exp22021,D7MTP16Exp32022,D7MTP17Exp12021,D7MTP17Exp12022,D7MTP17Exp22021,D7MTP17Exp32022,D7MTP18Exp12022,D7MTP18Exp22021,D7MTP18Exp32022,D7MTP19Exp12021,D7MTP19Exp12022,D7MTP19Exp22021,D7MTP19Exp32022,D7MTP1Exp12021,D7MTP1Exp12022,D7MTP1Exp22021,D7MTP1Exp32022,D7MTP20Exp12021,D7MTP20Exp12022,D7MTP20Exp22021,D7MTP20Exp32022,D7MTP21Exp12021,D7MTP21Exp12022,D7MTP21Exp22021,D7MTP21Exp32022,D7MTP2Exp12021,D7MTP2Exp12022,D7MTP2Exp22021,D7MTP2Exp32022,D7MTP3Exp12021,D7MTP3Exp12022,D7MTP3Exp22021,D7MTP3Exp32022,D7MTP4Exp12021,D7MTP4Exp12022,D7MTP4Exp22021,D7MTP4Exp32022,D7MTP5Exp12021,D7MTP5Exp12022,D7MTP5Exp22021,D7MTP5Exp32022,D7MTP6Exp32022,D7MTP7Exp12021,D7MTP7Exp12022,D7MTP7Exp22021,D7MTP7Exp32022,D7MTP8Exp12021,D7MTP8Exp12022,D7MTP8Exp22021,D7MTP8Exp32022,D7MTP9Exp12021,D7MTP9Exp12022,D7MTP9Exp22021,D7MTP9Exp32022,D8MTP10Exp22022,D8MTP12Exp22022,D8MTP13Exp22022,D8MTP14Exp22022,D8MTP15Exp22022,D8MTP16Exp22022,D8MTP17Exp22022,D8MTP18Exp22022,D8MTP19Exp22022,D8MTP1Exp22022,D8MTP20Exp22022,D8MTP21Exp22022,D8MTP2Exp22022,D8MTP3Exp22022,D8MTP4Exp22022,D8MTP5Exp22022,D8MTP6Exp22022,D8MTP7Exp22022,D8MTP8Exp22022,D8MTP9Exp22022
d__Eukaryota;p__Diatomea,1077,629,214,1108,990,485,217,962,661,202,1072,1190,892,208,1196,1046,804,216,1101,1051,990,186,1043,1043,734,207,1164,1071,1002,186,1208,1122,963,179,1193,1175,914,170,1088,1256,861,182,1118,1004,955,243,1217,1205,1004,187,1052,1152,1013,223,1066,1113,797,234,917,974,1014,167,1132,998,782,166,1062,1012,848,829,182,1149,1296,805,305,1070,1161,806,226,1026,902,448,917,136,1611,1459,1247,1007,947,2422,121,1966,1598,919,281,429,1293,2488,165,1480,1675,1992,660,1895,2519,901,1685,1585,2468,141,1771,2255,1521,228,1835,1197,2406,116,847,1441,1814,278,951,2133,131,111,1864,1765,2360,340,1908,2414,209,694,1891,2310,362,1422,1181,2039,603,1740,1559,2330,729,1545,1395,698,1116,827,1823,1083,2535,331,1123,1525,2803,352,1276,1238,1910,2019,1686,1725,2271,1777,1086,2111,1854,2284,1821,1661,2104,2061,2097,1997,2241,2148,1861,464,626,568,652,479,870,599,508,613,611,587,1268,797,636,828,690,609,584,583,578,2034,81,1330,1020,2219,60,909,2540,82,813,2608,73,879,991,865,1871,2212,31,1192,2048,216,1364,2307,46,1318,2262,45,831,2170,783,22,92,1302,2301,82,1090,2245,38,528,1820,79,572,2233,386,806,2785,51,805,1206,2377,441,1556,2294,160,789,2713,46,1578,736,1889,1612,923,703,2139,2519,1126,1845,1512,2611,1132,2739,2380,2172,2159,2231,1602,2271,1406,2180,1943,2379,1116,2469,1506,2217,1309,2453,2117,1488,1847,2055,1863,1374,2689,1577,1841,1183,2420,58,1488,73,586,279,1175,302,221,1901,115,277,665,1616,15,546,112,1449,306,339,61,2267,294,588,135,2574,20,913,1303,2453,17,447,689,2040,70,347,262,2440,65,735,166,2189,120,222,314,30,120,473,47,2859,66,570,354,1210,30,353,138,1284,103,714,219,1632,20,328,316,2187,69,214,121,2052,70,309,166,2174,66,159,238,2597,81,662,2441,657,1458,1183,1661,2701,1364,2011,1837,2340,2502,1756,2592,1591,1557,2109,2623,1619,2337,322,342,1435,1967,349,220,2073,271,1159,1411,2134,335,1004,1401,2070,511,946,1058,2123,282,853,1463,1902,181,994,1000,1889,217,1093,1471,2130,1281,1090,1692,366,800,1167,1969,321,1112,1208,2003,444,205,826,2096,565,1331,862,2169,353,945,1011,2111,246,970,775,1364,274,1148,1580,1728,471,1246,1197,1813,1572,845,459,1771,1774,238,1478,1619,2020,602,1165,789,1666,353,1787,1616,1794,1508,980,1497,86,1868,915,1861,1720,1468,1434,1698,1854,1570,1328,1934,1612
d__Eukaryota;p__Chlorophyta,197,270,106,112,552,86,93,96,182,52,103,370,115,70,136,506,108,45,111,345,84,39,141,284,135,66,125,366,161,40,105,443,116,48,101,340,94,51,102,253,132,45,133,582,45,188,111,357,127,67,115,361,79,106,83,425,139,40,202,329,147,44,147,385,337,61,73,405,434,168,66,126,295,77,66,89,338,82,35,121,402,1043,53,110,568,835,116,116,728,81,129,497,616,105,388,512,724,173,231,442,683,67,236,686,60,189,212,117,106,337,186,159,93,116,288,484,178,96,256,444,44,214,439,101,55,125,291,359,333,220,256,31,220,302,383,55,159,397,513,38,299,348,671,52,902,283,244,1525,40,1044,255,491,83,615,530,360,5,279,252,511,383,196,443,695,214,752,1233,456,334,255,266,320,341,271,256,188,200,455,504,709,1045,617,1003,586,508,894,619,708,640,487,629,818,693,584,894,410,708,779,786,724,1108,1331,416,265,286,1269,138,809,1194,149,211,889,150,727,901,170,1243,1041,449,1026,1013,217,125,996,154,32,1535,324,910,317,927,1229,209,484,827,205,309,1089,406,960,423,322,338,681,77,1028,989,264,211,536,560,149,844,1094,46,616,316,1162,231,257,263,545,83,25,259,178,470,79,250,101,86,262,87,296,475,571,285,139,102,218,328,140,152,75,273,64,256,181,214,140,61,337,71,161,267,225,90,629,285,2237,1538,1388,770,511,735,284,391,2094,336,139,367,964,533,669,488,881,1026,203,263,2324,1218,111,2126,1462,220,178,255,1326,236,510,463,1131,1941,212,491,1996,851,368,575,858,564,759,1444,1735,1557,55,182,1977,1787,426,575,1195,1122,199,674,172,1118,301,91,1822,318,180,736,306,588,259,330,1075,649,311,539,1973,190,43,868,672,331,882,450,430,305,193,1112,274,523,205,133,85,153,354,339,164,94,295,272,744,28,68,251,449,23,31,118,31,88,189,266,58,175,173,394,50,188,143,105,23,72,205,227,57,103,166,136,36,596,179,49,78,243,499,62,41,234,544,59,43,184,63,30,180,187,402,29,335,232,585,31,270,166,209,25,262,312,188,40,267,261,184,55,55,192,209,444,17,56,186,158,39,99,148,560,38,447,152,142,585,440,510,569,666,616,292,357,394,606,523,423,562,319,311,381,498,400,691
d__Eukaryota;p__Ochrophyta,187,127,350,218,182,114,383,261,203,287,246,243,129,368,247,193,143,359,244,282,86,270,195,262,132,337,181,161,144,234,194,271,85,257,182,163,92,250,244,266,91,375,277,203,92,272,204,174,107,223,240,251,85,379,302,240,134,327,176,402,112,302,231,214,137,335,242,187,422,112,276,220,214,95,330,258,332,144,384,263,205,673,1881,77,396,206,1208,134,390,220,29,416,216,1942,854,1332,133,157,31,509,108,335,63,320,149,185,718,432,165,17,829,118,281,136,663,492,121,39,1722,214,76,54,683,220,1835,20,532,187,144,44,699,361,29,1239,146,432,63,212,280,355,19,548,253,226,32,247,342,257,1054,46,327,129,199,32,711,117,115,44,460,362,321,45,387,95,61,166,348,122,185,121,313,290,195,379,217,103,179,221,134,236,341,248,204,204,370,324,212,276,416,347,277,211,322,236,276,352,355,377,360,121,150,32,1533,271,97,423,172,351,65,325,48,374,87,197,65,232,359,49,319,90,74,108,1129,21,191,50,84,307,89,861,214,142,257,90,56,222,190,113,674,58,134,251,32,52,56,94,218,165,107,194,120,411,375,146,77,264,190,668,60,262,318,1416,42,65,101,219,158,102,582,60,30,194,53,112,79,59,326,81,96,52,174,153,273,255,479,67,145,77,90,110,39,201,83,65,233,124,113,1838,1328,90,382,130,1004,74,549,76,140,345,109,92,1251,1235,183,184,108,795,158,106,429,106,145,82,102,235,84,191,230,1015,87,195,38,866,50,64,324,231,931,138,110,1375,293,855,475,727,306,10,1,112,164,520,28,885,1135,149,102,670,1344,157,0,425,405,89,79,1663,143,123,0,201,43,104,173,752,1579,35,105,942,115,812,92,342,245,89,223,69,121,18,171,91,37,33,224,22,32,357,105,598,1926,186,225,239,1347,260,331,201,331,106,403,955,281,185,341,298,74,188,172,218,169,67,261,221,161,178,158,444,112,124,477,146,138,415,273,213,183,435,111,234,148,153,2231,69,169,325,482,220,101,468,1055,139,205,456,466,453,288,418,404,249,156,264,806,203,237,274,498,1662,121,184,232,306,373,197,558,492,57,285,1723,230,356,334,502,145,429,2424,120,392,173,262,136,259,198,94,282,380,320,347
d__Eukaryota;p__Cercozoa,25,31,30,19,35,6,33,20,1,46,30,42,5,34,31,30,4,35,21,42,2,33,26,37,1,24,14,38,10,29,17,49,1,34,17,45,1,43,14,21,5,24,26,48,4,21,17,28,3,22,17,40,4,23,10,46,11,17,21,45,6,16,18,33,10,19,24,32,42,7,28,17,59,3,49,16,42,7,34,14,37,98,3,13,109,52,60,80,48,11,6,42,55,22,45,10,68,6,16,89,37,19,50,22,7,26,44,28,2,25,70,49,33,14,65,30,3,5,35,49,9,52,160,102,229,12,27,15,20,27,39,15,3,102,79,16,43,202,96,1,25,94,119,15,109,88,64,47,28,62,162,49,6,35,51,84,1,18,73,518,121,454,115,246,119,147,74,99,146,80,75,191,56,117,141,274,55,31,162,18,20,21,29,20,17,25,29,29,20,15,91,36,16,23,42,17,13,22,34,9,44,169,58,21,23,16,86,75,15,4,17,239,78,49,27,18,0,80,46,227,18,43,76,6,24,23,1,85,32,852,8,17,46,181,140,202,5,11,45,27,55,109,20,28,28,47,18,105,163,54,57,80,6,30,44,21,88,57,663,39,226,6,32,7,71,13,14,27,24,5,10,174,18,374,13,49,43,37,15,80,207,25,20,10,47,39,47,92,33,104,20,27,11,30,29,105,53,2,10,61,3,119,83,33,79,45,48,6,42,50,29,3,5,28,209,137,9,59,24,43,30,15,41,14,6,99,20,9,7,157,83,4,39,81,53,6,9,52,65,35,24,737,192,5,5,30,547,0,7,91,66,14,17,30,762,10,39,211,38,13,9,85,87,10,3,109,35,13,0,281,31,0,48,75,20,69,103,13,10,21,24,5,354,180,101,6,44,4,48,76,92,22,72,4,13,19,5,26,118,24,2,24,7,29,61,72,32,38,41,65,7,37,37,48,12,49,36,37,15,21,59,85,23,28,61,48,22,15,136,13,59,32,87,43,24,16,99,12,11,33,82,13,31,166,80,19,129,44,84,23,13,802,73,25,30,93,65,16,134,18,72,52,60,40,19,78,13,43,48,64,40,41,76,74,24,24,32,17,56,34,20,1,36,23,24,81,26,93,74,16,73,118,32,49
d__Eukaryota;p__Ciliophora,505,1021,1949,573,575,1365,1895,442,953,1847,447,575,1123,1903,495,557,1202,1709,499,623,1104,1886,358,543,1156,1801,432,623,907,1897,542,534,1191,2113,463,531,1224,1890,507,447,1188,1868,472,577,1300,1851,465,539,1205,1795,506,533,1290,1683,446,569,1287,1812,458,581,960,1950,454,618,809,1887,470,556,498,1107,2021,503,488,1423,1531,468,561,1179,1761,475,610,545,12,655,401,230,54,1040,408,327,594,155,212,126,437,254,307,247,312,245,485,379,1030,190,242,1458,230,530,323,505,228,471,1176,1225,205,692,314,886,116,605,1181,782,473,314,24,518,290,603,221,539,140,266,929,315,339,183,1197,287,465,461,501,138,308,397,519,486,537,312,748,219,222,201,231,450,245,378,159,1061,565,110,354,327,464,306,441,196,68,224,427,256,526,494,372,256,337,457,370,227,363,977,574,902,614,1201,785,699,1166,888,862,998,501,748,862,927,711,1224,909,778,751,49,762,230,42,275,1101,451,91,899,542,35,2394,561,99,859,217,251,1334,663,111,1136,463,422,922,366,411,1746,378,125,1001,12,647,288,254,1873,186,150,2137,412,130,1236,792,147,1685,606,198,1322,683,616,217,612,667,136,1375,748,249,768,476,223,57,712,1139,416,711,380,1207,367,731,312,528,234,359,280,636,69,629,146,500,183,893,216,1091,166,998,309,567,215,232,227,575,382,260,945,135,828,318,1161,360,348,18,504,596,1150,49,851,1284,194,2077,194,1550,172,133,160,2134,183,1298,578,1186,263,1091,57,1220,269,601,276,1267,158,535,271,1872,168,1088,782,708,305,1665,135,550,200,1720,510,1781,16,349,148,1079,195,1067,300,548,504,2250,574,621,138,966,481,296,536,3038,327,1546,465,1628,395,2108,572,351,319,2123,159,1642,143,701,312,1158,280,175,464,441,639,929,176,76,315,321,234,159,113,231,185,516,671,236,343,195,816,9,896,456,736,841,413,1113,1485,483,558,1380,389,478,455,1148,1594,1488,364,770,1890,881,865,1831,1512,1082,742,1666,1347,357,603,1180,1431,805,1289,1584,1325,563,934,1653,1043,478,2132,191,1205,523,973,1057,589,456,1031,794,1073,421,1497,1390,400,510,1505,1284,385,778,1709,754,1193,510,595,803,653,651,776,1953,1113,286,502,532,1141,786,544,365,423,647,456,213,1270,508,30,636,968,388,397,941,581,643,796,626,546,351,267
d__Eukaryota;p__Cryptophyceae,875,618,325,869,447,618,311,808,774,528,815,445,712,382,681,488,551,637,749,473,557,604,993,476,652,572,914,489,582,596,721,339,547,371,747,475,600,609,758,486,614,430,727,409,609,406,696,463,455,686,803,478,509,518,770,423,567,523,1111,479,639,509,904,528,725,473,744,487,517,525,358,734,324,374,687,746,393,574,526,786,543,17,2,77,27,51,4,79,6,78,238,54,32,7,485,117,34,90,133,97,42,109,70,31,96,3,59,63,90,124,42,28,2,32,45,14,100,114,90,18,18,291,124,50,5,107,87,35,62,67,38,64,220,91,30,3,365,379,52,85,154,57,40,88,118,155,210,24,7,143,91,35,69,247,172,26,54,292,177,2,24,4,29,0,32,40,8,25,146,30,121,91,79,11,60,91,97,35,48,550,325,533,414,405,207,375,402,405,359,409,203,338,400,294,354,298,390,352,373,2,260,36,3,53,1312,32,2,409,149,45,157,52,65,115,30,142,0,33,132,15,54,8,60,44,54,57,102,124,169,0,650,64,34,173,40,5,318,44,73,477,432,78,495,48,7,163,105,163,5,253,84,64,218,163,19,871,151,17,8,35,7,58,23,4,148,19,49,12,48,23,19,37,6,2,48,32,65,86,5,28,24,74,48,21,47,23,54,18,52,51,61,21,53,16,32,107,61,22,2,47,17,40,0,148,15,17,236,32,153,4,12,74,58,33,160,61,15,125,70,13,87,24,7,25,33,21,26,5,8,9,177,7,56,18,85,33,55,41,221,78,6,3,102,17,8,7,65,21,236,22,44,24,28,25,266,280,77,20,3,38,182,23,19,34,57,9,384,29,43,38,37,47,127,22,51,138,2,40,13,35,6,21,1,131,111,95,50,15,109,95,294,69,38,115,190,33,0,99,49,103,6,18,33,53,108,59,80,2,171,73,44,76,69,114,24,47,34,23,34,111,64,58,80,68,78,35,56,51,45,49,129,98,64,32,101,87,91,105,221,126,50,116,34,203,53,49,14,207,76,38,79,50,271,33,105,85,38,40,19,69,134,216,39,3,33,61,127,61,81,81,68,94,222,169,3,42,0,27,4,26,35,0,38,271,31,87,52,60,26,34,84,107,38,55
d__Eukaryota;p__MAST-12,16,0,6,23,20,14,8,27,6,10,37,14,11,7,28,2,4,5,26,20,7,5,39,25,7,7,25,16,3,5,15,25,5,6,22,21,6,6,33,17,10,0,31,8,11,7,32,13,9,4,26,18,9,8,29,8,11,14,34,14,10,7,18,18,5,10,46,21,18,5,5,42,17,6,4,34,16,12,1,29,28,7,0,6,0,30,0,0,0,0,2,0,7,0,43,4,1,0,0,6,5,1,9,0,0,35,0,16,0,0,0,3,0,0,0,15,0,0,0,14,0,0,2,3,0,0,0,0,0,0,0,0,0,0,28,2,0,1,7,1,0,0,13,0,0,12,8,18,0,0,0,0,0,0,0,1,0,4,14,1,0,0,1,0,0,1,0,0,0,0,3,1,0,0,0,0,0,0,0,27,48,52,55,62,46,50,44,68,44,66,12,44,34,51,38,54,45,43,47,0,13,0,0,11,80,0,1,37,0,0,0,7,1,28,0,0,28,0,0,0,0,0,16,0,2,0,0,0,0,0,0,0,12,0,0,5,3,1,0,5,10,3,0,0,0,2,0,1,0,5,0,0,0,15,0,38,0,40,0,8,8,0,4,0,0,2,33,0,7,0,4,2,1,0,1,0,14,0,0,0,2,10,3,0,40,0,0,0,8,0,0,14,0,3,3,0,12,66,0,24,0,6,0,4,0,29,16,0,34,13,4,2,0,0,0,11,36,0,21,0,27,0,28,0,2,11,0,0,2,0,38,0,0,1,13,3,4,0,30,0,1,0,8,0,1,9,0,0,2,118,27,1,31,5,36,2,9,67,0,0,33,9,0,4,38,0,17,1,0,0,0,12,0,0,3,6,0,0,0,0,0,0,0,0,0,0,25,0,0,0,7,0,0,13,7,22,0,18,0,41,0,4,13,0,14,0,38,2,4,2,35,0,0,2,20,0,1,0,9,0,37,0,36,0,0,0,0,7,0,74,0,10,0,48,0,2,0,50,0,4,0,19,0,11,0,12,7,2,0,91,0,9,3,46,0,0,0,60,0,0,4,2,9,0,3,0,26,0,0,0,25,0,6,8,0,0,10,0,0,0,0,0,0,24,0,0,0,8,0,0,1,1,2,0
d__Eukaryota;p__Kathablepharidae,139,77,71,83,60,33,63,122,50,48,121,63,42,42,102,74,45,55,107,50,32,48,147,86,30,72,127,41,55,55,119,82,37,47,107,62,44,53,115,61,43,61,123,58,36,46,103,60,53,59,103,66,45,31,93,43,53,69,150,67,43,41,107,60,31,56,103,63,60,40,50,80,53,40,49,85,57,43,61,104,79,79,0,487,2,66,0,392,52,10,101,0,15,0,211,251,25,0,756,51,34,181,260,0,50,35,4,54,6,3,1,19,0,159,1,90,18,451,36,64,0,189,206,35,0,142,3,76,10,6,1,0,233,39,49,10,514,92,165,127,73,61,23,2,13,89,87,86,0,51,98,0,6,105,112,35,22,118,97,0,0,9,0,0,0,2,5,0,32,0,8,30,3,0,4,2,14,31,0,39,21,37,40,41,49,46,23,34,38,34,23,41,31,32,39,28,48,45,49,0,326,5,0,0,121,2,0,169,231,0,163,84,45,42,3,16,0,2,0,0,7,0,511,1,0,159,5,0,70,3,307,0,0,0,1,9,58,2,2,129,366,1,83,34,0,0,8,217,0,5,4,1,0,6,2,149,90,45,0,11,73,0,3,140,0,0,17,0,4,3,9,4,6,0,8,2,9,6,10,0,35,112,6,201,28,16,0,2,7,3,3,14,25,12,46,25,4,89,0,28,5,26,2,6,13,0,0,0,123,0,0,35,45,0,40,109,11,61,110,3,90,48,0,0,36,0,0,0,9,0,227,0,19,0,222,0,11,0,6,3,12,0,95,0,93,3,1,4,40,0,53,3,32,3,78,58,3,0,0,0,56,0,0,5,59,0,0,0,6,2,0,4,17,0,53,80,0,0,626,72,0,0,0,0,36,0,61,63,1,0,6,0,42,392,8,69,0,65,8,63,1,54,66,15,149,0,75,2,130,32,74,32,58,51,24,25,67,0,36,63,110,1,61,25,168,10,22,95,0,59,88,65,4,71,5,60,32,69,39,194,3,79,59,330,2,115,2,183,36,101,95,146,130,53,92,175,25,48,3,39,40,74,60,0,55,8,78,10,82,49,75,56,316,74,1,3,0,1,0,4,1,0,1,32,0,10,13,5,3,3,7,16,0,2
d__Eukaryota;p__Dinoflagellata,68,29,82,125,287,21,78,354,21,81,258,196,21,64,192,232,21,68,237,255,25,57,142,365,22,53,130,323,35,70,167,248,48,62,267,317,30,49,228,332,23,64,157,245,15,67,220,270,19,78,240,254,34,115,310,233,28,63,60,237,25,44,119,250,15,54,348,364,275,21,57,241,362,21,90,334,243,28,50,294,317,8,8,994,27,2,51,79,32,31,6,34,2,6,63,18,2,10,102,49,16,22,112,24,41,8,27,32,9,0,40,0,0,1056,23,5,18,1334,31,4,11,23,47,4,3,1382,41,0,12,24,30,13,532,24,16,2,343,52,19,7,23,41,8,4,39,67,124,6,17,36,31,7,20,72,61,3,12,663,69,9,32,21,26,25,15,33,8,41,20,62,18,52,15,26,23,21,13,18,24,69,87,87,75,71,174,76,89,51,101,81,44,76,129,130,74,97,70,71,79,14,93,28,1,22,1,33,11,13,14,16,0,18,27,141,33,65,0,36,43,0,33,11,63,27,54,967,24,12,21,26,329,17,22,0,22,20,4,20,17,37,89,16,40,40,4,6,21,57,12,33,25,8,64,30,13,17,34,0,19,5,16,8,1,9,1,21,3,1,0,12,4,28,4,2,1,11,0,10,0,22,0,26,4,10,14,13,0,0,0,5,4,6,6,0,6,3,23,2,4,3,12,10,12,51,0,9,0,1,0,0,8,12,11,13,0,10,0,31,88,21,0,14,0,29,3,7,0,10,0,0,0,9,2,25,62,7,0,2,0,3,0,11,61,13,0,4,0,14,0,1,0,9,1,28,36,30,3,23,0,7,3,6,0,10,4,5,42,19,3,9,39,3,3,16,17,8,0,228,2,16,20,2,0,5,9,16,27,3,0,0,5,8,21,10,10,14,19,235,91,24,17,132,5,27,201,57,18,45,324,93,38,31,128,111,11,10,264,59,18,58,367,63,16,18,81,54,11,184,90,21,40,127,63,17,24,330,92,7,97,445,70,30,26,240,70,28,20,35,69,11,12,49,108,20,21,97,107,22,33,338,118,122,24,1,307,79,16,8,461,87,17,23,57,118,115,14,42,17,45,45,31,41,24,64,20,34,56,21,17,15,47,50,19,32
d__Eukaryota;p__SAR,0,0,0,0,0,0,0,0,0,0,0,0,0,0,0,0,0,0,0,0,0,0,0,0,0,0,0,2,0,0,0,0,0,0,0,1,0,0,0,0,0,0,0,0,1,0,0,0,0,0,0,0,0,0,0,1,0,0,0,0,0,0,0,0,1,0,0,0,0,0,0,0,0,0,1,0,0,0,1,0,0,1,0,0,0,4,0,4,16,0,0,0,2,0,0,2,1,1,0,1,0,0,0,1,0,1,0,0,1,0,0,1,0,0,0,1,0,0,0,0,0,2,3,0,0,0,1,0,0,6,0,0,0,1,0,0,5,0,0,0,0,0,0,0,9,3,4,0,0,0,2,0,0,2,2,4,0,5,1,0,0,0,0,8,0,1,0,1,0,0,0,0,0,0,0,1,1,0,5,0,0,0,0,0,3,2,0,0,0,0,3,1,0,0,0,0,0,0,0,0,0,0,0,0,0,7,0,0,7,0,0,11,0,0,4,4,0,3,0,0,51,0,0,6,0,0,0,2,50,0,0,10,0,0,8,0,0,33,0,1,3,0,0,10,0,0,12,17,0,0,5,0,0,43,1,0,3,3,0,21,0,1,4,0,1,3,0,1,3,0,1,0,3,0,0,6,12,6,0,1,6,0,7,7,1,0,0,0,43,0,8,3,2,0,4,1,1,0,0,1,0,0,0,0,1,6,3,21,2,0,0,2,0,3,0,3,0,0,0,7,0,2,0,115,0,6,7,31,0,0,0,21,0,2,0,3,3,1,0,12,0,0,0,18,0,1,0,117,3,0,0,23,2,4,4,8,0,4,0,76,10,1,0,20,0,0,2,80,0,1,0,8,0,2,3,1,0,0,2,27,0,0,0,6,85,15,0,12,0,51,15,99,8,29,10,0,3,0,3,1,0,0,1,2,2,1,0,0,1,2,4,2,1,1,3,1,0,0,0,0,5,0,0,0,1,1,0,0,1,0,0,0,0,2,0,0,0,0,0,1,0,0,0,1,0,0,0,7,0,0,0,0,3,0,0,0,0,0,0,0,4,1,1,2,0,2,0,1,0,0,5,0,31,3,4,9,0,4,8,0,2,13,7,0,2,1,1,0,8,4,4,7,0,3
d__Eukaryota;p__Bicosoecida,51,52,6,2,0,50,16,3,83,20,1,4,46,21,5,3,64,13,4,3,59,14,44,0,42,11,40,1,52,13,35,0,57,13,23,5,79,19,33,2,54,61,38,2,46,10,32,2,51,12,38,3,42,45,24,3,42,40,4,0,40,33,3,3,48,61,4,2,0,34,58,1,3,40,17,1,3,59,16,3,0,3,0,4,5,17,4,9,25,0,8,4,7,0,1,58,2,0,7,22,1,3,1,0,2,39,3,20,0,12,2,0,3,63,5,12,0,24,5,3,0,8,21,1,3,11,7,1,0,0,2,0,5,7,1,2,9,16,8,3,5,18,3,0,4,37,39,30,0,0,13,0,0,0,24,0,0,10,45,15,3,5,4,14,5,10,8,6,2,6,4,10,1,7,10,16,1,3,2,11,15,9,16,10,15,22,14,23,4,22,17,7,1,7,2,9,6,19,7,0,122,0,0,2,12,0,0,9,10,1,36,0,0,14,0,0,4,39,8,6,0,0,46,6,1,50,5,5,1,14,6,4,0,10,11,0,28,2,2,54,21,0,11,0,0,222,5,18,0,1,4,6,0,0,3,105,4,0,4,5,8,0,9,0,62,0,12,0,19,0,13,0,11,3,7,0,6,2,15,0,15,0,0,2,22,1,0,2,6,2,0,16,0,0,0,15,0,0,0,19,0,4,0,3,1,4,62,0,5,0,1,114,43,17,360,9,3,0,34,6,39,5,113,6,21,16,61,11,57,0,0,0,5,2,9,1,140,17,29,3,55,0,87,8,27,0,8,3,7,89,4,0,3,5,42,18,0,23,7,3,34,2,59,3,5,0,13,2,1,50,6,4,71,0,51,4,4,18,5,9,0,1,2,42,0,34,7,0,0,0,0,0,0,0,0,105,2,3,0,29,40,18,49,9,18,0,17,71,13,3,29,18,12,5,6,6,3,1,73,10,13,0,14,17,19,1,13,5,0,33,26,0,2,85,3,4,2,4,56,0,0,15,20,8,4,27,1,13,2,67,9,0,3,76,6,10,1,15,1,3,3,4,30,9,7,2,4,3,2,1,100,10,15,1,22,19,8,6,7,4,9,12,9,16,28,9,7,15,8,4,7,17,24,17
d__Eukaryota;p__Euglenozoa,15,19,11,14,8,3,29,17,2,8,8,12,10,19,16,6,8,6,17,2,3,4,12,9,7,17,6,5,4,10,9,0,2,4,9,4,2,7,13,0,1,22,19,4,0,12,16,4,4,11,10,2,2,8,11,20,6,9,18,5,7,11,13,18,10,14,18,6,6,5,16,11,11,5,7,15,10,1,24,12,4,41,101,43,0,54,44,15,37,2,63,1,8,7,25,4,18,0,42,10,3,27,10,0,4,34,0,10,6,8,2,11,24,48,3,18,18,47,2,73,13,20,19,2,198,27,1,28,11,47,1,12,44,13,40,10,38,7,64,31,13,0,29,33,36,3,35,12,39,22,7,121,11,8,0,60,10,150,30,201,3,62,3,23,7,3,55,14,9,5,12,9,8,3,6,11,10,8,16,22,24,24,25,21,35,28,22,31,14,33,30,19,9,15,15,24,15,23,43,76,180,0,77,15,23,13,29,49,94,1,78,8,0,11,3,0,3,2,3,48,0,32,82,23,7,11,0,9,11,27,14,4,20,199,1,84,74,11,10,50,43,9,52,9,5,111,10,60,29,51,15,5,0,59,8,115,63,74,184,32,5,13,33,12,41,23,29,37,32,3,193,1,27,14,56,13,193,32,17,17,20,14,52,26,83,9,47,23,225,8,17,119,21,40,26,39,17,42,13,27,0,6,23,9,18,7,60,0,32,17,6,8,27,9,111,43,5,64,9,8,6,33,11,14,101,25,51,13,26,0,44,1,5,33,41,15,65,2,78,4,17,5,18,0,42,11,98,6,14,130,28,23,29,4,36,53,6,27,0,33,239,58,276,116,12,20,37,30,14,11,8,61,15,18,49,13,6,16,10,4,4,1,3,22,19,21,9,9,8,24,39,6,13,7,2,188,287,32,4,31,161,11,261,77,150,6,63,148,16,23,132,54,8,11,25,23,50,5,217,56,39,2,62,54,17,4,29,7,8,89,59,40,3,155,27,21,24,16,7,34,5,46,53,26,7,119,67,4,2,121,64,41,36,135,20,34,9,81,26,10,28,24,111,70,34,11,207,41,30,18,112,20,22,47,193,26,11,0,38,15,11,66,30,21,17,20,16,45,12,17,9,33,25,21
d__Eukaryota;p__Amoebozoa,1,34,1,1,1,3,0,3,5,0,0,1,2,0,0,0,2,0,2,1,2,0,2,0,47,0,1,0,4,0,4,1,39,1,5,0,9,0,2,3,18,2,2,0,1,1,0,0,26,0,0,0,5,1,0,0,1,0,2,0,8,1,1,0,0,0,2,0,2,0,0,0,1,7,0,2,0,0,4,1,0,133,186,4,15,62,356,33,72,5,29,3,70,8,33,2,129,8,18,7,41,24,90,4,15,162,8,23,10,53,10,45,26,31,4,61,9,81,4,70,13,103,24,34,365,12,10,45,15,65,13,12,73,23,116,35,39,28,77,17,33,7,78,19,35,13,12,81,24,13,8,83,16,44,16,139,8,90,22,181,38,43,26,57,23,52,128,73,37,68,26,38,16,39,43,27,12,18,75,9,2,6,1,4,25,0,3,1,3,13,38,5,1,3,1,4,4,1,2,127,31,14,40,21,52,18,11,14,25,7,12,20,0,12,5,7,72,12,26,405,38,15,17,5,31,26,53,23,14,559,4,28,10,90,7,40,13,19,12,8,21,12,53,26,14,116,13,20,16,15,62,12,33,34,8,90,35,134,71,168,164,9,52,9,91,2,42,8,141,15,64,30,27,83,207,34,186,3,62,43,121,9,70,11,71,2,147,19,34,12,10,102,1,253,29,132,30,32,10,17,27,39,14,180,249,27,50,60,126,1,119,12,32,11,52,16,9,10,64,9,60,5,101,17,107,23,176,24,51,2,80,6,38,9,71,11,83,7,206,44,41,240,0,8,15,7,270,9,11,34,94,22,8,3,23,68,64,19,0,42,34,48,178,8,62,19,22,21,111,7,624,3,146,9,273,17,11,20,24,12,2,5,51,73,13,81,3,9,16,27,52,25,3,10,20,3,525,46,2,0,408,93,19,54,55,5,3,381,27,5,7,16,40,0,6,19,62,16,3,21,54,2,5,12,173,1,21,39,6,2,32,35,2,3,36,44,5,0,37,13,1,3,14,10,11,11,33,103,1,2,16,98,7,10,12,118,1,6,44,20,2,2,35,168,63,7,0,51,53,0,14,32,222,4,190,23,19,25,167,7,20,207,52,4,33,22,41,49,157,37,66,43,31,85
d__Eukaryota;p__Rigifilida,0,0,0,0,0,0,0,1,0,0,0,0,0,0,0,0,0,0,0,0,0,0,0,0,0,0,0,0,0,0,0,0,0,0,0,0,0,0,0,0,0,0,0,0,0,0,0,0,0,0,0,0,0,0,0,0,0,0,0,0,0,0,0,0,2,0,0,0,0,0,0,0,0,0,0,0,0,0,0,0,0,0,0,0,0,4,0,2,14,0,0,0,0,0,3,0,1,0,0,0,0,1,6,0,0,0,0,0,0,2,0,0,0,0,0,1,0,0,0,0,0,2,0,0,0,0,0,4,0,0,0,0,0,0,1,2,0,0,0,1,0,0,0,1,0,0,0,0,0,0,0,0,0,1,0,0,0,1,0,33,0,2,0,0,0,0,17,0,0,0,0,0,0,0,0,0,0,0,0,0,0,0,0,0,0,0,0,0,0,0,0,0,0,0,0,0,0,0,0,0,0,0,0,0,0,0,0,1,0,0,4,0,0,3,0,0,0,0,0,0,0,1,0,0,2,0,0,0,0,0,2,0,0,0,0,0,0,0,1,0,0,0,0,0,0,3,0,0,0,1,0,1,2,0,0,0,0,0,2,2,1,0,3,0,0,0,0,0,0,0,2,0,3,0,0,0,0,0,0,0,0,0,0,0,0,0,0,0,2,0,0,0,0,0,0,0,0,0,0,0,0,0,0,0,1,0,0,0,7,0,6,5,0,0,0,1,0,0,0,0,0,0,0,0,0,0,0,0,0,0,0,0,0,0,1,0,0,0,0,0,0,0,0,0,0,0,0,0,0,0,0,0,0,0,0,0,0,0,0,0,0,0,1,6,0,0,0,0,0,0,0,1,0,0,0,0,0,0,0,10,0,0,0,0,12,0,2,2,0,0,0,0,0,0,0,0,0,1,0,0,0,2,0,2,1,0,0,0,3,0,0,0,5,1,0,0,4,0,0,0,1,0,0,0,0,0,0,4,0,2,0,2,1,0,2,5,1,0,0,0,0,0,0,0,2,0,0,4,0,0,0,4,4,0,0,14,0,0,0,2,0,2,10,0,8,0,0,0,0,0,0,1,10,0,0,0,0,0,0,0,0,0,0,0,0,0,0,0,0,0,0,0,0,0
d__Eukaryota;p__Holozoa,4,254,5,6,5,342,5,5,155,7,5,6,66,8,7,23,211,4,14,18,221,6,10,7,162,1,6,10,198,2,26,13,81,7,10,9,50,4,5,9,107,9,2,13,58,1,4,17,93,6,8,7,54,8,3,20,76,5,5,20,138,6,7,9,253,7,9,15,19,317,3,6,12,250,5,6,8,232,6,11,13,13,1,0,5,3,29,0,149,2,0,4,304,45,16,31,443,3,0,8,40,4,4,7,2,3,6,167,0,1,4,21,13,0,8,47,0,0,13,145,3,1,12,175,120,0,18,46,2,2,8,5,0,9,60,109,0,18,226,9,0,10,81,20,0,18,10,41,60,0,14,302,2,2,4,442,2,2,16,18,5,6,2,6,4,13,1,4,0,15,1,10,1,7,3,0,1,5,3,0,4,0,5,5,21,6,5,9,9,3,6,9,8,5,6,9,5,9,4,0,19,0,8,22,32,3,77,21,5,5,1,10,0,112,3,9,88,0,6,10,12,6,0,4,0,0,10,4,1,5,0,5,4,18,1,5,9,3,2,0,8,2,0,4,14,0,8,5,50,2,2,23,9,2,6,26,3,0,2,5,5,8,20,4,47,2,32,3,13,1,17,2,58,4,3,3,4,4,3,3,1,0,1,49,203,3,0,9,44,2,3,8,7,5,0,67,2,2,25,1,0,0,59,0,8,6,0,0,0,40,77,23,11,8,51,4,6,0,215,1,5,3,4,0,2,1,4,2,1,31,0,0,0,0,0,1,225,1,8,11,1,16,0,0,2,1,0,0,0,26,1,1,1,16,9,4,2,0,0,1,3,33,0,3,0,14,1,0,3,18,14,2,51,45,0,7,4,6,19,5,1,1,11,5,2,5,1,1037,2,15,9,2,2,1,0,247,0,8,0,1014,32,12,194,5,32,0,123,59,34,0,88,2,7,0,1642,0,32,0,40,2,24,0,495,4,15,0,0,10,1,64,3,8,3,161,0,32,0,52,55,15,1,541,7,37,0,41,26,6,0,26,4,1,5,54,1,37,2,154,34,18,1,4,117,72,7,0,80,4,41,0,241,8,4,6,29,2,14,1,70,1,5,19,13,11,3,6,3,4,7,2,3,5,4,0
d__Eukaryota;p__Protalveolata,17,18,3,11,14,12,13,34,25,8,27,9,13,7,27,8,18,5,27,17,22,4,13,10,8,3,19,16,15,7,9,23,20,6,21,7,11,2,25,11,11,8,40,10,17,11,42,15,11,0,18,17,9,4,16,17,21,3,15,16,31,2,18,25,23,2,31,24,12,16,6,28,10,20,10,39,7,13,5,30,18,0,0,8,0,0,0,30,0,0,0,0,0,0,17,0,0,0,6,0,0,0,0,0,0,0,0,23,0,0,0,0,0,0,0,0,0,0,0,0,0,0,0,0,0,1,0,0,0,0,0,0,0,0,0,20,7,13,0,0,0,0,0,0,0,8,15,0,1,3,0,0,0,9,0,0,0,1,19,0,0,1,3,0,0,2,158,0,4,0,0,0,3,0,0,0,0,0,0,55,38,52,25,72,51,31,48,28,54,70,9,29,24,36,27,40,29,60,50,0,0,0,0,0,0,0,0,0,0,0,0,0,0,0,0,0,0,0,0,0,0,0,8,0,0,0,0,0,0,0,0,0,0,0,0,0,0,0,0,0,2,0,0,0,0,0,0,0,0,0,0,0,0,0,0,0,0,0,3,0,0,0,0,0,0,128,0,0,0,0,0,0,0,8,0,0,0,0,0,0,0,1,0,0,0,0,0,0,0,0,0,0,0,0,0,0,0,0,0,0,0,0,0,0,0,1,0,0,0,0,8,0,0,0,0,0,0,0,0,0,0,0,0,0,0,0,0,0,0,0,0,0,0,0,0,0,0,0,0,0,0,0,22,0,0,0,0,0,0,0,0,0,0,0,0,0,0,0,0,0,0,0,0,0,0,0,0,0,0,0,0,0,0,0,0,0,0,0,0,1,0,0,0,0,0,0,0,0,0,0,0,0,0,0,0,0,0,11,0,2,0,6,0,3,12,0,0,0,22,0,0,0,3,0,0,0,6,0,0,11,9,0,5,7,3,0,8,12,0,0,3,9,0,0,1,8,0,0,0,9,0,0,8,21,0,0,5,29,0,0,5,32,22,3,5,0,0,1,3,1,1,11,0,1,5,0,0,0,1,2,0,9,29,14,5,0,0,0,0,0,0,0,0,41,1,0,0,0,1,0,12,3,0,0
d__Eukaryota;p__Phragmoplastophyta,4,0,5,9,1,13,5,4,17,7,11,5,2,3,1,5,3,2,5,1,0,4,6,12,3,1,1,8,6,6,3,9,2,2,5,8,1,8,1,4,2,4,2,4,1,17,8,5,0,8,3,1,6,3,2,2,8,4,5,5,2,7,6,4,3,7,1,4,0,1,4,1,4,1,3,1,0,2,4,0,3,0,0,0,0,0,1,0,197,0,0,5,0,0,6,1,0,3,0,10,0,15,0,4,0,0,2,3,1,6,2,0,1,0,4,0,7,1,1,0,0,0,3,0,190,0,2,0,2,0,14,0,0,1,0,0,0,1,9,8,0,3,0,1,3,7,0,57,0,26,0,683,0,8,7,0,0,0,7,1,2,0,4,0,0,5,0,2,0,5,0,0,0,0,0,0,0,0,0,8,13,0,17,3,9,8,8,6,11,9,5,6,9,4,16,8,8,19,17,0,1,24,0,2,0,3,0,12,1,0,2,7,1649,14,7,60,21,22,5,21,39,0,0,20,0,0,4,3,7,0,0,20,4,0,12,0,0,22,2,0,3,2,0,7,0,15,2,8,0,0,8,5,14,11,0,1,0,1,0,0,0,1,0,0,0,9,0,0,1,0,0,0,0,0,4,1,0,0,0,3,0,0,0,0,0,0,0,3,0,0,1,0,0,0,0,0,0,3,0,1,34,0,1,16,4,12,2,0,0,0,0,0,0,24,0,6,1,2,3,14,0,0,0,79,0,3,0,26,0,79,0,23,0,4,0,3,1,5,0,14,0,0,0,38,0,0,0,63,0,0,0,16,0,0,0,1,3,8,3,63,3,0,13,0,0,0,0,14,2,10,2,9,4,0,2,0,1,36,23,18,0,0,0,1,7,0,2,1,1,6,3,2,0,5,2,0,0,0,0,0,0,0,0,0,1,0,5,0,2,0,0,0,4,2,0,1,3,0,0,0,2,0,0,10,13,0,5,1,0,0,5,0,0,1,0,0,0,0,2,1,0,0,5,4,2,1,3,8,0,0,13,3,1,0,6,0,0,2,1,0,0,0,4,2,0,0,0,2,3,0,0,3,15,0,0,0,0,1,0,0,0,1,0,4,0,0,0,0,1,0,0,1,0,1
d__Eukaryota;p__Haptophyta,0,0,10,0,0,0,12,0,0,25,0,0,0,25,0,1,0,30,0,0,0,18,0,1,0,15,0,1,0,26,0,1,0,26,0,1,0,20,0,3,0,24,0,0,0,14,0,2,0,23,0,0,0,29,0,4,0,22,0,0,0,16,0,1,0,13,0,0,1,0,25,0,0,0,24,0,2,0,28,0,0,0,0,0,16,0,0,0,0,0,0,5,0,0,0,17,0,0,0,0,0,1,0,0,0,0,16,0,0,0,11,0,10,0,5,0,0,0,32,0,0,0,8,0,0,0,14,0,4,0,15,0,0,32,0,0,0,6,0,0,0,2,0,1,0,1,8,0,0,0,5,0,0,0,2,0,0,0,7,0,0,0,2,0,0,0,0,0,0,0,0,0,0,0,0,0,0,0,0,2,0,4,1,0,0,0,0,0,0,0,0,0,0,0,0,0,0,0,0,0,0,1,0,0,0,14,0,0,28,0,0,0,0,0,24,0,0,23,0,0,21,0,0,18,0,0,151,0,37,0,0,8,6,0,35,0,0,15,0,0,43,4,0,48,0,0,0,24,0,0,19,0,0,0,0,0,1,0,0,0,0,3,0,0,0,0,0,0,0,0,0,0,0,0,0,0,0,0,0,0,0,0,0,0,0,0,0,1,0,0,0,0,0,0,0,0,0,0,0,0,0,0,0,0,0,0,0,158,0,0,0,0,0,0,0,168,0,0,0,0,0,0,0,0,0,0,0,0,0,0,0,0,0,0,0,7,0,0,0,1,0,0,0,1,0,0,0,0,0,0,0,3,0,0,0,1,0,0,0,1,0,0,0,0,0,8,0,225,0,0,0,1,0,0,0,13,0,2,0,0,0,0,0,0,0,0,0,0,0,0,0,0,0,0,0,0,0,0,1,0,0,0,0,1,0,0,0,0,0,0,0,3,0,2,0,3,0,2,0,3,0,0,0,9,0,2,3,0,0,0,1,0,0,0,4,0,0,0,4,0,0,0,1,0,1,0,4,0,0,0,0,0,0,0,0,0,1,0,12,0,0,0,0,1,0,0,0,10,0,0,0,4,0,0,0,0,0,0,0,2,0,0,0,0,0,0,0,0,0,0,0,0,0,0
d__Eukaryota;p__Prymnesiophyceae,2,6,12,4,0,9,25,25,55,13,9,1,7,23,10,0,8,1,15,0,3,16,9,0,4,6,5,0,9,13,10,0,4,16,3,0,31,0,16,0,5,5,12,6,3,14,18,0,6,1,4,0,1,5,20,0,9,11,9,0,5,27,4,0,2,26,4,0,0,3,29,20,5,4,10,17,0,6,23,3,0,0,0,493,16,0,0,70,0,0,1872,9,0,0,168,151,0,0,1370,132,0,0,580,9,1,32,185,0,0,1957,2,0,0,85,44,0,0,3,2,7,0,1170,2,4,0,732,10,0,4,1802,35,0,681,292,0,0,0,18,0,1,1433,128,0,0,640,51,23,0,4,629,124,0,0,1213,117,0,0,86,9,0,0,0,0,0,2,0,2,11,0,3,5,0,0,20,0,0,0,0,0,0,1,22,0,0,0,1,0,0,1,7,5,2,0,0,1,0,0,0,0,0,0,0,0,0,0,0,36,30,0,0,0,5,6,0,0,0,0,0,0,0,1,26,17,332,0,4,10,0,0,4,0,46,21,0,754,0,14,857,0,0,157,0,0,797,0,5,285,208,0,167,0,0,0,0,2,66,36,0,3,0,0,13,0,17,23,361,49,4,329,0,0,14,81,0,6,0,18,427,19,0,0,0,0,7,0,293,0,1058,4,320,841,0,96,7,365,0,7,0,1,67,0,0,7,1001,0,579,0,0,0,1056,1010,0,3,569,17,14,667,4,0,0,127,8,0,0,5,0,1804,0,147,9,777,0,0,0,67,13,62,176,32,15,58,0,226,0,6,8,895,0,0,29,0,52,21,1307,0,577,0,171,0,11,0,7,27,398,0,0,1148,861,0,20,0,16,0,16,455,195,6,0,11,357,0,4,3,3,0,0,0,0,0,730,0,0,0,0,0,0,0,28,1,0,0,1,0,0,22,0,0,2,14,0,0,7,1,0,0,4,3,0,0,13,6,0,0,5,0,0,8,6,0,0,0,8,0,0,1,40,0,2,10,10,0,0,1,3,0,0,0,0,0,0,0,0,4,0,0,20,0,0,4,11,0,2,0,0,0,0,0,0,0,0,0,0,1,4,0,0,0,0,0,0,0,0,0,0,0,0,0,0,0,0,0,0,0,0
d__Eukaryota;p__MAST-2,13,11,9,18,12,6,10,11,7,7,10,8,4,6,22,10,4,6,14,8,1,3,17,18,4,3,6,10,11,8,13,17,1,5,17,12,12,10,12,15,7,7,16,12,6,7,12,17,6,10,13,5,6,4,11,8,10,2,7,15,8,10,14,14,4,6,12,7,21,9,11,15,12,11,8,13,15,4,7,20,15,0,0,82,0,108,0,0,0,0,0,0,18,0,8,0,0,0,0,15,0,0,0,0,0,7,0,67,0,0,0,0,0,0,0,0,0,1,0,0,0,0,0,0,0,0,0,0,0,0,0,0,17,0,0,0,24,10,0,0,0,0,0,0,0,14,3,0,0,0,0,0,0,0,0,0,0,0,4,0,0,0,0,0,0,0,0,0,0,0,0,0,0,0,0,0,0,0,0,3,12,13,19,6,7,4,3,10,4,9,2,6,4,8,4,5,4,11,9,0,7,0,0,0,0,0,0,61,0,0,0,2,0,0,0,0,0,0,0,0,0,0,0,0,0,6,0,0,0,0,0,0,0,0,0,0,0,0,0,58,0,0,0,0,0,0,0,0,0,0,0,0,0,0,0,0,7,0,0,0,0,0,21,0,0,0,0,0,0,0,1,0,0,0,0,0,0,0,0,0,0,0,0,0,0,0,0,0,0,0,0,0,0,4,0,0,0,0,0,0,0,0,0,0,0,0,0,0,0,0,44,0,0,0,0,0,0,0,0,0,0,0,0,0,0,0,0,0,0,0,0,0,0,0,12,0,0,0,0,0,0,0,0,0,0,0,0,0,0,0,0,0,0,0,7,3,0,0,0,0,0,0,0,0,0,0,0,0,0,0,0,0,0,0,0,46,0,0,0,0,0,0,0,0,0,0,0,0,0,0,0,0,0,0,0,0,0,9,0,1,0,0,0,0,0,0,0,0,0,0,0,0,0,1,0,0,0,0,0,0,4,0,3,0,0,0,0,2,0,0,0,0,0,0,0,0,0,18,0,0,0,0,0,0,0,0,0,3,0,0,0,5,7,0,0,0,0,0,0,0,4,4,0,0,0,0,2,0,0,0,0,0,0,7,0,0,0,0,0,0,0,0,0,6,0,0,0,0,0,0,0,0,0,0
d__Eukaryota;p__Heterolobosea,0,0,0,2,0,0,1,2,0,0,0,0,0,0,0,0,0,0,0,0,2,0,0,0,0,0,0,0,0,0,0,0,0,0,0,0,0,0,0,0,0,0,0,0,0,0,0,0,0,0,0,0,4,0,0,0,0,0,0,0,0,0,0,0,0,0,1,0,0,1,0,2,0,0,0,0,0,2,0,0,0,6,4,0,0,0,0,1,25,0,0,0,6,0,0,0,3,0,0,0,8,2,4,0,0,3,0,11,0,4,0,2,0,4,0,17,0,0,0,8,0,0,0,7,0,0,0,6,0,2,0,0,0,0,8,0,3,0,28,0,0,0,3,0,3,5,0,3,0,3,0,3,0,0,0,4,0,0,0,0,0,0,0,0,0,0,1,0,2,0,0,0,3,0,0,0,3,0,0,0,0,0,0,0,0,0,0,0,0,0,10,0,0,2,0,0,0,0,0,7,0,0,0,0,0,0,0,1,0,0,0,0,0,0,0,0,8,0,0,0,0,0,3,0,0,0,0,0,0,0,0,0,0,0,0,4,0,0,0,11,0,0,0,0,0,2,4,0,0,0,0,0,0,0,0,2,0,0,4,0,16,0,2,4,0,0,1,0,6,0,1,0,4,2,0,0,0,0,4,0,0,0,0,0,3,1,0,0,1,0,1,5,0,2,0,1,0,0,0,0,0,0,0,0,3,0,0,0,0,0,0,0,1,0,0,0,1,0,0,0,0,0,2,0,1,0,14,0,0,0,0,0,0,0,0,0,0,0,0,0,7,0,0,0,0,0,0,0,0,0,0,0,0,0,8,0,0,0,0,0,3,0,0,0,0,0,0,0,0,0,0,0,0,0,0,0,1,2,0,0,0,0,0,0,0,0,0,0,0,0,0,0,9,0,1,16,7,1,0,93,0,16,708,0,14,0,359,18,25,0,346,0,2,0,96,0,15,0,254,0,24,2,219,0,4,0,0,1,0,222,0,1,0,347,0,2,2,73,2,7,0,72,0,88,0,341,18,1,0,312,0,30,4,358,0,2,0,126,1,1,2,0,109,23,22,0,66,0,6,0,249,0,12,0,26,0,3,0,4,1,0,7,1,0,0,4,0,4,5,1,0,3,0,2
d__Eukaryota;p__Protosporangiida,0,0,0,0,0,0,0,0,0,0,0,0,0,0,0,0,0,0,0,0,0,0,0,0,0,0,0,1,0,0,0,0,0,0,0,0,0,0,0,0,0,0,0,0,0,0,0,0,0,0,0,0,0,0,0,0,0,0,0,0,0,0,0,0,0,0,0,0,0,0,0,0,0,0,0,0,0,0,0,0,0,0,0,0,0,0,0,0,0,0,0,0,1,0,0,0,0,0,0,0,0,0,0,0,0,0,0,0,0,0,0,0,0,0,0,0,0,0,0,0,0,0,0,0,0,0,0,0,0,0,0,0,0,0,0,0,0,0,0,0,0,0,0,0,0,0,0,0,0,0,0,0,0,0,0,0,0,0,0,0,0,0,0,0,0,0,0,0,0,0,0,0,0,0,0,0,0,0,0,0,0,0,0,0,0,0,0,0,0,0,0,0,0,0,0,0,0,0,0,0,0,0,0,0,0,0,0,0,0,0,0,0,0,0,0,0,0,0,0,0,0,0,0,0,0,0,0,1,0,0,0,0,0,0,0,0,0,0,1,0,0,1,0,0,0,0,0,0,0,0,0,0,0,0,0,0,0,0,0,0,0,0,0,0,0,0,0,0,0,0,0,0,0,0,0,0,0,0,0,0,0,0,5,0,0,0,0,0,0,0,0,0,0,0,0,0,0,0,0,0,0,0,0,0,1,0,0,0,0,0,0,0,0,0,0,0,0,0,0,0,0,0,0,0,0,0,0,0,0,0,0,0,0,0,0,0,0,0,0,0,0,0,0,0,0,0,0,0,0,0,0,0,0,0,0,0,0,0,0,0,0,0,0,0,0,0,0,0,0,2,0,0,0,2,0,0,0,0,0,0,0,0,0,0,0,0,0,0,0,0,0,0,0,0,0,0,0,0,0,0,0,0,0,0,0,0,0,0,0,0,0,0,0,0,0,0,0,0,0,0,0,0,0,0,0,0,0,0,0,0,0,0,0,0,0,0,0,0,0,0,0,0,0,0,0,0,0,0,0,0,0,0,0,0,0,0,0,0,0,0,0,0,0,0,0,0,0,0,0,0,0,5,0,0,0,0,0,0,0,0,0,0,0,0,0,0,0,0,0,0,0,0,0,0
d__Eukaryota;p__Centrohelida,0,0,3,3,11,0,2,1,0,4,0,13,0,10,3,13,0,3,7,9,0,3,3,20,0,3,4,16,0,3,0,21,0,3,3,15,0,6,2,12,0,8,2,14,0,0,1,25,0,6,2,11,0,7,2,22,0,2,5,11,0,7,2,14,0,2,2,13,17,0,3,2,24,3,3,4,12,2,2,1,22,2,23,5,1,6,14,11,33,8,2,1,30,7,13,7,8,14,4,21,21,16,9,1,12,47,0,19,11,0,0,6,16,0,1,10,6,2,6,18,17,3,23,15,36,0,0,10,0,7,0,6,3,14,9,7,2,36,9,16,9,4,10,11,9,62,33,3,59,0,15,13,22,4,21,17,7,13,56,0,0,3,5,0,1,0,0,9,1,3,1,2,3,0,3,2,2,0,0,1,1,5,0,6,7,8,5,10,7,4,19,0,18,10,4,5,7,4,5,28,0,0,1,1,0,0,6,7,7,4,4,20,2,1,0,14,0,0,4,0,3,3,0,0,7,5,4,3,3,494,0,0,0,0,2,4,0,1,2,0,26,9,1,0,10,9,9,45,13,0,9,5,0,19,6,5,108,8,0,5,25,0,18,5,3,0,29,2,12,0,5,0,2,0,16,2,32,4,13,0,12,1,10,0,1,1,0,0,3,6,0,2,0,128,1,5,4,0,15,0,0,0,0,4,16,1,0,12,13,0,0,5,1,0,0,15,1,5,1,0,4,3,0,0,7,8,0,10,2,0,0,0,60,0,0,0,11,0,0,9,3,526,1,1,0,0,0,0,27,0,0,1,0,0,40,50,6,1,0,3,2,5,22,5,0,10,0,0,20,3,0,2,3,5,0,36,0,0,7,15,0,0,0,59,3,10,4,0,2,2,42,0,7,0,25,4,45,7,8,0,85,18,1,44,10,3,3,19,11,12,0,33,12,21,0,28,21,3,1,44,15,5,4,21,5,4,14,5,3,0,32,3,7,1,33,13,20,0,2,9,5,0,40,15,4,0,39,34,17,0,38,13,11,2,23,15,12,0,23,14,21,12,0,12,15,22,0,27,3,21,2,54,60,17,1,7,2,3,4,0,15,0,5,12,9,20,15,46,19,9,24,43,18,7
d__Eukaryota;p__Nucleariidae_and_Fonticula_group,1,4,0,0,0,3,0,1,0,0,0,0,0,0,0,0,0,0,0,0,0,0,0,0,5,0,0,0,0,0,0,0,1,0,0,0,0,0,0,0,1,0,0,0,0,0,0,0,0,0,0,0,0,0,0,1,0,0,0,0,0,0,0,0,0,0,1,1,0,0,0,0,3,0,0,0,0,0,0,4,1,82,9,3,0,0,6,5,21,0,0,1,0,6,0,0,8,0,2,4,1,0,6,0,0,31,0,0,2,4,0,9,1,3,0,12,0,0,0,6,1,1,0,0,0,0,0,18,0,0,0,1,2,2,2,2,7,0,1,0,0,1,2,0,0,3,0,0,3,0,0,0,0,0,0,2,2,2,0,0,4,0,0,0,1,0,0,2,0,7,0,1,0,2,0,0,0,0,0,0,0,0,0,0,0,0,0,0,0,0,1,0,0,0,0,0,0,0,0,8,3,0,1,0,0,7,0,0,0,0,0,13,0,3,7,0,9,2,0,0,9,1,79,7,0,13,3,3,0,0,0,16,0,0,6,0,0,17,0,10,0,0,0,4,2,3,3,0,0,6,0,0,0,10,3,0,14,26,0,12,1,0,0,0,5,8,17,1,8,3,1,0,3,0,12,0,49,0,3,138,47,0,2,0,12,0,15,0,1,0,5,2,0,17,0,1,3,65,0,0,0,0,1,0,1,2,0,0,3,0,2,0,1,0,0,0,5,0,0,0,5,4,44,15,0,0,0,0,4,0,32,3,9,1,5,0,0,1,0,3,23,0,0,8,12,0,0,4,0,0,0,1,10,0,8,0,0,0,0,7,0,2,6,0,0,0,0,0,11,0,0,0,0,3,0,11,0,4,7,4,3,0,0,4,0,119,0,0,0,5,0,1,0,0,3,0,2,12,0,0,17,13,1,2,12,0,0,7,6,0,2,0,4,2,2,0,12,0,0,2,16,0,0,0,20,0,0,9,2,3,0,10,2,0,2,6,2,0,0,7,1,1,0,18,2,0,4,21,0,0,1,4,5,0,1,19,2,1,1,6,2,3,1,5,8,2,0,0,12,1,0,4,17,0,4,5,0,4,5,0,0,1,1,0,1,1,2,2,4,3,0,0,2,4
d__Eukaryota;p__MAST-3,0,0,2,0,0,0,1,0,0,0,0,0,0,0,0,0,0,1,0,0,0,0,0,0,0,0,0,0,0,0,0,0,0,0,0,3,0,0,0,0,0,0,0,0,0,0,0,0,0,0,0,0,0,0,0,0,0,0,0,0,0,0,0,0,0,1,0,0,0,0,1,0,0,0,0,0,0,0,1,0,0,0,0,0,0,0,0,0,0,0,0,0,0,0,0,0,0,0,0,0,0,0,0,0,0,0,0,0,0,0,0,0,0,0,0,0,0,0,0,0,0,0,0,0,0,0,0,0,0,0,0,0,0,0,0,0,0,0,0,0,0,0,0,0,0,0,0,0,0,0,0,0,0,0,0,0,0,0,0,0,0,0,0,0,0,0,0,0,0,0,0,0,0,0,0,0,0,0,0,0,0,0,0,0,0,0,0,0,0,0,0,0,0,0,0,0,0,0,0,0,0,0,0,0,0,0,0,0,0,0,0,0,0,0,0,0,0,0,0,0,0,0,0,0,0,0,0,0,0,0,0,0,0,0,0,0,0,0,0,0,0,0,0,0,0,0,0,0,0,0,0,0,0,0,0,0,0,0,0,0,0,0,0,0,0,0,0,0,0,0,0,0,0,0,0,0,0,0,0,0,0,0,0,0,0,0,0,0,0,0,0,0,0,0,0,0,0,0,0,0,0,0,0,0,0,0,0,0,0,0,0,0,0,0,0,0,0,0,0,0,0,0,0,0,0,0,0,0,0,0,0,0,0,0,0,0,0,0,0,0,0,0,0,0,0,0,0,0,0,0,0,0,0,0,0,0,0,0,0,0,0,0,0,0,0,0,0,0,0,0,0,0,0,0,0,0,0,0,0,0,0,0,0,0,0,0,0,0,0,0,0,0,0,0,0,0,0,0,0,0,0,0,0,0,0,0,0,0,0,0,0,0,0,0,0,0,1,0,0,0,0,0,0,0,0,0,0,0,0,0,0,0,0,0,0,0,1,0,0,0,0,0,0,0,0,0,2,0,0,0,0,0,0,0,1,0,0,0,0,0,0,0,0,0,0,0,0,0,0,0,0,0,0,0,0,0,0,0,0,0,0,0,0,0,0,0,0,0,0,0,0,0,0,0
d__Eukaryota;p__Apusomonadidae,0,0,0,0,0,0,0,0,0,0,0,0,0,0,0,1,0,0,0,0,0,0,0,2,0,1,0,0,0,0,0,0,0,0,0,3,0,0,0,2,0,0,0,0,0,0,0,0,0,0,0,1,0,0,0,2,0,0,0,0,0,0,0,5,0,0,0,1,4,0,0,0,4,0,1,0,0,0,0,0,0,0,0,0,1,0,0,0,0,3,0,1,0,0,0,0,0,0,0,0,0,2,0,4,0,0,1,0,0,0,0,0,0,0,0,0,0,0,2,0,0,0,0,0,0,0,2,0,0,0,0,0,0,0,0,0,0,1,0,0,0,0,0,0,0,0,0,0,0,0,3,0,0,0,0,0,0,0,0,0,0,0,0,0,0,0,0,0,0,0,0,0,0,0,0,9,0,0,3,0,0,0,0,0,0,0,0,0,0,0,5,0,0,0,1,0,0,1,0,0,0,0,0,0,0,0,0,0,0,0,0,0,0,0,0,0,0,0,0,0,0,0,0,0,0,0,0,0,0,0,0,0,0,0,0,0,0,0,1,0,0,1,0,0,0,0,0,0,0,0,0,0,0,0,0,0,0,0,0,0,0,0,0,0,0,0,0,0,0,0,0,0,0,0,0,0,0,0,0,0,0,0,0,0,0,0,0,0,0,0,1,0,0,0,0,0,0,0,0,0,0,0,0,0,0,0,0,0,0,0,0,0,0,0,0,0,0,0,0,0,0,0,0,0,0,0,0,0,0,0,0,0,0,0,0,0,0,0,0,0,0,0,0,0,0,0,0,0,0,0,0,0,0,0,0,0,0,0,0,0,0,0,0,0,0,0,0,0,0,0,0,0,0,0,0,0,0,0,0,0,0,0,0,0,0,0,0,0,0,0,0,0,0,0,0,0,0,0,11,0,0,0,0,1,0,10,0,0,0,7,0,1,0,9,0,0,0,13,0,0,0,6,0,2,0,3,1,0,30,0,3,0,11,0,2,0,16,0,0,0,6,0,0,0,4,0,0,0,9,0,0,0,28,0,1,0,14,0,0,0,12,15,0,0,0,8,0,3,0,9,0,0,0,6,0,0,0,0,0,0,1,0,2,2,0,0,0,12,0,0,3,1,0,4
d__Eukaryota;p__Gracilipodida,0,0,0,0,0,17,0,0,0,0,0,0,0,0,0,0,0,0,0,0,0,0,0,0,49,0,0,0,0,0,0,0,0,0,2,0,0,0,0,0,22,0,0,0,0,0,0,0,21,2,0,0,3,0,0,0,0,0,0,0,5,0,0,0,0,0,0,0,0,0,0,0,0,14,0,0,0,3,0,0,0,1,0,0,0,11,2,0,0,0,0,0,0,0,0,0,0,0,0,0,0,0,0,0,0,1,0,0,0,0,0,3,0,0,0,2,0,0,0,17,0,2,0,0,3,0,0,2,0,2,0,0,0,0,2,0,0,0,0,0,0,0,0,0,0,0,0,0,0,0,0,0,0,0,0,3,0,0,0,0,0,0,0,0,0,0,0,0,0,0,0,0,0,0,0,0,0,0,0,0,0,0,0,0,0,0,0,0,0,0,0,4,0,0,0,0,0,0,0,0,0,0,0,0,0,0,0,0,0,0,0,0,0,0,0,0,0,0,0,0,0,0,0,0,0,0,0,0,0,4,0,0,0,0,0,0,0,0,0,0,0,0,0,0,0,0,0,0,0,0,0,0,0,0,0,0,0,6,0,9,2,0,0,0,14,0,2,0,61,0,1,0,11,0,33,0,52,0,0,0,1,0,43,0,0,0,140,0,1,0,0,4,0,52,0,6,0,2,0,0,0,3,0,0,1,0,0,0,0,0,0,0,0,0,0,0,0,0,0,0,2,0,0,0,2,0,0,0,2,0,0,0,6,0,1,0,33,0,0,0,0,2,0,0,0,0,0,0,0,0,0,0,1,0,0,0,11,0,0,0,4,0,0,0,0,0,0,0,5,0,0,0,7,0,0,0,0,0,0,0,0,0,0,0,0,0,0,0,0,0,0,0,0,0,0,0,0,0,0,1,0,0,9,0,0,0,0,0,0,0,0,0,0,0,0,0,0,0,0,0,0,0,0,0,0,0,0,0,0,0,0,0,0,0,0,0,0,0,0,0,0,0,0,0,0,0,0,1,0,0,0,0,0,0,0,0,0,0,0,0,0,0,0,0,0,0,0,0,0,0,0,0,0,0,0,0,0,0,0,0,0,0,0,0,0,0,0,0,0,0,0,0,0,0
d__Eukaryota;p__MAST-7,0,0,0,0,0,0,0,0,0,0,0,0,0,0,0,1,0,0,0,0,0,0,0,0,0,0,0,0,0,0,0,0,0,0,1,0,0,0,0,0,0,0,0,0,0,0,0,0,0,0,0,0,0,0,0,0,0,0,0,0,0,0,0,1,0,0,0,0,0,0,0,0,0,1,0,0,0,0,0,1,0,0,0,0,0,0,0,0,0,0,0,0,0,0,0,0,0,0,0,0,0,0,0,0,0,0,0,0,0,0,0,0,0,0,0,0,0,0,0,0,0,0,0,0,0,0,0,0,0,0,0,0,0,0,0,0,0,0,0,0,0,0,0,0,0,0,0,0,0,0,0,0,0,0,0,0,0,0,0,0,0,0,0,0,0,0,0,0,0,0,0,0,0,0,0,0,0,0,0,0,0,0,2,1,0,0,0,0,0,0,0,0,0,0,0,0,0,0,0,0,0,0,0,0,0,0,0,0,0,0,0,0,0,0,0,0,0,0,0,0,0,0,0,0,0,0,0,0,0,0,0,0,0,0,0,0,0,0,0,0,0,0,0,0,0,0,0,0,0,0,0,0,0,0,0,0,0,0,0,0,0,0,0,0,0,0,0,0,0,0,0,0,0,0,0,0,0,0,0,0,0,0,0,0,0,0,0,0,0,0,0,0,0,0,0,0,0,0,0,0,0,0,0,0,0,0,0,0,0,0,0,0,0,0,0,0,0,0,0,0,0,0,0,0,0,0,0,0,0,0,0,0,0,0,0,0,0,0,0,0,0,0,0,0,0,0,0,0,0,0,0,0,0,0,0,0,0,0,0,0,0,0,0,0,0,0,0,0,0,0,0,0,0,0,0,0,0,0,0,0,0,0,0,0,0,0,0,0,0,0,0,0,0,0,0,0,0,0,0,0,0,0,0,0,0,0,0,0,0,0,0,0,0,0,0,0,0,0,0,0,0,0,0,0,0,0,0,0,0,0,0,0,0,0,0,0,0,0,0,0,0,0,0,0,0,0,0,0,0,0,0,0,0,0,0,0,0,0,0,0,0,0,0,0,0,0,0,0,0,0,0,0,0,0,0,0,0,0,0,0,0,0,0,0,0,0,0,0,0,0,0,0,0,0
d__Eukaryota;p__Apicomplexa,0,0,0,0,0,0,0,0,0,0,0,2,0,0,0,0,0,0,0,0,0,0,0,0,0,0,0,2,2,0,0,0,0,0,0,3,0,3,0,0,5,1,0,1,0,9,0,3,0,0,0,0,0,0,0,0,0,3,0,0,0,0,0,2,0,0,0,0,4,0,0,0,3,0,0,0,0,0,0,0,0,0,0,0,0,0,4,0,0,0,0,0,1,0,0,0,0,0,0,0,0,0,0,2,0,0,0,0,0,0,0,0,0,0,0,0,0,0,0,0,0,0,0,0,3,0,0,0,0,0,0,0,0,0,0,0,0,0,0,0,0,0,0,0,0,0,5,0,0,0,0,0,0,0,2,0,0,0,1,0,0,3,0,0,0,0,0,0,0,0,0,0,0,0,0,0,0,0,0,0,2,0,0,0,0,0,0,4,1,0,2,0,0,4,0,6,0,2,3,1,0,0,0,0,0,0,0,0,0,0,0,0,0,0,0,0,0,1,0,0,0,0,0,0,0,0,0,0,1,0,0,0,0,0,1,0,0,0,0,0,0,0,0,0,0,0,0,0,0,0,0,0,0,0,0,0,0,0,0,0,0,0,0,0,0,0,0,0,0,0,0,0,0,0,0,0,0,0,0,0,0,0,0,0,0,0,0,0,10,0,0,0,0,0,0,0,0,0,1,0,0,0,0,0,0,0,0,0,0,0,0,0,0,0,0,0,0,0,0,0,0,0,0,0,0,0,0,0,0,0,0,0,0,1,0,0,0,0,0,0,0,0,0,0,0,0,0,0,0,0,0,0,0,0,0,0,0,0,0,0,0,0,0,0,0,0,0,1,0,0,0,0,0,0,0,0,0,0,0,0,0,0,0,0,0,1,0,0,0,6,0,0,0,0,0,0,0,0,5,0,0,0,0,0,0,0,0,0,0,0,0,0,0,1,0,0,0,0,0,1,0,0,0,0,0,0,0,0,0,0,0,0,0,0,0,0,0,0,0,0,1,0,2,0,0,0,1,0,0,0,0,0,0,0,0,0,0,0,0,0,0,0,0,0,0,0,0,0,0,0,0,0,0,0,0,0,0,0,0,0,0,0,0,0,0,2,0,0,0,0,0,0,0,1
d__Eukaryota;p__Charophyta,0,0,0,0,0,0,0,0,0,0,0,1,0,0,1,1,0,0,0,0,0,0,0,0,0,0,0,0,0,0,0,2,0,0,0,0,0,0,0,0,0,0,0,0,0,0,0,1,0,0,0,0,0,0,0,0,0,0,0,0,0,0,0,0,3,0,0,0,0,0,0,0,0,0,0,0,0,0,0,0,0,0,0,3,0,0,0,2,0,0,0,2,0,0,0,0,0,0,4,2,0,0,0,0,0,0,0,0,0,1,0,0,0,0,1,0,0,0,0,0,0,4,0,0,0,0,0,0,0,0,1,0,0,0,0,0,3,2,0,0,0,0,0,0,0,3,2,0,0,1,0,0,0,0,0,0,0,9,0,0,0,0,0,0,3,0,0,0,1,0,0,0,0,1,0,1,1,0,0,0,0,0,0,0,0,0,0,1,0,3,0,1,1,0,0,0,0,0,1,0,0,0,0,0,0,0,0,0,0,0,0,1,0,0,0,0,0,0,0,0,0,0,0,0,0,0,0,0,0,0,0,0,0,0,0,0,0,0,0,0,0,0,4,0,0,1,2,1,0,0,3,0,0,1,0,0,3,0,0,0,0,0,0,0,0,0,0,0,0,0,0,0,0,0,0,0,0,0,0,0,0,0,0,0,0,0,0,0,0,0,2,0,0,0,0,0,0,0,0,0,0,0,0,3,0,0,0,0,0,0,0,0,0,0,0,0,0,0,0,0,0,0,0,0,0,0,0,0,0,0,0,0,0,0,0,0,0,0,0,0,0,0,0,0,0,0,0,0,0,0,0,0,0,0,0,0,0,0,0,0,0,0,0,0,0,0,0,0,0,0,0,0,0,0,0,0,0,0,0,0,0,0,0,0,0,0,0,0,0,0,0,0,0,0,0,0,0,0,0,0,0,0,0,0,0,0,0,0,0,0,0,0,0,0,0,0,0,2,0,0,0,1,0,0,6,1,0,0,0,0,0,0,2,0,0,0,0,0,0,0,0,0,0,1,0,0,0,2,1,0,0,0,0,0,0,0,0,0,0,0,0,0,0,0,0,0,0,0,0,0,0,0,3,1,0,1,0,0,0,0,0,0,0,0,3,1,0,0,0,0,1,0,0,0
d__Eukaryota;p__MAST-6,3,0,0,0,0,0,0,1,0,0,0,0,0,0,0,0,0,0,0,0,0,0,0,0,0,0,0,0,0,0,3,0,0,0,1,0,0,0,2,0,0,0,3,0,0,0,2,0,0,0,2,0,0,0,2,0,0,0,1,0,0,0,2,0,0,0,3,0,0,0,0,2,0,0,0,2,0,1,0,2,1,0,0,0,0,0,0,91,0,0,0,0,0,0,103,0,0,0,1,0,0,0,0,0,0,0,0,0,0,0,0,0,0,0,0,0,0,0,0,0,0,1,0,0,0,0,0,0,0,0,0,0,0,0,0,0,17,0,0,0,10,0,0,0,0,0,0,0,0,75,0,0,0,22,0,0,0,0,0,0,0,0,0,0,0,0,0,0,0,0,0,0,0,0,0,0,0,0,0,0,1,0,3,3,1,2,0,5,1,3,0,2,2,1,5,1,0,1,2,0,0,0,0,0,0,0,0,151,0,0,0,0,0,7,0,0,0,0,0,0,0,0,0,0,0,6,0,0,0,0,0,0,0,0,0,0,0,0,0,0,0,0,0,0,0,0,0,0,0,824,0,0,100,0,0,0,0,0,0,0,0,0,0,0,0,0,0,0,0,0,0,0,0,0,0,0,0,0,0,0,0,0,0,0,0,0,0,0,0,0,0,0,0,0,0,0,0,0,0,0,0,0,0,4,0,0,0,0,0,0,108,0,0,0,0,0,0,0,484,0,0,0,0,0,0,0,0,0,0,0,0,0,0,0,2,0,0,0,0,0,0,0,0,0,0,0,0,0,0,0,0,0,0,0,0,0,0,0,0,0,0,0,0,0,0,0,748,0,0,0,19,0,0,0,11,0,0,0,0,0,0,0,0,0,0,0,0,0,0,0,0,0,0,0,0,0,0,14,0,0,0,1,0,0,25,0,0,0,21,0,0,0,1,0,0,0,1,0,0,0,5,0,0,0,0,0,0,2,0,0,1,6,0,0,0,2,0,0,0,12,0,0,0,12,0,0,0,0,0,0,0,23,1,0,0,0,0,0,0,2,0,0,0,0,15,0,0,0,0,0,0,0,3,0,0,0,0,0,0,0,0,0,0,0,0,0,0,0,0,0,0,0,0,0
d__Eukaryota;p__Retaria,0,0,0,0,0,0,0,0,0,0,0,0,0,0,0,0,0,0,0,0,0,0,0,0,0,0,0,0,0,0,0,0,0,0,1,0,0,0,0,0,0,0,0,0,0,0,0,0,0,0,0,0,0,0,0,0,0,0,0,0,0,0,0,0,0,0,0,0,0,0,1,0,0,0,0,0,0,0,0,0,0,0,0,0,0,0,0,0,0,0,0,0,0,0,0,0,0,0,0,0,0,0,0,0,0,0,0,0,0,0,0,0,0,0,0,0,0,0,0,0,0,0,0,0,0,0,0,0,0,0,0,0,0,0,0,0,0,0,0,0,0,0,0,0,0,0,0,0,0,0,0,0,0,0,0,0,0,0,0,0,0,0,0,0,0,0,0,0,0,0,0,0,0,0,0,0,0,0,0,0,0,0,0,0,0,0,0,0,0,0,0,0,0,0,0,0,0,0,0,0,0,0,0,0,0,0,0,0,0,0,0,0,0,0,0,0,0,0,0,0,0,0,0,0,0,0,0,0,0,0,0,0,0,0,0,0,0,0,0,0,0,0,0,0,0,0,0,0,0,0,0,0,0,0,0,0,0,0,0,0,0,0,0,0,0,0,0,0,0,0,0,0,0,0,0,0,0,0,0,0,0,0,0,0,0,0,0,0,0,0,0,0,0,0,0,0,0,0,0,0,0,0,0,0,0,0,0,0,0,0,0,0,0,0,0,0,0,0,0,0,0,0,0,0,0,0,0,0,0,0,83,0,0,0,11,0,0,0,0,0,0,0,0,0,0,0,0,0,0,0,0,0,0,0,0,0,0,0,0,0,0,0,0,0,0,0,0,0,0,0,0,0,0,0,0,0,0,0,0,0,0,0,0,0,0,0,0,0,0,0,0,0,0,0,0,0,0,0,0,0,0,0,0,0,0,0,0,0,0,0,0,0,0,0,0,0,0,0,0,0,0,0,0,0,0,0,0,0,0,0,0,0,0,0,0,0,0,0,0,0,0,0,0,0,0,0,0,0,0,0,0,0,0,0,0,0,0,0,0,0,0,0,0,0,0,0,0,0,0,0,0,0,0,0,0,0,0,0,0,0,0,0,0,0,0,0,0,0,0,0,0,0,0,0
d__Eukaryota;p__Klebsormidiophyceae,0,0,0,0,0,0,0,0,0,0,0,0,0,0,0,0,0,0,0,0,0,0,0,0,0,0,0,0,0,0,0,0,0,0,0,0,0,0,0,0,0,0,0,0,0,3,0,0,0,0,0,0,0,0,0,0,0,0,0,0,0,0,0,0,0,0,0,0,0,0,0,0,0,0,0,0,0,0,0,0,0,0,0,0,0,0,0,0,0,0,0,0,0,0,0,0,0,0,0,0,0,0,0,0,0,0,0,0,0,0,0,0,0,0,0,0,0,0,0,0,0,0,0,0,0,0,0,0,0,0,0,0,0,0,0,0,0,0,0,0,0,0,0,0,0,0,0,0,0,0,0,0,0,0,0,0,0,0,0,0,0,0,0,0,1,0,0,0,0,0,0,0,0,0,0,0,0,0,0,0,0,0,0,0,0,0,0,0,0,0,0,0,0,0,0,0,0,0,0,0,0,0,0,0,0,0,0,0,0,0,0,0,0,0,0,0,0,0,0,0,0,0,0,0,0,0,0,0,0,0,0,0,0,0,0,0,0,0,0,0,0,0,0,0,0,0,0,0,0,0,0,0,0,0,0,0,0,0,0,0,0,0,0,0,0,0,0,0,0,1,0,0,0,0,0,0,0,0,0,0,0,0,0,0,0,0,0,0,0,0,0,0,0,0,0,0,0,0,0,0,0,0,0,0,0,0,0,0,0,0,0,0,0,0,0,0,0,0,0,0,0,0,0,0,0,0,0,0,0,0,0,0,0,2,0,0,0,0,0,0,0,0,0,0,0,0,0,0,0,0,0,0,0,0,0,0,0,0,0,0,0,0,0,0,0,0,0,0,0,0,0,0,0,0,0,0,0,0,0,0,0,1,0,0,0,0,0,0,0,0,0,0,0,0,0,0,0,0,0,0,0,0,0,0,0,0,0,0,0,0,0,0,0,0,0,0,0,0,0,0,0,0,0,0,0,0,0,0,0,0,0,0,0,0,0,0,0,0,0,0,0,0,0,0,0,0,0,0,0,0,0,0,0,0,0,0,0,0,0,0,0,0,0,0,0,0,0,0,0,0,0,0,0,0,0,0,0,0,0,0,0,0,0,0,0,0,0,0,0,0,0,0,0,0
d__Eukaryota;p__Pavlovophyceae,0,0,0,0,0,0,0,0,0,0,0,0,0,0,0,0,0,0,0,0,0,0,0,0,0,0,0,0,0,0,0,0,0,0,0,0,0,0,0,0,0,0,0,0,0,0,0,0,0,0,0,0,0,0,0,0,0,0,0,0,0,0,0,0,0,0,0,0,0,0,0,0,0,0,0,0,0,0,1,0,0,0,0,0,0,0,0,0,0,0,0,0,0,0,0,0,0,0,0,0,0,0,0,0,0,0,0,0,0,0,0,0,0,0,0,0,2,0,0,0,0,0,0,0,0,0,0,0,0,0,0,0,0,0,0,0,0,0,0,0,0,0,0,0,0,0,0,0,0,0,0,0,0,0,0,0,0,0,0,0,0,0,0,0,0,0,0,0,0,0,0,0,0,0,0,0,0,0,0,0,0,0,0,0,0,0,0,0,0,0,0,0,0,0,0,0,0,0,0,0,0,0,0,0,0,0,0,0,0,0,0,0,0,0,0,0,0,0,0,0,0,0,0,0,0,0,0,0,0,0,0,0,0,0,0,0,0,0,0,0,0,0,0,0,0,0,0,0,0,0,0,0,0,0,0,0,0,0,0,0,0,0,0,0,0,0,0,0,0,0,0,0,0,0,0,0,0,0,0,0,0,0,0,0,0,0,0,0,0,0,0,0,0,0,0,0,0,0,0,0,0,0,0,0,0,0,0,0,0,0,0,0,0,0,0,0,0,0,0,0,0,0,0,0,0,0,0,0,0,0,0,0,0,0,0,0,0,0,0,0,0,0,0,0,0,0,0,0,0,0,0,0,0,0,0,0,0,0,0,0,0,0,0,0,0,0,0,0,0,0,0,0,0,0,0,0,0,0,0,0,0,0,0,0,0,0,0,0,0,0,0,0,0,0,0,0,0,0,0,0,0,0,0,0,0,0,0,0,0,0,0,0,0,0,0,0,0,0,0,0,0,0,0,0,0,0,0,0,0,0,0,0,0,0,0,0,0,0,0,0,0,0,0,0,0,0,0,0,0,0,0,0,0,0,0,0,0,0,0,0,0,0,0,0,0,0,0,0,0,0,0,0,0,0,0,0,0,0,0,0,0,0,0,0,0,0,0,0,0,0,0,0,0,0
