sample-id,Blank11,Blank3,Blank5,Blank7,Blank9,D0MC1,D0MTP10Exp12021,D0MTP10Exp12022,D0MTP10Exp22021,D0MTP10Exp32022,D0MTP11Exp12021,D0MTP11Exp12022,D0MTP11Exp22021,D0MTP12Exp12021,D0MTP12Exp12022,D0MTP12Exp22021,D0MTP12Exp32022,D0MTP13Exp12021,D0MTP13Exp12022,D0MTP13Exp22021,D0MTP13Exp32022,D0MTP14Exp12021,D0MTP14Exp12022,D0MTP14Exp22021,D0MTP14Exp32022,D0MTP15Exp12021,D0MTP15Exp12022,D0MTP15Exp22021,D0MTP15Exp32022,D0MTP16Exp12021,D0MTP16Exp12022,D0MTP16Exp22021,D0MTP16Exp32022,D0MTP17Exp12021,D0MTP17Exp12022,D0MTP17Exp22021,D0MTP17Exp32022,D0MTP18Exp12021,D0MTP18Exp12022,D0MTP18Exp22021,D0MTP18Exp32022,D0MTP19Exp12021,D0MTP19Exp12022,D0MTP19Exp22021,D0MTP19Exp32022,D0MTP1Exp12021,D0MTP1Exp12022,D0MTP1Exp22021,D0MTP1Exp32022,D0MTP20Exp12021,D0MTP20Exp12022,D0MTP20Exp22021,D0MTP20Exp32022,D0MTP21Exp12021,D0MTP21Exp12022,D0MTP21Exp22021,D0MTP21Exp32022,D0MTP2Exp12021,D0MTP2Exp12022,D0MTP2Exp22021,D0MTP2Exp32022,D0MTP3Exp12021,D0MTP3Exp12022,D0MTP3Exp22021,D0MTP3Exp32022,D0MTP4Exp12021,D0MTP4Exp12022,D0MTP4Exp22021,D0MTP4Exp32022,D0MTP5Exp12021,D0MTP5Exp12022,D0MTP5Exp22021,D0MTP5Exp32022,D0MTP6Exp32022,D0MTP7Exp12022,D0MTP7Exp22021,D0MTP7Exp32022,D0MTP8Exp12021,D0MTP8Exp12022,D0MTP8Exp22021,D0MTP9Exp12021,D0MTP9Exp12022,D0MTP9Exp22021,D0MTP9Exp32022,D14MTP10Exp12021,D14MTP10Exp12022,D14MTP10Exp22021,D14MTP10Exp32022,D14MTP11Exp12021,D14MTP11Exp12022,D14MTP11Exp22021,D14MTP12Exp12021,D14MTP12Exp12022,D14MTP12Exp22021,D14MTP12Exp32022,D14MTP13Exp12021,D14MTP13Exp12022,D14MTP13Exp22021,D14MTP13Exp32022,D14MTP14Exp12021,D14MTP14Exp12022,D14MTP14Exp22021,D14MTP14Exp32022,D14MTP15Exp12021,D14MTP15Exp12022,D14MTP15Exp22021,D14MTP15Exp32022,D14MTP16Exp12021,D14MTP16Exp12022,D14MTP16Exp22021,D14MTP16Exp32022,D14MTP17Exp12021,D14MTP17Exp12022,D14MTP17Exp22021,D14MTP17Exp32022,D14MTP18Exp12021,D14MTP18Exp12022,D14MTP18Exp22021,D14MTP18Exp32022,D14MTP19Exp12021,D14MTP19Exp12022,D14MTP19Exp22021,D14MTP19Exp32022,D14MTP1Exp12021,D14MTP1Exp12022,D14MTP1Exp22021,D14MTP1Exp32022,D14MTP20Exp12021,D14MTP20Exp12022,D14MTP20Exp22021,D14MTP20Exp32022,D14MTP21Exp12021,D14MTP21Exp12022,D14MTP21Exp22021,D14MTP21Exp32022,D14MTP2Exp12021,D14MTP2Exp12022,D14MTP2Exp22021,D14MTP2Exp32022,D14MTP3Exp12021,D14MTP3Exp12022,D14MTP3Exp22021,D14MTP3Exp32022,D14MTP4Exp12021,D14MTP4Exp12022,D14MTP4Exp22021,D14MTP4Exp32022,D14MTP5Exp12021,D14MTP5Exp12022,D14MTP5Exp22021,D14MTP5Exp32022,D14MTP6Exp32022,D14MTP7Exp12021,D14MTP7Exp12022,D14MTP7Exp22021,D14MTP7Exp32022,D14MTP8Exp12021,D14MTP8Exp12022,D14MTP8Exp22021,D14MTP8Exp32022,D14MTP9Exp12021,D14MTP9Exp12022,D14MTP9Exp22021,D14MTP9Exp32022,D15MTP10Exp22022,D15MTP12Exp22022,D15MTP13Exp22022,D15MTP14Exp22022,D15MTP15Exp22022,D15MTP16Exp22022,D15MTP17Exp22022,D15MTP18Exp22022,D15MTP19Exp22022,D15MTP1Exp22022,D15MTP20Exp22022,D15MTP21Exp22022,D15MTP2Exp22022,D15MTP3Exp22022,D15MTP4Exp22022,D15MTP5Exp22022,D15MTP6Exp22022,D15MTP7Exp22022,D15MTP8Exp22022,D15MTP9Exp22022,D1MTP10Exp22022,D1MTP12Exp22022,D1MTP13Exp22022,D1MTP14Exp22022,D1MTP15Exp22022,D1MTP16Exp22022,D1MTP17Exp22022,D1MTP18Exp22022,D1MTP19Exp22022,D1MTP1Exp22022,D1MTP20Exp22022,D1MTP21Exp22022,D1MTP2Exp22022,D1MTP3Exp22022,D1MTP4Exp22022,D1MTP5Exp22022,D1MTP6Exp22022,D1MTP7Exp22022,D1MTP8Exp22022,D1MTP9Exp22022,D21MTP10Exp12022,D22MTP10Exp22021,D21MTP10Exp32022,D21MTP11Exp12022,D22MTP11Exp22021,D21MTP12Exp12022,D22MTP12Exp22021,D21MTP12Exp32022,D21MTP13Exp12022,D22MTP13Exp22021,D21MTP13Exp32022,D21MTP14Exp12022,D22MTP14Exp22021,D21MTP14Exp32022,D21MTP15Exp12022,D22MTP15Exp22021,D21MTP15Exp32022,D21MTP16Exp12022,D22MTP16Exp22021,D21MTP16Exp32022,D21MTP17Exp12022,D22MTP17Exp22021,D21MTP17Exp32022,D21MTP18Exp12022,D22MTP18Exp22021,D21MTP18Exp32022,D21MTP19Exp12022,D22MTP19Exp22021,D21MTP19Exp32022,D21MTP1Exp12022,D22MTP1Exp22021,D21MTP1Exp32022,D21MTP20Exp12022,D22MTP20Exp22021,D21MTP20Exp32022,D21MTP21Exp12022,D22MTP21Exp22021,D21MTP21Exp32022,D21MTP2Exp12022,D22MTP2Exp22021,D21MTP2Exp32022,D21MTP3Exp12022,D22MTP3Exp22021,D21MTP3Exp32022,D21MTP4Exp12022,D22MTP4Exp22021,D21MTP4Exp32022,D21MTP5Exp12022,D22MTP5Exp22021,D21MTP5Exp32022,D21MTP6Exp32022,D21MTP7Exp12022,D22MTP7Exp22021,D21MTP7Exp32022,D21MTP8Exp12022,D22MTP8Exp22021,D21MTP8Exp32022,D21MTP9Exp12022,D22MTP9Exp22021,D21MTP9Exp32022,D22MTP10Exp12021,D22MTP10Exp22022,D22MTP11Exp12021,D22MTP12Exp12021,D22MTP12Exp22022,D22MTP13Exp12021,D22MTP13Exp22022,D22MTP14Exp12021,D22MTP14Exp22022,D22MTP15Exp12021,D22MTP15Exp22022,D22MTP16Exp12021,D22MTP16Exp22022,D22MTP17Exp12021,D22MTP17Exp22022,D22MTP18Exp12021,D22MTP18Exp22022,D22MTP19Exp12021,D22MTP19Exp22022,D22MTP1Exp12021,D22MTP1Exp22022,D22MTP20Exp12021,D22MTP20Exp22022,D22MTP21Exp12021,D22MTP21Exp22022,D22MTP2Exp12021,D22MTP2Exp22022,D22MTP3Exp12021,D22MTP3Exp22022,D22MTP4Exp12021,D22MTP4Exp22022,D22MTP5Exp12021,D22MTP5Exp22022,D22MTP6Exp22022,D22MTP7Exp12021,D22MTP7Exp22022,D22MTP8Exp12021,D22MTP8Exp22022,D22MTP9Exp12021,D22MTP9Exp22022,D28MTP10Exp12021,D29MTP10Exp12022,D28MTP10Exp22021,D28MTP10Exp32022,D28MTP11Exp12021,D29MTP11Exp12022,D28MTP11Exp22021,D28MTP12Exp12021,D29MTP12Exp12022,D28MTP12Exp22021,D28MTP12Exp32022,D28MTP13Exp12021,D29MTP13Exp12022,D28MTP13Exp22021,D28MTP13Exp32022,D28MTP14Exp12021,D29MTP14Exp12022,D28MTP14Exp22021,D28MTP14Exp32022,D28MTP15Exp12021,D29MTP15Exp12022,D28MTP15Exp22021,D28MTP15Exp32022,D28MTP16Exp12021,D29MTP16Exp12022,D28MTP16Exp22021,D28MTP16Exp32022,D28MTP17Exp12021,D29MTP17Exp12022,D28MTP17Exp22021,D28MTP17Exp32022,D28MTP18Exp12021,D29MTP18Exp12022,D28MTP18Exp22021,D28MTP18Exp32022,D28MTP19Exp12021,D29MTP19Exp12022,D28MTP19Exp22021,D28MTP19Exp32022,D28MTP1Exp12021,D29MTP1Exp12022,D28MTP1Exp22021,D28MTP1Exp32022,D28MTP20Exp12021,D29MTP20Exp12022,D28MTP20Exp22021,D28MTP20Exp32022,D28MTP21Exp12021,D29MTP21Exp12022,D28MTP21Exp22021,D28MTP2Exp12021,D28MTP2Exp22021,D28MTP2Exp32022,D28MTP3Exp12021,D29MTP3Exp12022,D28MTP3Exp22021,D28MTP3Exp32022,D28MTP4Exp12021,D29MTP4Exp12022,D28MTP4Exp22021,D28MTP4Exp32022,D28MTP5Exp12021,D29MTP5Exp12022,D28MTP5Exp22021,D28MTP5Exp32022,D28MTP7Exp12021,D29MTP7Exp12022,D28MTP7Exp22021,D28MTP7Exp32022,D28MTP8Exp12021,D29MTP8Exp12022,D28MTP8Exp22021,D28MTP8Exp32022,D28MTP9Exp12021,D29MTP9Exp12022,D28MTP9Exp22021,D28MTP9Exp32022,D29MTP10Exp22022,D29MTP12Exp22022,D29MTP13Exp22022,D29MTP14Exp22022,D29MTP15Exp22022,D29MTP16Exp22022,D29MTP17Exp22022,D29MTP18Exp22022,D29MTP19Exp22022,D29MTP1Exp22022,D29MTP20Exp22022,D29MTP21Exp22022,D29MTP2Exp22022,D29MTP3Exp22022,D29MTP4Exp22022,D29MTP5Exp22022,D29MTP6Exp22022,D29MTP7Exp22022,D29MTP8Exp22022,D29MTP9Exp22022,D7Control2Exp32022,D7MTP10Exp12021,D7MTP10Exp12022,D7MTP10Exp22021,D7MTP10Exp32022,D7MTP11Exp12021,D7MTP11Exp12022,D7MTP11Exp22021,D7MTP12Exp12021,D7MTP12Exp12022,D7MTP12Exp22021,D7MTP12Exp32022,D7MTP13Exp12021,D7MTP13Exp12022,D7MTP13Exp22021,D7MTP13Exp32022,D7MTP14Exp12021,D7MTP14Exp12022,D7MTP14Exp22021,D7MTP14Exp32022,D7MTP15Exp12021,D7MTP15Exp12022,D7MTP15Exp22021,D7MTP15Exp32022,D7MTP16Exp12021,D7MTP16Exp12022,D7MTP16Exp22021,D7MTP16Exp32022,D7MTP17Exp12021,D7MTP17Exp12022,D7MTP17Exp22021,D7MTP17Exp32022,D7MTP18Exp12021,D7MTP18Exp22021,D7MTP18Exp32022,D7MTP19Exp12021,D7MTP19Exp12022,D7MTP19Exp22021,D7MTP19Exp32022,D7MTP1Exp12021,D7MTP1Exp12022,D7MTP1Exp22021,D7MTP1Exp32022,D7MTP20Exp12021,D7MTP20Exp12022,D7MTP20Exp22021,D7MTP20Exp32022,D7MTP21Exp12021,D7MTP21Exp12022,D7MTP21Exp22021,D7MTP21Exp32022,D7MTP2Exp12021,D7MTP2Exp12022,D7MTP2Exp22021,D7MTP2Exp32022,D7MTP3Exp12021,D7MTP3Exp12022,D7MTP3Exp22021,D7MTP3Exp32022,D7MTP4Exp12021,D7MTP4Exp12022,D7MTP4Exp22021,D7MTP4Exp32022,D7MTP5Exp12021,D7MTP5Exp12022,D7MTP5Exp22021,D7MTP5Exp32022,D7MTP6Exp32022,D7MTP7Exp12021,D7MTP7Exp12022,D7MTP7Exp22021,D7MTP7Exp32022,D7MTP8Exp12021,D7MTP8Exp12022,D7MTP8Exp22021,D7MTP8Exp32022,D7MTP9Exp12021,D7MTP9Exp12022,D7MTP9Exp22021,D7MTP9Exp32022,D8MTP10Exp22022,D8MTP12Exp22022,D8MTP13Exp22022,D8MTP14Exp22022,D8MTP15Exp22022,D8MTP16Exp22022,D8MTP17Exp22022,D8MTP18Exp22022,D8MTP19Exp22022,D8MTP1Exp22022,D8MTP20Exp22022,D8MTP21Exp22022,D8MTP2Exp22022,D8MTP3Exp22022,D8MTP4Exp22022,D8MTP5Exp22022,D8MTP6Exp22022,D8MTP7Exp22022,D8MTP8Exp22022,D8MTP9Exp22022,MockCommunity
d__Bacteria;p__Cyanobacteriota,13,12,21,6,19,4304,322,365,3315,2234,273,446,2739,299,666,3053,2169,387,560,2957,2282,362,604,3078,2183,605,364,5312,2642,316,379,4762,2266,533,377,4568,1548,578,243,3299,2107,458,372,3293,2426,613,338,3066,2322,505,337,2909,2236,577,461,3138,2132,646,484,3164,2138,820,345,3824,1828,693,388,3318,2067,811,346,2948,2393,2023,343,3191,2316,526,743,2678,512,749,2718,2241,816,2305,4154,6187,1018,1384,2280,1184,2754,2999,6693,2571,2083,4048,3334,1272,3477,4644,5024,1661,1753,4061,6354,839,2603,2440,8191,1951,2753,2123,7933,3497,1981,4242,7450,1157,2298,5089,5296,2025,2481,3538,4280,3324,293,4439,7174,1659,2385,3962,7705,1729,4078,5367,5238,1957,2821,1977,4847,823,2988,4621,5851,1894,3728,2796,5476,4026,721,2004,3569,5174,1644,3669,3818,4543,1582,3857,4639,3865,1430,3247,2148,3484,1766,2739,2930,2874,3022,2314,2980,2628,2216,2483,3369,2389,2293,3078,2960,2844,405,714,246,348,687,564,520,632,386,565,575,1844,317,402,668,567,557,421,751,729,2958,4078,4784,1682,5019,3651,3228,2735,3025,6788,4195,3856,5645,3443,1413,4990,4503,2502,303,4117,3667,1552,4224,2525,5144,4149,3020,6711,4744,4868,3958,4558,1630,4209,4597,3221,2404,4208,3584,3325,3662,3939,1660,4736,4406,2997,3681,4089,2197,5672,4981,2901,3758,4309,4586,3106,3469,4382,3397,5153,1377,2850,1845,720,2135,2030,3543,1307,3259,1547,2776,1720,3323,2588,2991,1594,3742,1094,3938,668,4406,1729,3583,847,4143,997,3966,1127,5304,1455,4189,1852,3859,4544,1365,4196,1676,2986,830,4160,1492,4729,3213,3101,1049,3306,4547,848,3829,2303,3320,963,4066,3080,4172,352,2388,4354,3370,480,1610,4346,2460,662,3729,1253,3415,1978,4122,1618,3763,1876,2399,5358,3467,630,2692,4325,3632,1080,4256,2212,4375,844,3013,2356,3822,823,3879,1986,1019,2091,3337,1680,1224,2305,6517,877,2103,1790,3295,971,3074,1749,3986,743,4093,3491,2900,470,3583,2698,2570,652,3764,2928,5915,4193,3344,3319,3488,3814,4932,3620,3972,3618,3421,3642,5578,4764,4499,2974,4111,4282,4495,4935,5069,333,1470,353,5255,5335,1853,203,4697,1473,1663,4435,4772,1294,2187,6769,5459,1790,2126,6390,6085,1517,1778,5743,5595,1219,1802,4927,6179,1454,1534,6097,5812,2273,5303,4932,1734,1232,4850,5850,1507,1980,4341,5296,2269,37,5040,7247,2447,1245,7508,5304,1683,1453,5189,5868,1519,1630,4883,4283,1288,1943,5615,4542,1907,2194,4390,5423,4689,2256,968,4715,4635,855,2122,5048,5142,1586,2492,4706,5603,1414,2989,3219,3820,3123,1736,2930,492,2272,898,2862,2737,2756,2203,2619,2617,2628,1997,2907,3422,6
d__Bacteria;p__Chloroflexota,1,0,2,0,1,187,378,207,112,552,658,192,212,376,249,241,524,668,237,219,451,557,213,253,452,647,188,90,397,560,148,105,472,523,194,117,655,603,166,195,409,513,167,176,400,533,178,231,417,537,164,200,458,576,98,178,362,543,206,161,582,654,185,181,501,497,222,213,706,461,187,269,550,369,198,218,450,666,207,315,596,202,260,493,513,72,46,163,612,88,60,160,216,119,129,798,194,22,143,623,59,19,262,523,287,48,170,357,354,22,92,247,77,50,104,304,192,25,117,507,147,54,256,578,309,99,205,99,24,66,109,386,150,140,111,270,218,47,241,274,348,114,129,327,146,73,104,909,228,191,208,239,726,699,162,98,233,267,27,270,465,197,98,233,205,294,356,322,431,281,353,213,226,670,128,314,339,366,204,187,448,478,279,239,635,654,484,543,615,462,508,784,570,588,666,631,663,733,651,733,775,605,647,628,159,566,548,257,335,281,256,766,238,66,865,181,130,1379,166,115,417,140,1058,488,143,626,574,123,260,568,293,372,604,148,244,797,35,410,767,313,613,626,180,330,1164,221,434,443,245,61,461,74,196,1058,538,76,392,344,116,61,944,189,417,420,506,367,366,105,371,76,485,418,187,500,349,410,160,91,210,143,208,706,128,135,378,215,111,397,245,142,299,122,236,255,116,168,263,278,417,409,222,290,160,148,1503,67,511,1086,2468,59,68,1401,418,574,278,507,527,500,782,2845,438,474,373,3256,164,59,959,2522,810,2006,335,849,212,1489,1036,981,184,235,774,3686,641,642,1068,2879,159,820,513,1946,48,1644,1577,2415,437,107,3246,218,430,2576,74,359,565,1708,244,247,1107,504,173,51,747,1081,114,418,353,1545,108,118,1454,416,293,163,484,245,361,912,201,575,481,342,668,383,601,158,211,660,202,119,828,462,203,236,270,16,392,55,77,130,656,28,67,405,216,68,170,467,150,39,146,471,210,45,170,451,159,22,106,752,232,35,170,586,240,57,186,635,55,169,433,209,63,136,456,207,101,165,677,35,35,152,736,250,9,122,438,300,79,134,396,206,94,230,414,206,37,136,434,317,93,171,177,402,151,58,148,524,195,8,83,314,156,142,148,288,383,298,311,380,443,502,38,456,752,482,358,502,462,349,400,571,788,435,396,0
d__Bacteria;p__Actinomycetota,656,727,655,588,641,3600,2586,2718,3239,2578,2846,2664,3099,2550,2395,2654,2504,3348,2447,3066,2415,3885,2498,2993,2493,3546,2449,2059,2489,3401,1796,2334,2639,4054,2395,2177,3637,3105,2709,2763,2664,3414,2253,2899,2382,3146,2563,3407,2530,3665,2980,3055,2752,3142,1784,2666,2874,3254,2656,3060,2493,3441,2290,3665,2789,3300,2210,3281,2688,4146,2675,2772,2263,2488,2610,3117,2297,2995,2592,2842,3167,2261,3433,2717,431,668,223,321,851,945,336,756,1725,614,161,659,2352,1008,106,500,2953,173,853,669,2369,401,684,522,2159,362,85,497,3402,1541,258,638,2782,243,345,369,3032,272,341,448,2222,502,138,303,274,630,414,351,2599,480,161,508,1187,268,166,432,1461,1776,840,597,1204,343,377,921,1103,641,467,813,746,1407,746,470,860,2046,472,394,345,1251,519,524,873,2876,2585,2289,2376,2645,3205,340,2638,1863,2678,2249,2676,1476,2607,3577,2376,1893,2753,2791,2769,2403,2520,2709,2466,2338,2447,2897,2601,2532,2464,2519,2834,3026,2497,2850,2830,2501,2462,2449,327,675,322,1086,406,1572,708,52,843,149,61,1873,468,352,1342,585,187,2115,162,203,2274,1559,224,1587,227,206,1473,400,67,1085,916,201,157,897,238,1480,800,234,1258,406,365,1314,1592,328,848,651,136,1298,1180,632,227,1015,802,511,885,538,117,1272,464,249,465,1381,517,700,3367,1046,804,1181,2934,986,1688,501,1809,858,2494,1035,523,909,925,558,1043,1066,1220,1214,1836,1001,1956,488,865,448,1115,890,1513,1026,1031,967,332,2585,681,1078,295,229,626,522,362,419,699,269,1690,711,304,381,765,369,276,633,3171,597,739,370,3221,860,765,624,1430,116,567,474,1017,1136,428,319,3259,353,1081,667,1877,326,212,293,1241,705,515,634,176,1157,511,265,1285,891,510,524,494,584,1330,894,246,824,2637,1267,346,519,1602,1104,570,868,721,1089,649,582,1469,690,255,849,820,762,186,1127,2040,2174,2476,1209,1606,2541,1385,2131,2654,1172,887,868,836,1285,1650,1306,814,1416,1327,269,690,811,1662,930,1700,668,1253,1088,2141,1188,1141,1422,1001,309,838,1125,1833,714,635,1341,1630,643,741,1968,1960,249,654,1763,2352,1614,596,2153,1752,1252,838,1834,1789,882,1104,1329,1937,956,1546,346,817,426,1486,2546,180,704,876,1628,1621,825,902,1626,733,1183,1342,1375,1609,1164,1404,1537,2177,1010,1111,891,610,951,1121,1994,1584,1292,870,709,1186,2176,752,1084,1954,1037,1422,936,2420,2097,275,2329,2508,2098,2246,1963,1917,1568,2075,2412,2547,1955,2011,5
d__Bacteria;__,5,0,1,0,0,20,4,54,10,149,2,78,12,11,79,21,160,5,53,15,143,8,70,15,160,6,64,25,133,2,52,9,145,4,46,9,141,9,46,6,94,16,57,25,143,7,53,11,120,7,57,12,107,4,52,7,116,3,55,13,126,10,63,16,114,9,67,21,121,5,51,10,176,113,66,14,131,16,74,18,9,88,5,158,2,87,22,393,5,19,67,14,34,46,307,18,12,109,274,7,10,9,266,8,19,25,344,10,11,102,345,13,17,27,298,15,8,9,374,8,8,16,1078,8,31,56,311,9,6,16,647,6,17,39,375,9,17,10,678,9,20,27,202,6,28,21,371,10,41,49,187,183,12,15,24,325,13,17,27,516,2,17,36,174,41,57,2,97,107,39,67,189,40,46,28,38,43,19,76,22,14,22,34,31,19,14,6,6,19,32,22,23,6,19,18,45,9,22,15,22,23,11,28,18,53,2,916,97,30,29,4,1360,9,29,641,40,7,621,84,23,622,28,0,830,32,16,802,31,7,937,59,30,896,48,18,698,18,2,1212,24,8,1040,14,3,1018,52,171,240,68,10,772,29,6,98,289,39,68,638,19,46,871,15,3,268,0,115,0,10,81,5,32,0,36,2,19,9,41,0,24,0,184,5,83,0,51,1,34,3,47,3,57,0,35,1,66,0,13,18,0,26,2,10,0,20,3,127,6,636,6,85,20,7,43,16,1667,1,40,46,511,0,77,74,771,2,36,48,951,6,22,2,701,3,46,23,570,1,19,28,1078,34,52,17,825,5,37,34,1034,6,43,8,1121,5,14,46,3,4,1847,12,37,97,288,7,87,19,850,4,44,28,845,12,35,14,1214,4,30,79,430,8,83,52,510,176,181,11,161,103,30,106,771,140,36,110,17,93,80,51,46,23,20,56,49,1,28,462,6,415,32,95,32,38,16,7,288,11,133,5,209,26,20,33,268,9,27,16,287,19,21,22,345,15,28,33,366,9,17,260,46,25,35,309,24,12,29,224,21,8,6,282,35,13,16,226,51,22,33,182,22,21,28,321,19,21,30,259,17,16,29,226,231,37,73,11,375,9,15,13,211,31,21,29,221,55,57,12,59,62,38,90,13,47,15,88,31,65,48,41,56,51,37,54,71,0
d__Bacteria;p__Pseudomonadota,2579,2572,2473,2518,2524,843,4537,3774,2042,1866,3916,3699,1804,4667,3101,1879,1888,3189,3234,1601,2031,3253,3328,1695,1862,2953,3925,1222,1921,3828,4770,1722,1968,3132,4200,1447,2090,3397,4601,1897,2381,3498,4362,1712,2028,3261,3941,1604,2260,3287,3826,1713,2069,3302,4820,2032,2217,3254,3779,1800,1787,2652,4245,1178,2112,3185,4085,1468,1673,2985,4175,1729,1644,2357,4036,1562,1730,3240,3565,1885,2976,3145,1722,1889,5458,5001,2065,1337,4858,5099,2892,5465,1798,2740,1331,3705,3591,2264,4181,4878,2406,2001,1843,4171,3536,2418,1115,5201,2507,3053,462,3835,2155,2528,521,2893,3051,1956,817,4857,2676,2039,1945,3440,2961,3019,3166,3601,8746,1986,894,4544,3507,2029,749,3498,2389,1713,2324,3898,2442,1852,2501,4223,2674,2153,1920,4037,2505,3636,1876,2461,4240,4050,3839,2035,4880,2233,2100,2307,5248,2111,1919,2441,5958,2209,2328,1916,3507,2211,2065,3841,2421,2421,2348,2419,2084,3673,2246,2335,2095,2605,2157,2148,4062,3066,3776,4081,2756,2809,4189,3018,3427,3645,3026,2636,3564,3516,2706,3123,2914,3777,3219,3037,3561,1560,2037,4844,2067,1833,2231,2098,2535,482,3148,1777,1841,2380,5512,1438,1054,3522,4529,2582,2703,2458,1810,2956,1267,1907,2437,1041,2129,1664,2416,2400,7415,2428,2113,2445,2325,1697,2121,2560,1898,2516,2003,2085,2013,2641,2572,2487,3306,1653,2185,2746,1357,2699,2020,2439,3356,1769,3079,2611,3971,2652,3662,4893,1722,3191,1245,3791,1653,3672,2134,3824,2041,3441,1408,4427,3276,4210,2229,4978,1767,3070,2241,3552,1892,4350,1746,5225,1430,4990,1965,3522,2176,1892,4535,1955,3710,1549,5062,2372,3694,2587,1700,2600,3804,3913,1763,5869,2163,2489,2955,5255,2427,2460,2564,4419,2281,1902,2639,3385,2647,1875,2128,3679,2238,3181,2690,3455,2284,1447,1886,3415,2901,1483,1913,3122,2544,1564,1718,3664,1804,4175,1853,3467,5657,2237,1493,3604,1927,2388,3326,2918,2328,2773,2605,3085,1431,3928,2671,2625,2221,4506,2623,3215,1020,4030,1924,1212,2450,3651,2386,2882,2889,5100,2767,2338,1558,2027,1961,1498,1995,1726,1315,2148,2487,2523,1912,2578,1522,1356,1776,3324,1180,1948,2448,2295,1820,9171,4267,6770,1569,1303,2598,6653,1773,3124,3297,1861,1626,3592,4546,1613,1317,3116,2954,1716,1309,3386,3697,1733,2185,2678,3540,2483,1303,2826,3519,1533,1222,2513,1581,1501,3645,3750,1668,1344,3120,4111,1632,1260,2820,7794,2442,858,2208,3532,841,1941,3102,4659,2470,1192,2913,3462,2980,1547,2862,3381,1793,1540,2623,3797,1638,1449,1799,2577,5133,1981,1650,3767,3791,1827,1304,3639,3059,2109,1474,5001,2767,4275,2923,3842,3450,2506,8425,2755,2585,2609,3307,2162,3771,3441,2411,1989,2459,2328,2320,3271
d__Bacteria;p__Bacteroidota,646,606,650,712,660,426,1401,1460,890,1597,1507,1432,1496,1465,1988,1466,1636,1496,1865,1380,1456,1230,1807,1316,1598,1491,1705,817,1433,1199,1761,654,1534,1099,1500,1214,981,1478,1155,1203,1479,1383,1457,1245,1504,1568,1665,974,1440,1343,1238,1430,1479,1568,1643,1352,1417,1524,1661,1298,1491,1544,1863,419,1510,1534,1905,1051,1354,891,1406,1548,1707,1387,1513,1212,1702,1636,1476,1507,1810,1887,1235,1510,1892,1245,2295,994,1263,1344,2712,1210,1042,2587,974,1217,555,1530,1548,1638,255,2458,1202,1468,1056,1999,863,1807,1348,2807,587,1924,294,3271,656,1834,879,2899,561,1916,224,2008,656,1876,1179,1931,1143,2063,123,2139,435,2038,259,2227,574,2449,1385,1886,755,1924,1721,2881,846,1838,1351,2147,765,1180,1180,1434,1279,1355,1756,991,835,1072,1408,916,2457,1465,1623,1314,1859,1744,777,923,1758,1287,1179,1436,999,1351,1216,1666,1369,1386,1809,1248,988,1217,1833,1119,1356,1469,1141,1527,2068,1268,2160,2536,1273,1402,1875,1460,1881,1136,1654,1137,2192,1428,1606,1526,1469,1631,1685,2553,998,815,1771,2035,3128,2770,2681,1724,579,1730,1653,1285,704,2211,2999,1015,3222,1280,741,3341,1990,1798,2573,1987,1865,1215,1204,1562,2072,803,491,1626,866,1610,3404,1944,1715,2682,1558,902,3396,1289,1545,3111,1828,1372,2670,294,1151,1806,3184,952,1588,1258,902,1517,2167,836,2055,812,2377,2277,1793,2301,3347,1957,1474,2037,2314,2091,2094,1637,2394,2034,1144,1865,1597,2264,1607,3100,1692,2410,1304,2313,1046,2329,1499,1761,1998,2329,1752,1675,1287,1496,2421,1969,2008,1644,1346,1876,2942,1636,1346,1035,2474,1180,1113,2311,986,2473,1853,2246,597,1344,1211,1984,1233,1800,1825,1354,2353,1859,1440,2761,1516,2295,1708,3684,1867,2403,676,2013,1336,1370,1610,2356,1835,1395,2172,1301,1022,2506,666,2196,1034,1863,1938,2374,1412,2730,1051,1437,4169,2234,453,1646,1793,2499,1377,2559,1787,2924,2299,2538,1899,3450,1671,2196,1748,1935,1390,2373,1766,2289,929,1356,1302,1753,803,1919,1310,128,486,454,939,1283,1291,1835,2040,1794,1697,1373,1191,616,1032,26,2246,1049,843,850,2080,1992,1130,2333,1635,1357,998,1945,983,668,988,2323,1553,529,735,2247,1583,921,407,2028,1499,1623,633,2122,1254,105,656,1508,699,695,2356,1713,956,605,2250,1546,1364,1048,1695,1362,991,376,1974,1254,822,764,2447,981,205,936,2857,1527,629,1339,2739,1752,306,994,2410,1190,1027,892,1255,2436,1555,1249,982,1968,1290,1041,1433,2634,1763,148,1019,1088,964,569,883,905,1174,748,292,1055,1924,881,615,1579,852,1067,1523,1270,1111,1326,916,0
d__Bacteria;p__Verrucomicrobiota,1,2,0,0,0,225,183,433,151,333,283,390,290,203,598,387,358,333,567,401,483,217,463,274,407,265,361,170,289,207,274,185,333,198,338,170,237,289,313,343,275,199,285,302,389,337,426,326,297,203,334,336,307,290,274,294,302,283,305,205,495,295,254,322,256,281,330,341,541,230,352,353,533,331,379,332,575,342,422,364,367,519,327,341,297,133,125,267,289,86,218,176,359,158,130,349,78,157,100,615,120,216,152,459,184,359,181,445,351,329,42,645,132,167,24,283,196,157,77,586,101,146,79,800,237,139,244,230,5,142,34,492,180,254,88,927,183,128,124,668,328,449,224,660,394,264,188,348,219,288,119,257,729,179,256,376,193,285,279,177,290,293,289,343,123,73,356,107,264,226,84,472,88,350,86,268,269,176,108,33,249,166,77,120,177,425,170,151,349,367,153,313,222,257,362,232,172,156,320,231,260,255,342,344,500,78,143,54,45,220,40,39,124,11,71,243,17,83,140,174,37,92,88,166,116,106,53,253,25,32,278,5,92,171,35,80,32,151,20,284,134,38,264,255,46,187,48,129,213,74,108,201,192,10,140,441,63,160,209,715,65,205,121,66,646,337,718,396,209,663,349,903,72,625,327,689,174,747,131,298,239,504,598,514,201,251,396,1109,201,481,284,193,128,369,77,642,128,182,268,191,714,153,696,120,867,48,225,52,333,678,18,42,194,554,38,72,69,3,147,109,121,58,172,144,121,176,104,237,36,26,127,336,127,166,33,283,44,223,59,97,155,475,78,134,73,132,38,63,75,37,25,475,111,1520,155,1139,89,224,224,204,62,304,27,313,139,510,182,529,24,80,328,4,148,1123,270,737,670,205,61,650,52,82,178,162,336,121,72,302,35,287,82,319,93,114,238,118,144,196,156,112,139,0,112,7,225,650,273,14,360,294,241,303,653,198,130,104,607,241,242,174,388,252,191,169,351,276,214,217,407,268,181,310,680,246,185,782,174,181,160,483,327,144,155,621,254,79,159,403,256,211,63,595,281,117,159,487,237,293,359,313,193,226,236,724,216,174,211,467,253,281,181,310,618,87,235,200,582,173,255,362,279,58,211,59,148,197,257,398,15,418,312,422,114,355,59,278,312,345,156,291,329,0
d__Bacteria;p__Gemmatimonadota,0,0,0,0,0,1,67,195,16,67,76,166,36,51,149,17,49,116,181,24,55,93,180,33,40,93,162,9,32,84,79,7,55,94,176,9,72,84,136,13,57,83,187,15,71,105,103,31,61,95,222,18,58,74,120,32,38,85,121,27,77,119,105,7,64,95,81,9,75,88,141,32,52,36,158,21,57,100,193,49,130,140,23,56,280,21,15,5,184,292,45,228,26,27,4,209,20,169,3,237,2,17,11,689,94,36,2,373,109,75,2,369,18,8,0,162,47,5,3,291,11,10,2,290,31,13,10,83,5,41,2,266,5,49,1,349,66,16,9,331,107,47,28,410,203,24,27,223,93,57,8,41,657,33,21,33,349,77,110,9,128,83,39,36,140,42,6,34,34,49,36,130,62,29,44,67,75,48,23,20,44,83,45,23,237,306,236,324,255,221,252,296,320,261,276,230,335,302,282,413,289,247,262,310,64,3,8,161,25,12,2,1,29,22,1,20,2,2,68,13,1,77,271,2,39,11,4,75,2,0,66,2,1,27,16,6,61,3,1,17,5,1,59,5,3,96,55,10,24,1,11,10,5,45,8,51,18,12,34,126,12,43,0,15,93,153,87,160,46,133,3,70,40,150,24,150,5,55,29,73,56,169,5,61,17,59,23,153,17,98,36,100,24,182,26,122,11,5,206,57,83,18,45,14,66,15,20,2,75,93,3,48,14,25,1,36,14,14,1,25,18,28,2,36,105,17,2,73,24,146,6,73,21,8,2,67,61,6,2,34,18,3,0,31,6,25,7,137,114,26,0,63,9,62,45,2,8,34,55,65,10,100,9,23,2,97,9,13,2,187,28,13,1,92,58,31,5,41,13,24,9,145,46,0,0,32,1,3,3,2,0,11,8,1,6,3,0,4,25,1,6,0,434,16,15,21,401,45,29,497,32,38,8,662,144,27,27,522,32,17,13,464,23,32,9,501,51,59,8,477,54,0,11,276,25,25,417,37,19,13,644,25,39,33,302,8,20,6,398,29,2,6,670,35,1,7,638,60,13,44,637,35,8,37,562,40,30,29,30,632,101,45,31,389,44,35,20,570,20,0,45,163,183,88,70,94,228,136,29,194,261,178,108,165,93,168,151,148,227,178,87,0
d__Bacteria;p__Acidobacteriota,0,1,0,0,0,11,58,27,17,155,87,26,40,70,18,38,150,87,30,23,175,57,15,44,152,46,23,22,127,47,5,16,139,48,12,29,128,65,10,31,139,60,21,27,131,66,12,26,136,52,48,18,129,55,12,33,97,64,19,31,180,81,9,12,142,56,10,26,176,61,10,38,155,154,15,26,151,77,22,35,65,19,20,137,98,1,11,7,188,21,146,158,115,121,15,141,36,42,4,55,71,8,27,140,237,73,1,119,183,106,1,177,92,44,1,55,155,12,6,81,134,9,5,142,131,82,22,54,14,70,0,38,148,108,2,74,148,40,31,165,208,22,53,241,443,60,55,175,337,201,27,65,165,123,97,29,91,141,167,6,101,389,61,24,68,41,87,72,74,61,22,17,36,187,40,206,102,175,36,24,167,186,33,48,155,176,96,126,174,108,123,162,102,117,137,168,103,171,130,132,112,141,151,150,6,8,5,52,22,34,35,3,61,283,87,42,34,26,275,50,8,82,164,9,37,13,94,226,0,67,182,2,36,123,12,67,0,12,3,219,15,17,239,18,45,381,31,28,250,41,88,116,8,18,39,289,21,35,180,571,20,174,0,27,337,176,129,376,22,108,13,135,110,165,59,128,16,124,26,57,109,205,198,95,196,130,209,56,62,216,168,150,209,207,123,123,69,105,345,346,186,89,153,127,135,13,36,8,305,43,23,119,150,344,6,48,31,90,240,120,18,83,79,307,51,549,16,65,23,314,24,105,92,23,65,91,134,13,74,121,107,7,209,68,27,128,287,137,17,17,7,121,106,49,110,23,84,325,42,268,17,307,65,40,188,68,80,21,4,193,287,27,32,71,56,168,70,109,95,122,42,137,45,5,15,69,32,40,8,119,41,237,47,26,90,17,24,112,272,37,52,0,83,7,34,26,167,2,33,193,51,34,27,107,24,5,46,114,71,24,32,97,41,31,21,162,33,37,18,143,27,8,27,43,25,34,105,87,42,43,175,73,39,48,77,3,1,16,116,47,16,28,95,49,13,26,123,132,38,98,165,70,45,63,114,37,31,41,58,151,50,29,51,124,90,10,30,92,69,21,61,30,88,116,51,77,31,76,17,99,141,63,95,108,78,97,86,92,146,90,58,0
d__Bacteria;p__Planctomycetota,0,0,0,0,0,4,15,35,11,82,19,52,23,10,37,25,83,22,70,31,118,16,41,35,116,32,19,5,64,12,31,1,77,24,19,5,80,24,20,10,71,23,22,23,89,14,45,30,62,21,47,29,56,19,13,17,54,18,16,18,127,32,8,15,93,24,14,22,133,26,19,26,106,110,36,31,132,24,30,32,33,80,19,86,0,130,234,18,1,381,139,0,43,89,19,13,33,227,27,3,20,122,61,5,117,230,21,3,79,34,6,9,44,12,6,6,21,38,20,3,50,47,12,10,76,53,26,3,18,80,12,0,101,23,6,3,50,54,55,14,80,289,84,7,86,40,30,13,80,49,67,220,8,129,25,96,23,47,134,51,3,80,148,218,43,20,15,6,52,26,20,49,14,33,12,23,22,15,18,4,23,11,19,8,65,184,56,72,119,140,53,115,83,94,116,103,57,65,135,106,105,84,174,179,244,53,41,460,69,79,64,12,96,262,47,24,10,65,14,200,14,37,18,69,24,9,13,44,7,5,44,6,24,40,127,73,1,38,14,72,29,12,35,127,63,26,94,155,68,18,16,27,10,79,31,108,102,71,42,363,16,35,43,26,15,140,10,9,22,36,7,20,7,18,19,20,24,35,19,11,79,10,18,6,22,12,52,7,36,6,51,5,13,15,23,32,7,7,31,23,26,28,4,9,6,57,17,74,7,10,22,7,71,31,42,2,12,954,276,2,33,42,345,3,29,242,46,10,14,22,161,17,67,19,61,19,19,46,29,7,47,18,82,7,29,11,65,8,2,65,24,6,28,37,7,48,40,5,41,32,56,2,39,25,75,8,57,17,14,14,96,28,259,5,26,304,13,4,22,162,76,63,104,32,107,54,16,139,12,9,26,51,38,20,13,14,5,9,21,14,14,6,2,8,31,70,24,18,19,21,115,40,48,35,109,19,71,12,170,13,45,8,120,17,40,33,156,36,22,33,120,7,63,39,16,66,8,126,28,55,24,76,36,80,57,27,25,21,31,140,11,39,8,70,7,51,17,158,14,243,11,163,13,151,23,114,35,51,135,13,100,46,78,18,92,6,52,11,102,7,103,142,46,40,24,105,47,66,7,42,124,40,39,98,41,45,110,114,122,73,57,0
d__Bacteria;p__CG2-30-53-67,0,0,0,0,0,0,0,0,0,0,0,0,0,0,0,0,0,0,0,0,0,0,0,0,0,0,0,0,0,0,0,0,0,0,0,0,0,0,1,0,0,0,0,0,0,0,1,0,0,0,0,0,0,0,0,0,0,0,0,0,0,0,0,0,0,0,2,0,1,0,0,0,0,0,0,0,0,0,0,0,0,0,0,0,0,0,3,2,0,0,20,0,1,13,2,1,0,2,0,0,0,0,0,0,2,8,1,7,0,210,0,0,0,5,3,9,0,9,0,2,0,3,0,3,0,31,0,0,0,3,0,4,0,10,0,0,0,9,3,0,1,0,0,0,2,3,5,1,3,10,0,1,0,0,11,0,0,0,40,0,2,5,21,0,1,1,0,0,0,0,0,0,0,0,0,0,0,1,0,0,1,0,0,0,0,0,0,0,0,0,0,0,0,0,0,1,0,0,0,0,0,0,0,0,0,15,4,0,32,0,0,16,0,21,0,0,17,0,0,1,18,1,47,14,0,46,17,3,226,2,0,3,0,3,6,3,0,2,5,0,5,4,4,4,0,2,0,0,0,9,14,1,26,0,0,5,3,7,0,513,3,8,18,1,22,1,0,10,0,11,0,1,0,13,0,18,0,0,0,39,0,23,0,26,0,5,8,14,0,17,0,10,0,20,0,19,0,0,29,0,14,0,17,6,28,0,29,31,5,2,71,3,5,20,234,36,1,6,3,4,0,108,9,18,0,28,21,8,0,4,99,0,13,22,91,152,0,12,17,61,0,18,49,53,0,3,21,18,0,2,118,114,0,17,21,1,20,21,0,2,0,16,0,5,72,11,0,85,2,9,5,3,9,40,0,72,0,40,2,50,10,0,0,0,1,1,0,0,0,1,0,3,0,0,0,0,0,0,1,0,1,2,0,0,0,0,0,0,0,1,0,1,0,0,0,0,0,0,0,0,0,0,3,0,0,0,0,0,0,0,0,0,0,0,0,0,0,0,0,0,0,0,0,0,0,0,0,0,0,0,0,0,0,0,0,0,0,0,0,0,0,3,0,0,0,0,0,0,0,0,0,0,0,0,0,0,0,0,0,0,0,0,0,0,0,0,0,0,0,0,0,0,0,0,0,0,0,0,3,0,0,0
d__Bacteria;p__Deinococcota,747,767,736,761,756,0,0,0,0,0,0,0,0,0,0,0,0,0,0,0,0,0,0,0,0,0,0,0,0,0,0,0,0,0,0,0,0,0,0,0,0,0,0,0,0,0,1,0,0,0,2,0,0,0,0,0,0,0,0,0,0,0,0,0,0,0,0,0,1,0,0,0,0,0,1,0,0,0,0,0,0,0,0,1,0,73,0,0,0,8,0,0,5,0,0,0,0,0,0,0,0,0,0,0,0,0,4,2,0,0,0,0,0,2,0,0,0,0,0,0,0,0,1,0,1,1,14,0,2,0,0,0,0,0,0,0,0,0,4,0,1,0,0,0,0,0,2,0,0,5,2,2,1,0,4,1,0,17,0,0,0,0,0,0,3,0,0,0,0,0,0,13,0,0,0,0,0,1,0,0,1,0,4,0,2,0,1,0,0,0,0,7,0,0,0,0,0,0,0,0,0,0,0,0,73,7,2,3,0,0,6,1,0,0,1,0,2,0,0,0,0,0,0,0,1,2,1,0,1,0,1,0,1,1,0,3,5,2,0,1,0,0,0,0,2,2,0,0,2,0,4,2,3,19,7,1,0,7,3,0,2,1,19,1,0,0,0,0,0,0,0,0,0,0,2,0,3,0,0,0,13,0,0,0,0,0,4,0,0,0,2,0,2,0,0,0,0,7,0,0,0,0,0,1,0,22,0,0,0,0,0,0,1,1,0,0,2,0,0,0,0,0,0,0,0,0,0,1,2,0,3,0,3,6,1,0,0,2,0,0,2,0,1,0,0,0,0,0,8,3,2,0,0,0,0,1,1,1,0,1,0,0,0,2,2,1,1,1,6,0,0,0,1,0,8,0,0,0,6,0,0,4,7,1,2,4,0,2,6,1,0,1,0,3,0,0,3,11,0,0,1,0,0,3,0,2,0,1,0,0,0,0,2,0,1,0,0,0,0,0,2,0,0,0,0,0,0,0,0,0,0,0,0,0,0,0,0,2,0,0,0,0,0,0,0,43,0,1,0,0,0,0,0,0,2,0,0,0,1,0,0,0,0,5,0,0,0,0,0,0,0,0,0,0,0,0,0,0,0,0,0,6,0,0,0,2,0,1,6,0,0,0,0,0,5,0,0,2,1,2,0,0
d__Bacteria;p__Bacillota_I,4058,4128,4245,4235,4194,33,20,6,3,11,6,18,9,29,5,6,10,4,6,13,2,6,2,10,18,4,5,24,23,47,13,13,14,4,9,12,22,31,9,7,11,22,9,6,14,12,1,8,10,2,26,3,7,29,17,3,13,4,19,2,8,14,8,95,8,8,5,9,11,2,4,9,9,8,7,11,18,7,7,6,3,5,4,18,5,6,14,3,541,1,0,327,1584,37,4,9,745,2,5,2,393,3,22,0,32,0,15,59,17,0,2,2,841,5,1,13,347,11,1,1,961,8,0,8,1,0,4,7,315,1,15,3,354,5,8,3,0,40,2,3,0,0,5,637,0,1,1,14,1,6,1,3,6,0,16,8,161,5,0,17,0,5,21,0,5,1,0,4,1,4,1,1,1,0,0,3,3,3,1,1,1,3,32,1,17,8,11,17,12,8,10,5,14,9,14,3,3,7,7,17,12,8,6,6,3,148,3,1,24,2,80,4,1,1,2,1,7,3,81,0,1,107,0,1,10,59,7,1,12,0,1,37,1,5,20,0,2,34,2,3,12,11,2,90,2,17,12,5,1,57,3,1,18,5,7,0,6,1,7,3,3,6,106,1,4,4,0,3,9,0,0,0,0,0,0,6,32,1,20,3,1,1,2,0,5,1,4,0,4,0,20,0,3,0,2,0,7,0,3,0,2,6,0,1,0,11,43,0,2,1,0,1,16,17,0,1,3,18,0,0,6,22,1,0,7,8,2,6,13,0,0,0,13,13,0,15,51,30,0,2,4,34,0,3,0,52,2,0,5,24,2,1,9,17,3,63,0,4,2,37,14,1,32,778,0,0,4,3,2,37,3,13,0,8,13,6,0,3,59,9,3,110,25,4,19,2,20,233,13,9,28,5,5,27,19,38,121,0,1,37,14,46,2,2,0,3,1,0,0,0,2,0,4,1,5,0,3,1,1,3,7,0,6,0,1,3,4,0,7,0,3,3,10,5,0,2,0,4,0,3,0,2,0,6,0,12,0,3,3,4,5,25,1,7,6,3,1,0,6,12,0,6,4,4,3,1,0,3,1,0,1,4,3,0,1,0,6,0,1,5,11,3,2,1,0,1,4,0,5,0,6,0,3,1,133,1,0,1,3,1,2,6618
d__Bacteria;p__Myxococcota_A_473307,0,0,0,0,0,15,87,372,20,91,130,375,68,67,364,59,89,149,307,80,93,116,365,70,77,119,416,22,84,85,324,14,78,94,465,61,100,101,305,58,71,118,500,46,93,123,281,58,87,86,378,79,84,120,345,50,71,100,273,62,156,127,305,14,65,90,346,37,107,59,307,95,108,87,322,74,126,149,304,96,100,345,49,52,29,15,39,24,14,22,207,65,61,189,21,50,16,176,45,18,4,34,57,33,55,106,11,25,35,153,17,32,2,62,21,38,68,33,31,47,41,43,23,56,54,208,56,39,25,58,40,12,22,225,26,20,63,70,57,88,89,70,32,45,143,74,77,26,135,246,68,77,40,34,88,53,14,48,114,27,16,94,134,132,75,26,11,211,21,26,21,189,16,36,63,64,16,60,74,7,47,41,8,12,71,268,69,148,121,166,212,60,166,190,189,153,92,211,143,161,252,177,223,220,21,87,16,10,10,42,12,12,38,32,41,23,16,36,22,46,20,47,6,75,27,39,58,57,22,11,66,17,45,35,10,95,23,13,29,91,26,27,82,25,25,102,193,249,64,15,128,89,28,123,104,103,37,49,70,84,42,118,12,114,149,74,35,81,1,182,2,43,25,58,44,154,10,103,56,77,57,32,50,104,34,143,149,19,14,134,68,41,43,53,65,67,15,16,244,23,137,18,131,55,69,14,316,56,12,22,42,17,58,139,50,43,24,56,211,5,20,58,66,52,23,157,67,57,30,2,147,76,45,87,72,61,21,47,24,11,69,34,116,47,30,64,85,40,29,34,87,48,40,108,18,45,123,126,5,108,123,123,39,120,162,22,144,55,71,62,125,98,118,53,74,69,32,46,51,110,61,40,9,1,37,16,6,21,0,13,11,143,17,4,31,27,4,49,40,2,28,14,43,125,77,52,31,29,345,154,227,442,66,49,260,211,33,53,358,127,27,54,270,450,74,77,142,76,32,63,283,29,107,23,152,48,53,359,165,61,114,80,133,40,47,1,300,31,53,285,312,60,73,96,19,22,126,298,21,45,107,210,83,111,59,43,155,29,20,88,323,321,53,44,195,334,29,61,348,18,31,325,91,109,63,70,29,110,231,93,215,64,131,48,101,106,64,59,133,79,50,0
d__Bacteria;p__Campylobacterota_A,566,546,562,556,553,0,0,1,0,0,0,0,0,2,0,0,5,0,0,0,7,0,2,0,4,0,0,0,3,1,4,0,1,0,3,0,5,0,0,0,3,0,0,0,0,0,5,0,1,0,1,0,0,0,2,0,0,2,0,1,0,3,0,0,0,0,0,0,0,0,0,0,0,0,0,0,0,0,0,0,0,4,0,0,0,0,0,0,1,0,0,0,0,0,0,0,0,0,0,0,0,0,0,0,0,0,0,0,0,0,0,0,0,0,0,0,0,0,0,0,0,0,0,0,0,0,0,0,0,0,0,0,0,0,0,0,0,0,0,0,0,0,0,0,0,0,0,0,0,0,0,0,0,0,0,0,0,0,0,0,0,0,0,0,0,0,0,0,0,0,0,0,0,0,0,0,0,0,0,0,0,0,0,0,0,0,3,0,0,1,1,0,0,0,1,0,0,0,7,3,0,1,1,3,0,0,0,0,0,0,0,0,0,0,0,0,0,0,0,0,0,0,0,0,0,0,0,0,0,0,0,0,0,0,0,0,0,0,0,0,0,0,0,0,0,0,0,0,0,1,0,0,0,0,0,0,0,0,0,0,0,0,0,0,0,0,0,0,0,0,0,0,0,0,0,0,0,0,0,0,0,0,0,0,0,0,0,0,0,0,0,0,0,0,0,0,0,0,0,0,0,0,0,0,0,0,0,0,0,0,0,0,0,0,0,0,0,0,0,0,0,0,0,0,0,0,0,0,0,0,0,0,0,0,0,0,0,0,0,0,0,0,0,0,0,0,0,0,0,0,0,0,0,0,0,0,0,0,0,0,0,0,0,0,0,0,0,0,0,0,0,0,0,0,0,0,0,0,0,0,0,0,0,0,0,0,0,0,0,0,0,0,0,1,0,0,0,0,0,0,0,0,0,0,0,0,0,0,0,0,0,0,0,0,0,0,0,0,0,0,0,0,0,0,0,0,0,0,0,0,0,0,1,0,0,0,0,0,0,0,0,0,0,0,0,0,0,0,0,0,0,0,0,0,0,0,0,0,0,0,0,0,0,0,0,0,0,0,0,0,0,0,0,0,0,0,0,0,0,0,0,0,0,0,0,0,0,0,0,0,0,0,0,0,0,0,0,0,0,0,0,0
d__Bacteria;p__Bacillota_A_368345,628,539,555,524,552,111,2,17,2,29,0,7,5,1,9,1,36,1,11,3,29,0,12,9,26,3,18,43,44,1,22,12,30,2,13,3,42,4,17,8,17,1,31,6,32,1,12,14,21,0,29,4,37,2,30,4,13,3,13,7,29,1,8,25,33,4,6,12,26,9,9,8,34,17,9,7,31,2,11,6,0,7,5,31,3,3,2,16,0,8,0,23,15,0,17,13,9,0,10,3,31,0,35,6,13,1,12,7,16,0,12,0,5,0,12,10,6,0,14,2,46,0,27,4,7,0,7,6,20,0,48,1,35,0,19,2,1,0,30,7,3,1,20,5,3,0,24,13,7,0,6,26,3,5,3,20,0,16,1,47,10,4,0,13,4,5,2,4,2,4,3,8,4,3,16,3,5,1,17,9,5,5,5,9,2,1,2,3,3,2,7,4,3,5,4,1,4,3,4,3,2,4,4,3,8,0,22,4,4,8,0,6,2,0,11,16,0,9,36,0,4,47,0,12,12,1,7,6,0,10,7,0,10,18,0,18,4,0,9,10,0,8,8,0,6,21,0,6,15,0,12,16,0,9,7,15,2,10,17,0,10,10,0,7,2,3,2,1,2,2,0,2,6,0,1,1,6,3,4,0,12,0,7,0,6,3,11,0,21,1,11,0,8,2,12,0,0,8,2,4,1,3,1,1,2,32,0,4,27,11,0,9,27,1,2,3,10,1,8,2,8,0,5,1,14,0,5,11,24,0,6,5,20,0,2,2,40,0,5,6,19,0,2,2,20,1,1,6,7,0,6,9,32,0,6,0,3,8,14,1,2,4,11,0,7,10,21,0,5,1,6,0,9,2,14,0,2,4,13,0,4,14,16,3,15,6,6,32,22,66,17,9,12,20,5,32,5,2,11,16,6,7,2,6,1,22,1,3,1,5,11,2,17,1,27,0,35,0,24,15,53,1,19,13,29,0,42,9,35,3,40,25,52,3,8,23,5,9,4,20,1,15,2,20,2,3,2,10,4,17,0,15,7,35,11,20,2,16,18,49,1,24,10,44,2,19,0,25,22,1,9,2,36,2,3,0,20,0,5,38,33,11,0,4,2,5,1,3,10,6,3,3,3,8,30,6,3,5,6,1,6,0
d__Bacteria;p__Patescibacteria,0,0,0,0,0,48,19,44,39,52,9,36,20,18,37,19,49,15,54,32,54,9,55,32,55,11,31,22,48,11,19,20,58,8,18,17,58,13,17,27,44,17,13,36,36,12,39,37,50,8,34,24,56,9,43,37,39,11,92,15,91,10,40,51,55,13,40,44,125,11,32,22,91,45,26,30,64,8,39,24,14,50,32,71,3,113,13,7,11,97,65,42,47,29,3,18,53,3,3,2,35,12,14,2,18,22,4,7,32,10,0,13,21,17,0,11,29,12,15,0,42,29,12,14,26,16,162,5,4,73,0,10,23,101,3,2,18,38,26,5,54,60,14,6,38,24,10,15,84,87,16,19,5,38,44,27,0,37,21,8,6,69,12,41,44,51,199,36,36,94,54,74,50,136,80,91,164,32,46,32,186,46,81,90,17,19,20,8,29,22,4,26,14,12,17,29,6,6,13,3,14,10,22,14,195,15,0,206,10,20,6,0,155,0,0,19,0,2,10,4,0,10,0,8,10,10,1,99,2,7,34,16,10,47,4,7,1,3,1,32,23,1,202,6,2,18,164,11,49,166,4,40,10,1,18,170,12,14,48,4,1,67,5,8,8,347,0,12,45,14,20,4,11,2,71,0,126,12,42,5,121,0,42,0,45,17,129,1,22,0,86,0,18,1,33,2,26,43,0,42,1,123,26,65,3,32,42,0,1,182,63,19,32,27,0,3,14,5,1,5,26,17,13,4,0,6,9,0,25,0,11,34,37,61,4,60,13,3,14,0,16,17,0,0,14,19,3,31,1,12,4,0,40,120,0,6,8,0,27,86,8,3,13,21,3,3,46,21,2,0,124,7,6,3,10,1,4,0,28,6,3,69,9,8,26,33,32,86,10,86,50,91,22,24,12,36,18,34,97,30,15,0,8,35,16,17,14,22,3,21,60,10,25,13,10,4,24,10,20,24,18,10,22,13,19,28,22,4,22,26,21,42,18,33,23,35,8,28,24,10,15,24,11,17,40,12,0,10,15,29,5,12,14,2,28,11,8,12,17,28,14,12,47,45,8,1,25,15,26,22,15,12,26,8,5,13,13,10,21,103,17,84,50,7,68,21,10,93,15,51,25,48,15,27,25,30,23,100,43,69,64,0
d__Bacteria;p__Bdellovibrionota_473306,0,0,0,0,0,12,72,51,10,19,54,40,19,43,40,5,36,40,53,16,20,36,52,11,23,28,35,15,20,33,24,11,26,32,29,15,22,33,32,12,16,39,35,48,28,43,35,56,19,35,30,16,21,40,33,24,16,45,58,15,43,37,42,23,25,50,34,11,32,39,36,14,20,22,36,13,14,46,52,16,54,65,17,26,21,10,531,8,1,87,154,6,33,55,5,0,75,70,4,6,18,159,15,0,41,12,9,28,33,44,1,3,22,2,2,66,75,229,4,8,58,104,76,17,108,95,8,14,0,87,4,42,25,175,0,0,33,171,10,2,104,35,23,1,47,12,8,3,56,75,19,27,0,140,79,5,0,25,85,4,1,44,48,17,59,1,10,1,15,22,1,22,3,36,10,16,22,26,4,4,15,78,6,11,81,79,89,44,108,79,54,94,62,73,94,75,55,76,81,82,88,99,98,97,19,19,32,128,5,11,20,12,32,6,1,10,25,14,18,27,0,10,2,11,17,13,0,64,7,2,22,1,1,22,7,20,0,10,2,16,62,1,78,20,8,41,23,28,31,12,21,24,9,2,44,89,26,24,25,47,12,32,4,27,95,297,25,5,2,11,3,6,1,6,42,87,2,22,6,27,91,36,23,16,56,3,10,11,5,8,34,10,33,29,7,8,8,39,0,69,42,6,3,23,6,33,106,52,23,28,7,11,21,41,2,0,6,16,10,5,10,68,11,4,8,76,4,10,7,0,14,17,16,33,3,10,22,31,11,6,13,20,10,15,2,146,22,0,10,28,2,18,17,150,3,50,11,10,26,73,13,7,15,86,19,6,12,51,9,0,69,22,15,9,3,58,7,2,19,107,6,26,0,5,0,136,0,2,4,7,5,6,4,6,2,14,7,5,21,0,4,0,20,153,17,3,3,73,20,6,143,35,4,8,94,13,7,12,217,47,4,4,275,19,0,26,120,19,5,15,171,16,5,82,33,2,8,212,24,3,6,206,13,3,11,1,21,0,20,225,37,1,8,377,25,46,3,388,25,21,8,392,24,5,7,352,11,3,5,10,528,27,3,11,182,6,0,2,277,14,5,106,41,25,22,11,15,47,13,33,78,38,16,36,34,50,27,52,41,58,24,0
d__Bacteria;p__Desantisbacteria,0,0,0,0,0,6,4,31,6,27,8,162,7,7,47,2,103,1,107,10,14,2,64,5,169,4,26,13,97,1,115,1,12,2,18,6,7,1,25,6,7,2,32,10,92,1,95,2,6,4,40,5,5,3,43,6,73,0,42,8,31,6,44,15,268,2,60,5,6,0,55,4,7,297,56,3,34,5,58,2,3,190,1,12,0,3,1,4,0,2,0,0,8,4,0,4,21,0,0,3,7,0,4,3,10,0,2,4,4,1,7,2,3,0,0,0,16,0,12,2,1,0,46,0,8,2,5,0,9,2,1,2,5,0,17,3,7,0,10,0,52,2,10,3,12,0,0,2,15,0,11,4,2,1,0,9,0,10,0,1,0,13,7,22,0,11,7,10,0,9,0,0,5,38,3,33,27,7,2,26,34,18,22,2,3,4,2,4,2,11,8,1,2,9,5,4,2,5,2,2,9,2,4,9,1,1,1,19,0,31,5,1,5,0,0,32,0,172,0,3,5,16,0,4,8,0,3,5,56,0,18,0,2,9,0,3,7,1,9,37,1,4,12,5,17,4,0,42,11,0,2,6,0,0,27,2,3,0,19,1,7,5,4,17,22,0,0,0,45,7,37,0,35,1,1,0,6,4,20,0,0,3,0,0,4,1,0,3,10,19,30,2,0,0,0,3,16,10,0,8,0,45,2,7,348,0,2,24,2,2,0,0,12,1,1,10,3,3,0,16,10,0,33,0,13,54,2,0,10,0,4,33,31,3,3,13,8,0,2,2,1,20,8,77,12,2,6,18,11,7,11,3,11,0,7,0,5,17,4,2,44,3,21,2,19,54,9,0,238,2,3,0,5,2,7,29,87,12,0,11,19,0,47,3,8,47,30,15,0,4,7,0,17,31,9,0,26,4,0,32,6,0,3,34,2,8,13,46,0,10,15,9,7,6,59,3,20,11,17,0,20,6,14,0,1,12,26,5,1,5,29,6,7,9,6,2,1,18,7,12,7,20,1,15,10,113,0,4,8,11,18,6,11,40,1,10,12,6,0,16,3,26,6,5,8,31,1,10,17,5,48,3,12,3,16,4,24,0,62,6,21,1,11,4,0,7,2,4,0,3,0,0,2,4,6,2,2,1,2,6,8,0
d__Bacteria;p__Thermosulfidibacterota,0,0,0,0,0,0,1,18,0,34,0,34,1,2,15,1,12,1,7,1,29,2,23,0,16,2,25,0,25,0,20,0,26,0,19,3,35,0,13,0,26,0,18,0,16,0,18,0,25,0,20,1,19,0,12,0,25,0,11,1,28,0,13,0,22,0,15,0,26,1,8,1,23,22,17,0,31,1,27,0,0,17,0,22,7,1,84,1,9,0,429,11,0,22,0,43,3,53,0,0,1,4,3,23,4,34,0,15,2,22,0,138,0,5,1,8,2,9,3,20,2,11,0,11,0,19,4,2,0,23,0,9,0,15,0,0,6,7,1,17,12,274,8,9,4,6,2,23,19,8,19,30,29,0,10,3,23,1,9,4,0,3,13,34,6,0,3,0,0,0,0,27,0,1,4,2,2,1,0,1,0,3,0,1,0,3,0,2,0,0,2,0,2,1,3,5,0,4,0,4,1,3,0,1,0,10,0,0,8,11,0,0,0,11,4,1,2,1,0,8,0,0,0,0,0,0,0,0,12,0,3,6,0,0,0,5,0,10,1,1,8,0,0,0,0,0,0,65,2,1,2,0,24,174,58,0,9,0,0,3,0,2,11,27,0,0,15,0,1,0,0,2,41,12,0,5,1,0,1,3,5,1,24,3,0,0,4,2,2,0,2,0,0,0,43,2,8,0,1,2,0,1,0,10,0,0,2,2,28,0,26,0,0,0,0,0,6,3,52,0,2,0,10,1,1,12,0,21,6,0,3,1,0,0,0,1,0,0,0,0,6,0,11,2,0,2,28,0,0,0,4,0,1,3,0,0,6,0,0,0,12,7,1,2,0,0,4,5,39,0,0,0,1,0,3,3,7,0,7,44,11,0,117,0,12,3,0,0,0,7,0,8,21,0,0,6,5,2,0,2,8,0,32,0,17,2,6,0,86,116,12,50,0,58,13,104,0,28,10,4,3,14,14,42,0,25,11,24,2,52,6,0,3,0,11,0,31,18,25,0,75,9,24,2,38,0,34,2,37,16,32,4,78,0,0,2,87,23,0,7,53,8,4,2,49,2,3,0,3,61,1,79,2,44,6,39,0,31,20,3,5,11,2,8,0,3,0,0,2,1,4,1,11,0,1,0,1,0,7,1,2,0
d__Bacteria;p__Bdellovibrionota_461973,0,0,0,0,0,34,86,0,11,15,18,0,8,18,0,12,22,33,0,14,27,40,0,9,26,45,0,18,8,34,0,26,20,46,1,24,19,41,0,10,10,25,0,23,12,38,0,9,18,38,0,9,15,47,2,15,22,49,0,4,13,50,0,31,9,45,0,13,13,69,1,6,21,19,1,11,25,34,3,9,50,0,16,29,4,0,0,85,4,0,1,0,4,4,72,19,0,1,61,1,2,0,14,0,3,0,75,4,4,0,32,3,3,0,47,3,1,0,21,0,2,0,26,3,0,2,55,0,0,1,65,0,0,3,34,0,0,0,80,3,0,0,15,3,0,0,64,8,0,17,7,19,5,0,13,55,0,0,0,31,1,0,0,9,1,0,0,0,6,3,6,0,1,5,1,4,5,2,2,0,2,13,2,4,21,15,24,23,9,20,24,19,26,34,22,31,16,23,27,9,15,11,12,26,0,2,3,0,0,3,2,0,0,0,111,0,0,7,0,0,3,0,0,14,0,0,3,0,0,4,0,0,8,5,0,31,0,0,5,3,6,7,2,1,2,1,1,23,2,1,7,0,0,0,8,0,0,12,1,0,0,4,0,3,0,103,0,1,0,7,0,0,0,1,0,0,0,8,0,3,0,1,0,0,3,1,2,0,2,0,1,0,1,0,3,0,0,0,0,0,0,1,0,1,0,0,4,0,1,0,0,0,0,5,0,1,0,0,28,0,0,0,2,2,0,2,0,1,1,0,1,3,0,3,2,1,1,0,0,0,0,0,1,0,0,2,12,0,0,0,0,0,0,2,0,0,0,3,0,4,15,0,0,0,2,0,0,0,0,21,1,0,4,0,0,0,0,0,5,2,3,41,0,0,0,0,0,5,0,2,2,0,2,0,0,0,0,1,0,0,1,0,25,0,0,37,27,0,0,33,7,0,25,25,0,0,49,18,13,1,59,29,11,2,27,33,3,2,28,35,7,0,51,26,0,43,22,6,0,57,32,4,0,45,21,0,2,31,49,7,0,36,34,12,5,45,24,3,2,88,35,7,0,61,39,3,1,34,42,32,4,0,45,29,9,0,65,22,4,3,45,2,37,11,18,32,12,69,0,21,22,10,40,18,14,15,22,48,51,30,36,0
d__Bacteria;p__Nitrospirota_A_437815,0,0,0,0,0,0,1,9,2,0,1,2,0,0,2,1,6,1,4,0,4,0,5,2,3,0,4,0,6,3,0,2,1,0,1,0,5,0,3,0,2,1,7,0,6,0,4,0,0,0,3,0,0,0,2,0,5,0,0,0,1,0,5,0,1,0,3,0,6,3,1,1,0,5,3,1,5,0,8,0,3,1,2,3,2,0,0,0,4,2,0,0,3,1,0,4,0,0,0,1,4,0,1,0,9,0,0,0,11,3,0,0,2,4,0,0,1,0,0,0,12,0,0,1,8,0,2,3,0,0,0,0,21,1,1,0,16,0,0,2,3,0,6,0,8,1,3,4,16,2,0,3,0,3,2,1,0,7,0,1,3,16,0,0,14,0,13,4,11,15,5,2,1,33,1,25,15,34,9,5,27,22,0,5,0,5,4,3,2,2,6,4,1,2,0,18,4,2,2,5,0,0,2,2,0,0,0,0,0,1,0,0,2,0,2,0,0,0,0,1,0,0,0,0,1,1,0,19,0,0,8,0,0,6,0,0,0,0,0,2,0,0,8,0,0,11,0,1,5,0,0,2,0,0,0,17,2,0,4,0,0,4,0,3,1,53,3,15,0,9,2,7,0,5,3,15,1,11,1,1,1,3,7,6,20,5,1,1,3,9,12,3,11,16,4,12,4,8,9,39,21,8,2,4,0,0,0,0,0,0,0,6,4,0,0,2,0,0,0,0,0,0,0,2,1,3,0,6,1,0,4,9,5,1,0,2,1,0,0,6,2,0,0,1,0,0,0,2,0,0,0,0,3,2,0,0,0,2,10,0,0,1,0,0,1,1,1,0,0,0,11,0,0,2,0,0,0,0,1,0,0,22,0,2,0,5,2,6,2,7,5,4,2,3,3,2,3,15,30,1,2,0,0,0,1,4,0,1,0,0,2,1,3,0,2,0,4,0,0,0,2,0,2,0,1,0,0,0,2,0,0,0,2,0,0,1,0,0,1,3,0,0,0,6,0,0,0,0,0,0,0,4,0,0,0,1,0,0,1,10,0,0,2,0,0,0,0,6,7,0,0,3,10,0,4,0,2,0,0,0,3,7,6,6,0,9,0,2,0,2,0,6,12,2,13,8,9,6,7,6,3,0
d__Bacteria;p__Armatimonadota,0,0,0,0,0,0,0,1,0,0,0,5,4,0,2,1,0,1,2,3,0,0,4,3,2,0,6,1,0,0,3,0,0,0,2,6,0,0,4,0,0,0,3,0,0,0,6,3,0,0,3,4,0,0,2,2,0,1,4,0,0,0,0,0,0,0,0,3,0,0,5,2,1,3,2,2,0,0,3,1,1,6,4,3,26,0,2,0,33,7,0,12,3,0,1,30,3,1,35,25,0,2,7,31,2,0,0,51,5,10,0,24,1,0,1,23,4,0,1,36,3,0,4,44,2,2,16,16,0,2,4,25,7,0,1,25,0,0,12,32,0,10,2,30,6,1,7,20,3,1,7,6,46,1,3,1,0,0,0,11,34,3,0,16,17,0,0,1,6,1,0,76,1,4,0,5,4,2,0,3,2,4,0,3,0,1,0,0,1,1,2,0,3,0,2,4,0,3,1,0,1,0,0,1,3,1,5,0,0,5,0,8,5,12,20,1,3,6,0,0,0,1,1,1,9,4,6,4,2,4,8,0,10,2,9,9,0,1,2,5,3,6,8,4,4,4,5,3,3,1,10,2,0,2,12,2,0,6,2,4,28,3,0,10,43,6,22,32,7,30,3,10,4,43,17,22,22,62,4,34,33,37,8,17,5,33,2,12,5,16,6,49,6,30,16,11,6,5,16,8,34,3,9,22,6,1,4,3,7,1,1,3,9,1,3,2,12,17,14,3,4,0,14,10,13,2,3,4,6,15,7,25,11,5,0,3,2,0,5,7,5,2,1,4,0,5,3,8,0,5,3,3,1,4,0,4,2,6,0,13,4,7,1,1,8,4,6,3,2,4,8,0,7,3,3,2,5,7,3,9,2,8,64,5,174,15,3,1,2,10,7,3,77,12,6,34,12,20,8,18,17,0,3,1,4,0,0,0,1,2,0,0,0,1,2,0,0,1,0,1,0,0,0,0,1,0,0,2,0,0,0,0,0,2,1,0,0,0,5,0,1,0,0,1,0,1,0,1,0,0,0,0,0,3,1,0,0,1,3,2,1,1,1,0,2,0,0,3,1,2,2,3,0,0,0,0,0,0,2,0,0,13,0,1,0,6,0,0,4,3,0,0,1,1,1,1,1,0,0,3,1,0
d__Bacteria;p__Fibrobacterota,0,0,0,0,0,0,0,56,0,0,0,47,2,0,75,3,0,0,79,0,0,0,68,0,0,0,33,0,1,0,28,0,0,2,34,0,0,0,54,0,0,0,37,0,0,0,47,0,0,0,30,0,0,0,32,0,0,0,57,1,0,0,44,0,0,0,49,0,0,0,58,0,1,0,42,0,0,0,43,1,0,84,0,0,0,0,0,0,0,0,0,0,0,0,0,0,0,0,0,0,0,0,0,0,0,0,0,0,0,0,0,0,0,0,0,0,0,0,0,0,0,0,0,0,0,0,0,0,0,0,0,0,4,2,0,0,0,2,0,0,0,1,0,0,1,0,0,0,0,0,0,0,0,0,0,0,0,0,0,0,0,0,0,0,0,0,0,0,0,0,0,0,0,0,0,1,0,0,0,0,1,0,0,0,4,9,3,5,7,6,2,8,5,6,7,8,3,4,8,1,6,6,4,7,0,0,0,0,0,0,0,0,0,0,0,0,0,0,0,0,0,0,0,0,0,0,0,0,0,0,0,0,0,0,0,0,0,0,0,0,0,0,0,0,0,0,2,0,0,0,0,0,0,0,0,0,0,0,0,0,0,0,0,0,0,1,0,0,0,0,0,0,0,0,0,0,0,0,0,0,0,0,0,0,0,0,0,0,0,0,0,0,0,0,0,0,0,0,0,1,0,0,0,0,0,0,0,0,0,0,0,0,9,0,0,0,0,0,0,0,0,0,0,0,0,0,0,0,0,0,0,0,0,0,0,0,0,0,0,0,0,0,0,0,0,0,0,0,0,0,0,0,0,0,0,0,0,0,0,0,0,0,0,0,0,0,0,0,0,0,0,0,0,0,0,0,0,0,0,1,0,0,0,0,0,0,0,0,0,0,0,0,0,0,0,0,0,0,0,0,0,0,0,0,0,0,0,0,0,0,0,0,0,0,0,0,0,0,0,1,0,0,3,0,0,0,0,0,0,0,3,0,0,0,0,1,0,0,0,0,0,3,0,0,0,0,0,0,0,0,0,0,0,0,0,0,0,1,0,0,0,5,0,0,0,0,0,0,0,0,0,0,0,0,0,0,0,0,0,0,0,0,0,0,0,0,0,0,0,1,11,0,1,0,0,0,0,0,0,0,0,0
d__Bacteria;p__Desulfobacterota_B,0,0,0,0,0,0,4,1,0,0,0,1,3,1,0,1,2,0,0,2,4,0,6,6,0,0,2,0,1,0,0,0,0,0,1,1,4,0,0,0,5,0,2,1,1,0,0,2,1,0,1,5,0,1,0,5,2,0,1,5,2,0,2,0,3,0,0,4,2,0,0,5,0,0,0,3,0,1,0,8,0,0,1,1,9,0,5,2,5,2,14,44,11,8,6,20,7,0,3,11,5,0,7,6,46,14,1,5,30,29,0,4,7,13,1,21,30,0,1,0,14,1,4,4,20,19,3,32,0,2,2,3,0,11,0,14,29,5,2,49,33,6,0,7,105,5,5,33,33,39,2,0,2,27,28,2,0,31,0,0,23,37,1,1,3,0,3,0,1,3,2,8,7,8,3,8,0,9,2,1,10,9,5,2,6,3,4,5,2,2,8,5,4,6,2,1,1,10,0,2,8,3,4,3,13,0,3,5,0,8,0,0,7,0,2,1,0,2,0,6,0,22,12,1,18,0,2,7,0,0,6,0,0,6,0,4,1,0,0,5,3,0,17,0,2,38,1,3,18,0,5,9,0,1,4,11,9,4,18,0,2,26,0,1,30,12,16,59,0,20,4,12,0,23,3,12,1,41,0,16,0,48,5,23,16,29,6,13,7,51,10,31,19,57,9,36,15,12,49,22,54,1,26,4,6,2,0,3,3,3,0,26,11,0,0,27,4,0,0,4,9,0,0,7,5,2,0,15,3,0,4,44,4,0,0,26,30,0,1,17,14,0,0,13,2,0,0,20,5,1,0,2,6,5,4,0,4,29,5,7,6,10,6,0,2,14,4,0,0,8,10,1,3,6,19,0,0,13,0,1,0,8,1,2,3,1,4,8,0,5,2,39,7,4,9,6,1,9,15,2,5,0,5,1,8,8,0,0,7,0,6,3,4,3,12,2,9,1,9,9,5,0,4,5,2,0,8,4,6,2,15,2,8,0,0,7,2,16,3,5,2,9,2,6,2,0,0,5,0,24,3,3,0,4,0,6,0,6,1,2,0,8,3,7,4,12,0,4,4,0,14,6,5,0,10,6,2,2,14,2,8,4,11,8,9,1,1,7,5,3,3,3,10,0,2,2,5,2,6,3,18,0
d__Bacteria;p__Chlamydiota,0,0,0,0,0,0,38,1,0,0,3,1,0,4,0,1,3,0,3,2,0,5,1,1,1,0,1,2,0,26,3,0,1,0,2,0,0,41,1,3,2,19,2,1,0,11,8,0,2,0,4,3,1,38,7,1,0,8,3,0,0,0,6,1,0,4,4,4,0,0,1,1,2,3,1,2,2,22,1,4,0,0,2,2,2,7,2,4,2,3,0,5,0,5,4,0,4,0,0,0,5,1,2,0,0,2,3,0,0,6,0,5,1,0,0,7,0,0,0,5,1,4,1,4,1,2,0,1,1,1,0,3,4,0,5,3,0,4,6,0,2,0,1,11,2,0,1,5,4,5,3,0,0,1,2,1,0,1,4,0,0,2,3,5,2,5,0,2,1,0,1,1,0,1,1,1,0,0,0,0,3,3,2,24,1,2,0,1,1,0,1,0,0,1,0,2,0,0,0,0,0,0,0,0,5,15,1,4,6,0,41,1,3,1,0,2,8,0,0,0,2,0,11,1,3,4,1,3,6,0,2,3,0,2,22,0,1,37,0,3,4,9,1,23,0,1,1,0,5,8,0,1,4,0,6,2,7,6,0,4,1,2,20,1,16,2,14,4,6,0,0,3,0,4,0,8,1,1,1,2,0,6,1,0,1,0,2,12,2,1,1,0,1,6,0,2,0,3,0,1,9,0,0,3,14,1,31,2,17,3,0,6,1,24,7,0,6,2,1,6,0,10,2,9,0,16,0,11,1,42,2,0,1,27,1,26,0,1,4,3,2,5,1,4,0,26,0,0,0,38,0,47,2,6,5,33,0,4,0,13,1,10,64,12,0,1,0,16,3,3,3,6,21,4,1,2,0,5,3,9,0,2,1,0,0,0,0,16,1,3,34,5,0,3,1,1,1,6,2,2,3,0,18,0,0,5,13,2,2,72,0,0,5,0,4,0,1,18,2,0,0,6,2,4,0,33,0,2,2,8,3,1,4,19,1,5,11,3,0,1,13,3,2,2,1,3,0,4,20,0,4,2,23,4,3,2,0,3,0,6,7,2,1,1,6,2,2,1,4,0,1,0,4,20,2,5,0,4,2,2,0,2,2,0,1,0,2,4,0,6,0,0,0,2,0,0,1,3,0,2,7,0
d__Bacteria;p__Dependentiae,0,0,0,0,0,0,11,3,2,1,1,6,2,2,1,0,3,3,1,0,4,5,3,0,3,0,5,1,3,0,13,0,5,0,11,2,2,2,3,0,2,2,1,0,1,4,6,1,4,7,10,2,1,1,18,0,4,3,6,2,0,2,4,2,0,0,5,1,1,2,4,6,0,1,7,0,2,0,4,0,3,1,0,0,1,0,0,35,2,2,1,0,3,0,1,0,8,16,14,0,16,0,9,1,4,3,27,4,2,0,14,3,5,0,3,1,1,0,22,1,21,0,8,100,0,2,7,0,6,21,0,6,25,0,10,2,1,1,21,1,2,4,3,0,3,0,1,1,0,1,21,18,0,3,1,5,0,2,4,10,0,0,1,6,3,15,2,11,5,3,22,2,43,8,2,37,0,28,67,3,15,3,17,5,0,0,4,0,1,0,2,0,0,0,1,1,1,1,0,0,1,1,1,0,0,4,4,6,0,1,28,0,0,0,9,6,9,1,15,3,3,0,0,1,3,19,0,1,2,0,0,7,12,0,5,2,13,5,0,1,4,0,2,6,0,0,2,13,1,18,4,3,4,0,2,0,2,3,1,6,16,3,5,4,9,0,3,3,14,0,0,2,2,4,6,1,1,16,17,6,0,1,0,384,10,9,0,35,19,9,0,0,4,1,4,6,1,5,1,7,173,4,0,0,7,0,3,3,3,1,37,3,0,260,0,32,0,5,5,0,43,7,3,0,6,4,2,4,1,1,45,49,2,10,7,45,7,0,1,5,0,14,1,123,5,16,3,3,10,0,39,11,0,2,0,0,1,0,5,3,10,0,6,14,0,18,7,0,3,7,1,2,19,24,8,10,1,7,15,38,17,2,40,0,16,1,0,102,2,4,15,0,17,19,14,0,9,8,19,34,7,0,0,2,8,2,2,5,8,2,3,13,3,2,3,5,1,0,0,10,0,1,4,14,2,0,2,13,5,3,0,6,0,1,7,5,3,3,7,1,0,7,19,1,7,1,5,0,0,0,16,0,0,3,9,0,3,7,10,0,1,2,8,0,1,0,11,3,1,3,7,8,1,0,0,10,5,1,6,3,0,0,3,0,4,6,0,1,5,2,3,1,1,0,8,0,0,0,2,0,1,0
d__Bacteria;p__Desulfobacterota_G_459544,0,0,0,0,0,0,3,0,0,0,1,1,0,0,2,0,0,0,0,0,0,0,0,0,0,0,1,2,1,0,2,2,0,0,1,0,0,0,0,0,0,0,0,0,1,0,0,0,0,0,5,0,1,1,0,0,2,0,0,0,0,0,0,0,0,0,1,0,0,1,2,0,0,0,0,0,1,0,0,0,0,1,0,0,0,0,2,0,0,0,92,0,0,29,0,0,1,0,0,0,2,11,0,0,0,27,0,0,0,6,0,0,0,4,4,0,1,11,0,0,4,7,1,0,0,60,1,0,0,15,0,0,0,26,0,0,0,17,3,0,0,3,0,0,0,27,0,0,0,53,0,1,0,1,18,0,0,0,24,0,0,0,7,0,0,0,0,0,0,0,0,0,0,0,0,0,0,1,0,0,0,0,0,0,0,0,0,0,0,0,0,0,0,1,0,0,0,0,0,0,0,0,0,0,0,0,0,0,0,0,0,0,0,0,1,0,1,3,0,0,0,0,0,3,0,2,5,0,9,1,0,0,0,0,2,16,0,0,3,0,0,2,0,0,6,0,0,0,0,1,8,0,3,0,4,0,6,0,0,1,0,0,0,1,0,0,0,0,0,0,0,0,0,0,0,0,0,0,0,0,0,0,0,0,0,0,0,0,0,0,0,0,0,0,0,0,0,0,0,0,0,0,0,0,0,0,0,0,0,0,0,0,0,0,1,0,0,1,0,0,0,0,2,0,0,1,1,0,0,0,3,0,0,0,3,0,0,0,0,0,0,0,5,0,0,0,4,0,0,0,8,0,0,0,0,0,6,0,0,0,0,0,0,0,3,0,0,1,1,0,0,0,0,0,0,0,0,0,0,0,0,0,0,0,0,0,0,0,0,0,0,2,0,0,0,0,0,0,0,0,1,0,0,0,0,2,0,0,1,0,0,2,0,0,0,0,0,0,0,0,2,0,0,0,0,0,0,0,0,0,0,0,0,0,0,1,0,0,0,0,0,2,0,2,0,0,0,0,0,0,0,0,0,0,1,0,0,0,2,2,0,0,1,0,0,0,3,1,0,0,1,2,0,0,0,3,0,0,0,0,2,0,0,1,0,0,0,0,0,0,0,0,0,0,0,0,0,0,0,0,0,0
d__Bacteria;p__Hydrogenedentota,0,0,0,0,0,0,0,10,1,0,1,5,1,0,13,3,0,0,14,2,0,0,10,0,2,0,10,0,1,0,4,1,0,0,5,0,0,0,9,8,0,0,10,0,0,1,6,4,1,0,15,4,1,0,8,2,0,0,7,0,0,0,5,2,0,2,6,2,2,0,7,0,2,0,12,2,2,0,11,1,0,18,3,0,0,0,0,2,0,0,2,0,4,0,0,0,0,0,0,0,0,0,2,0,5,1,1,0,3,0,0,1,0,2,0,0,2,0,0,0,2,0,0,0,4,3,0,1,0,0,0,0,0,2,0,0,1,0,3,0,6,0,1,0,7,0,0,0,5,3,1,3,0,3,3,1,0,1,0,0,0,6,4,0,0,2,6,1,0,1,3,0,0,6,1,4,2,9,0,0,7,4,3,2,1,4,1,3,1,2,1,9,0,3,3,9,2,3,1,2,3,6,3,3,0,0,0,0,0,2,2,0,0,0,0,0,0,3,0,0,0,0,0,1,0,0,0,2,0,0,2,0,0,1,0,1,0,0,0,4,0,1,1,0,0,0,0,6,4,0,2,1,0,0,0,2,3,2,2,0,0,2,0,0,0,1,0,6,0,0,0,0,0,0,0,0,1,5,0,1,1,0,7,0,5,0,3,0,1,0,1,0,3,0,3,3,2,6,0,1,1,1,0,1,0,0,0,2,0,0,0,0,2,0,0,0,0,0,1,1,0,0,3,0,0,0,0,0,0,0,2,2,1,0,0,2,0,0,2,0,0,0,0,0,0,0,1,2,0,0,0,0,0,0,0,0,0,0,0,0,3,0,0,0,0,0,0,3,0,0,5,0,0,0,0,0,2,0,1,0,0,2,2,0,1,1,2,1,0,5,1,14,3,1,5,4,0,5,5,1,1,0,0,0,1,0,0,0,0,0,4,0,0,0,1,0,1,0,16,0,1,0,0,1,0,0,6,0,0,0,6,0,0,0,0,0,0,20,0,0,0,5,0,0,0,5,0,0,0,12,0,0,0,0,0,1,0,15,0,3,0,21,0,0,0,16,0,1,1,0,20,0,1,0,6,0,0,0,10,0,3,1,0,2,0,1,0,4,0,6,8,0,2,0,0,2,0,1,3,2,2,0
d__Bacteria;p__Spirochaetota,0,0,0,0,0,1,0,2,0,0,0,4,0,0,0,3,0,0,0,2,0,0,1,4,2,0,3,0,0,0,0,0,0,0,1,2,1,0,1,1,0,0,2,1,0,1,1,0,1,0,1,1,0,1,1,0,0,0,0,0,0,0,1,0,2,0,5,0,0,0,0,0,0,0,1,2,2,0,1,0,0,6,0,0,0,0,6,3,0,0,0,0,0,4,0,0,0,0,0,0,1,0,3,0,0,3,0,0,0,17,0,0,0,0,0,0,0,0,1,1,1,0,0,0,0,4,0,0,0,1,0,0,0,3,3,0,0,0,1,2,0,0,4,0,0,0,2,3,0,0,0,1,0,0,0,0,0,0,0,0,0,0,7,2,0,0,0,0,0,0,0,0,1,0,0,0,0,1,0,0,0,1,0,2,0,0,0,0,0,0,0,0,0,0,0,0,0,4,2,0,0,0,1,0,0,0,1,0,11,1,2,0,0,0,0,0,0,1,0,1,0,14,0,0,0,0,0,0,0,0,0,0,0,0,1,0,0,0,0,0,0,0,0,1,0,0,0,2,0,0,0,0,0,0,3,0,4,3,0,0,0,0,5,2,7,0,11,3,0,18,0,5,0,11,0,14,0,12,1,1,0,14,0,14,1,1,0,4,0,2,0,15,0,2,0,11,0,0,15,0,18,0,9,0,4,0,11,0,4,0,1,0,0,1,0,1,0,1,0,0,0,6,0,4,0,0,0,0,0,0,1,6,0,0,0,4,0,1,0,6,0,0,1,0,0,3,0,4,0,0,0,4,0,2,0,0,1,11,0,0,0,0,0,0,0,0,0,5,0,0,0,2,1,5,0,3,0,2,0,3,0,0,0,0,0,0,0,0,0,0,0,0,0,0,0,0,0,0,0,0,0,0,0,0,0,0,1,0,0,0,0,0,0,0,0,0,1,0,0,0,1,0,0,0,0,0,0,0,0,0,0,4,0,1,0,0,0,0,0,0,0,0,0,0,0,0,0,0,0,0,0,0,0,0,3,0,0,0,0,0,0,0,0,0,0,0,0,1,3,0,0,0,1,0,0,0,0,0,0,0,0,0,0,0,0,0,0,0,0,0,2,0,0,0,2,0,0,0,0,0,0,0
d__Bacteria;p__Eisenbacteria,0,0,0,0,0,0,0,2,0,0,0,0,0,0,0,0,0,0,0,1,0,0,2,0,0,0,0,0,0,0,0,0,0,0,3,2,0,0,0,0,0,0,1,0,0,0,1,0,1,0,0,0,1,0,4,0,2,0,3,0,0,0,0,0,0,0,0,0,0,0,1,0,0,0,0,0,0,0,0,0,0,3,0,0,0,0,0,0,0,0,0,0,2,0,0,1,0,0,0,0,0,0,0,0,0,0,0,0,0,4,0,0,0,1,0,0,2,0,0,0,0,0,0,2,1,1,0,0,0,1,0,0,0,0,0,0,1,0,0,0,0,0,0,0,0,0,0,0,1,0,0,0,0,3,0,0,0,0,0,0,0,2,0,0,2,0,0,1,3,0,0,0,2,4,1,4,0,3,1,0,1,1,0,2,0,0,1,2,0,1,1,1,0,0,0,3,0,0,0,0,0,0,0,0,0,0,0,0,0,1,0,0,0,0,0,0,0,2,0,0,0,0,0,0,0,0,0,4,0,0,3,0,0,0,0,0,0,0,0,1,0,0,1,0,0,2,0,0,2,0,0,0,0,0,0,0,0,0,0,0,0,3,0,0,0,0,0,0,0,0,0,0,0,0,1,0,0,0,0,0,0,0,0,0,1,0,3,0,0,0,6,0,5,0,1,0,1,2,0,5,0,3,0,2,0,0,0,0,0,0,0,0,2,0,0,0,0,0,0,0,0,0,0,0,0,0,0,0,0,0,0,0,2,0,0,0,0,0,0,0,3,0,0,0,3,0,0,0,0,0,0,0,1,0,0,0,0,0,0,0,0,0,0,0,0,0,1,0,0,0,1,0,0,0,2,0,0,0,0,0,0,0,0,0,0,0,0,0,0,0,0,3,0,0,0,0,0,0,4,1,0,0,0,0,0,0,0,0,0,0,0,0,0,0,0,0,0,0,0,0,0,0,1,0,0,0,0,0,0,0,0,0,0,0,0,0,0,0,2,0,0,0,0,0,0,0,0,0,0,1,0,0,0,0,0,0,0,0,1,1,0,0,2,0,1,0,0,0,0,0,0,0,0,0,0,0,0,0,0,0,0,0,0,0,0,0,0,0,0,0,0,0,0,0,0,0,0,0,2,0,0,0
Unassigned;__,0,0,0,0,0,13,0,0,0,0,0,0,0,0,2,0,2,0,2,0,4,0,0,2,2,0,0,0,0,0,0,0,0,1,0,0,0,0,0,0,0,5,1,2,0,1,0,0,0,0,0,17,0,0,0,2,0,0,0,0,2,2,0,0,0,7,0,1,1,0,0,0,0,0,0,13,0,1,0,0,4,0,0,0,0,5,6,11,0,0,20,0,1,0,0,5,0,0,0,0,0,6,0,0,0,17,0,0,0,55,0,3,1,5,0,3,2,0,4,0,0,0,0,12,0,0,6,5,0,0,0,0,0,8,0,10,0,7,8,17,2,0,0,11,0,0,0,13,0,0,0,0,0,7,0,0,0,0,7,0,17,5,13,0,0,0,0,0,2,0,0,0,0,0,0,0,0,0,0,0,0,3,0,4,6,9,3,2,0,0,9,15,5,6,13,7,1,4,2,0,17,0,9,30,2,0,0,3,0,4,0,1,9,0,0,2,2,0,0,0,0,0,4,6,0,4,1,7,31,0,0,26,0,1,0,0,0,6,0,0,6,2,0,4,2,0,12,0,0,5,0,0,1,0,0,9,4,20,0,0,0,1,0,0,27,10,43,19,0,0,0,21,0,15,0,15,0,21,0,9,3,16,2,28,0,14,0,25,0,26,0,0,0,0,0,38,0,4,46,0,21,0,35,0,0,0,11,0,9,0,9,5,0,4,1,0,3,4,0,0,0,8,3,3,0,1,0,7,0,8,0,10,0,16,0,22,0,15,1,0,0,3,34,0,3,15,0,0,1,3,0,0,0,2,0,0,1,8,0,0,0,5,0,8,0,7,9,0,2,0,0,0,0,0,1,2,7,0,0,10,0,0,0,0,0,7,0,0,9,0,4,0,0,3,0,0,0,14,0,0,2,0,14,0,31,0,4,0,33,12,0,0,3,0,0,0,3,7,0,0,12,0,0,10,0,26,2,50,9,0,2,0,10,1,0,7,0,0,22,4,3,0,20,0,3,3,0,8,4,0,0,0,0,0,4,19,10,0,18,1,0,0,8,0,1,0,27,2,4,0,0,35,9,4,3,0,7,7,0,0,9,0,1,0,0,2,0,6,0,2,0,2,0,0,0,0,0,0,0,0,9,0
d__Bacteria;p__Bacillota_B_370539,0,0,0,0,0,6,0,0,0,3,0,2,0,0,0,0,0,0,0,0,0,0,0,0,3,0,1,0,3,0,0,1,0,0,0,0,3,1,2,0,0,0,0,1,0,0,0,0,0,0,3,1,0,0,3,0,1,0,2,0,0,0,0,0,0,0,0,2,1,0,0,1,0,0,0,2,0,0,0,1,0,0,1,0,1,0,0,0,0,0,0,0,1,0,0,2,0,0,0,0,3,0,4,0,0,0,0,3,0,0,0,0,2,0,0,0,0,0,0,0,1,0,1,0,0,0,2,0,0,0,0,0,3,0,1,0,0,0,0,0,0,0,1,0,0,0,0,2,0,0,1,0,1,1,0,0,0,1,0,1,0,0,0,0,0,0,2,0,0,0,0,0,0,1,1,0,0,0,0,0,0,1,0,0,0,0,0,0,0,0,0,0,0,1,0,0,1,0,0,1,0,0,0,0,0,0,1,3,0,2,0,1,0,0,0,0,0,0,0,0,0,0,1,1,0,0,0,0,0,1,0,0,0,1,0,0,1,0,0,0,0,0,1,0,0,1,0,0,2,0,0,0,0,0,0,0,0,0,0,0,0,0,0,1,0,0,0,0,0,0,0,0,1,0,0,0,0,2,0,0,1,0,2,0,0,0,0,0,0,0,0,0,0,0,0,0,0,0,0,2,0,0,0,1,0,2,0,0,0,2,0,1,3,0,0,0,1,0,0,0,4,0,0,0,0,0,0,1,3,0,0,0,0,0,0,0,0,0,0,0,1,0,0,0,3,0,0,0,0,0,0,0,0,0,0,0,0,0,0,0,0,0,15,0,0,2,0,0,0,0,0,0,1,0,0,0,0,0,3,0,0,1,0,0,4,0,0,1,2,4,0,3,1,2,1,0,0,0,0,3,0,0,1,0,0,1,0,0,0,0,0,0,0,0,0,0,0,0,1,3,3,0,0,0,1,0,3,1,4,0,2,1,3,0,0,0,0,2,0,0,0,1,0,1,0,0,0,1,0,2,0,3,0,1,2,0,0,0,3,4,0,0,2,0,0,2,0,0,1,0,0,0,0,0,0,0,0,1,0,0,0,0,1,0,2,0,0,0,0,0,0,0,0,0,0,0,0,0,0,0,0,0
d__Bacteria;p__Bacillota_C,0,0,0,0,0,0,0,0,0,2,0,0,0,0,0,0,0,0,0,0,0,0,1,0,2,0,4,0,1,0,6,0,0,0,1,0,0,0,0,0,0,0,1,1,0,0,2,0,0,0,2,0,0,0,4,0,0,0,0,0,0,0,1,1,0,0,0,1,0,0,1,0,1,0,0,0,0,2,0,0,0,1,0,1,0,1,0,1,0,0,0,0,0,0,0,1,0,0,0,0,0,0,0,2,3,0,0,3,1,0,0,0,0,0,2,0,0,0,0,0,5,0,0,0,0,0,0,0,0,0,0,0,6,0,0,0,0,0,0,0,0,0,0,0,0,0,0,0,0,0,0,0,0,0,0,0,0,0,0,0,0,0,0,0,0,0,0,0,0,0,0,0,2,0,0,0,0,0,0,0,0,0,0,0,0,0,0,0,1,0,0,0,0,0,2,0,0,0,0,0,0,0,0,0,0,0,0,0,0,1,0,1,0,0,0,0,0,0,0,0,0,0,1,0,5,0,0,0,0,0,0,0,0,0,0,0,0,0,0,0,0,0,0,0,0,1,0,0,1,0,1,0,0,0,0,0,0,1,0,0,1,2,0,0,0,0,0,0,0,0,0,0,1,0,0,0,0,0,0,0,0,0,0,0,0,0,0,0,0,0,0,0,0,0,0,0,0,0,0,0,0,0,0,0,0,2,0,0,0,0,0,0,1,0,0,1,0,0,0,0,0,0,0,0,0,0,0,0,0,0,0,1,0,0,0,0,0,0,0,0,0,0,0,0,0,0,0,0,2,0,0,0,3,0,0,0,0,0,0,0,0,0,1,0,0,0,0,0,0,0,0,0,0,0,0,0,0,2,0,0,0,0,0,0,0,0,0,0,0,0,0,0,0,0,0,0,0,0,0,1,0,0,0,0,0,0,0,0,0,0,0,0,0,0,0,0,0,0,1,0,0,0,1,0,0,0,0,1,0,1,0,1,0,0,0,1,0,0,0,0,0,1,0,0,0,0,0,1,0,0,0,0,0,1,1,0,0,2,0,0,0,1,0,0,0,0,0,0,0,0,2,0,0,0,0,0,0,0,1,1,0,0,0,0,0,2,0,0,0,0,0,0,0,0,0,0,0,0,0,0,0,0
d__Bacteria;p__Desulfobacterota_G_459546,0,0,0,0,0,0,0,1,1,2,0,2,0,4,0,0,0,0,1,0,0,0,0,0,0,0,2,0,2,0,0,0,0,0,1,0,1,0,2,0,5,1,5,1,4,2,2,0,5,0,1,1,0,0,0,0,0,0,2,0,0,0,0,0,0,0,2,0,3,0,0,0,0,1,0,0,0,0,1,0,0,2,0,0,0,0,0,0,0,0,0,0,1,0,0,0,1,0,0,0,0,0,0,0,0,0,0,0,1,0,0,0,0,0,0,0,0,0,0,0,0,0,0,0,1,0,0,0,0,0,0,0,8,0,0,0,0,0,0,0,0,0,1,0,0,0,0,0,0,0,0,0,0,0,0,0,0,0,0,0,0,0,0,0,0,0,0,0,0,2,0,1,0,0,0,0,0,0,0,0,0,0,0,0,0,0,0,0,0,0,1,0,0,0,0,0,0,0,0,0,0,1,0,0,0,0,0,0,0,0,0,0,0,0,0,0,0,0,0,0,0,0,0,0,0,4,0,0,0,0,0,0,0,0,0,0,0,0,0,0,0,0,2,0,0,0,0,0,0,0,0,0,0,0,0,0,0,0,0,0,0,0,0,0,0,0,0,0,0,0,0,0,0,0,0,0,0,0,1,0,1,0,0,0,0,0,0,0,0,0,0,0,0,0,0,0,0,0,0,0,0,0,0,0,0,0,0,0,0,0,4,0,0,0,0,0,0,0,0,0,0,0,0,0,0,0,0,0,0,0,2,0,0,0,0,0,0,0,0,0,0,0,0,0,0,0,0,0,0,0,0,0,0,0,0,0,0,0,0,0,0,0,0,0,0,0,0,0,2,0,0,0,0,0,0,0,0,0,0,0,0,0,0,0,0,0,0,0,0,0,0,0,1,0,0,0,0,0,0,0,0,0,0,0,0,0,0,0,0,0,0,0,0,0,0,0,1,0,0,0,0,2,0,0,0,0,0,0,1,0,0,0,0,0,0,1,0,1,0,0,0,3,0,1,0,0,0,0,0,0,0,0,0,0,0,0,0,0,0,2,0,0,2,0,0,0,0,0,0,0,0,0,0,0,0,0,0,0,0,1,0,0,0,0,0,0,0,0,0,0,0,1,0,0,0,4,0,0,0,0,0,0
d__Bacteria;p__Desulfobacterota_G_459543,0,0,0,0,0,0,0,2,0,1,0,0,0,0,0,0,0,0,1,0,0,0,1,0,1,0,1,2,0,0,2,1,0,0,0,0,4,0,0,0,0,0,0,0,0,0,2,0,1,0,3,0,0,0,3,0,1,0,0,0,0,0,0,0,0,0,1,0,0,0,3,0,0,0,0,0,0,0,0,0,0,0,0,0,0,0,0,0,0,0,0,0,0,0,0,0,0,0,0,0,0,0,0,0,0,0,0,0,0,0,0,0,0,0,0,0,0,0,0,0,0,0,0,0,0,0,0,0,7,0,0,0,1,0,0,0,0,0,0,0,0,0,0,0,0,0,0,1,1,0,0,0,0,1,0,0,0,0,0,0,0,0,1,0,1,0,0,0,0,0,0,0,0,0,0,0,0,0,0,0,0,0,0,0,0,0,0,0,0,0,1,0,1,0,0,1,0,0,0,0,0,0,0,0,0,0,0,0,0,0,0,0,0,0,0,0,0,0,0,0,0,2,0,0,0,0,0,0,0,0,0,0,0,0,0,0,0,0,0,0,0,0,0,0,0,0,0,0,0,0,0,0,0,0,0,0,0,0,0,0,0,0,0,0,0,0,0,0,0,0,0,0,0,0,0,0,0,0,0,1,0,0,0,0,0,0,0,0,0,0,0,0,0,0,0,0,0,0,0,0,0,0,0,0,0,0,0,0,0,0,0,0,0,0,0,0,0,0,0,0,0,0,0,0,0,0,0,0,0,0,0,0,0,0,0,0,0,0,0,0,0,0,0,0,0,0,0,0,0,0,0,0,0,0,0,0,0,0,0,0,0,0,0,0,0,0,0,0,0,0,0,0,2,0,0,0,0,0,0,0,0,0,0,0,0,0,0,0,0,0,0,0,0,0,0,0,0,0,0,0,0,0,0,0,0,1,0,0,0,0,0,0,0,0,0,0,0,0,0,0,0,0,0,0,0,0,0,0,0,0,0,0,0,0,0,0,0,3,0,0,0,0,0,0,0,0,0,0,0,0,0,0,0,0,0,0,0,0,0,0,0,0,0,0,0,0,0,0,0,0,2,0,0,0,0,0,0,0,2,0,0,1,0,0,0,0,0,0,0,0,0,0,0,0,0,0,1,0,0,0,0,0
d__Bacteria;p__Desulfobacterota_C,0,0,0,0,0,0,0,0,0,0,0,0,0,0,0,0,0,0,0,0,0,0,0,0,0,0,0,0,0,0,0,0,0,0,0,0,0,0,0,0,0,0,0,0,0,0,0,0,0,0,0,0,0,0,3,0,0,0,0,0,0,0,0,0,0,0,0,0,0,0,0,0,0,0,0,0,0,0,0,0,0,0,0,0,0,0,0,0,0,0,0,0,0,0,0,0,0,0,0,0,0,0,0,0,0,0,0,0,0,0,0,0,0,0,0,0,0,0,0,0,0,0,0,0,0,0,0,0,0,0,0,0,0,0,0,0,0,0,0,0,0,0,0,0,0,0,0,0,0,0,0,0,0,0,0,0,0,0,0,0,0,0,0,0,0,0,0,0,0,0,0,0,0,0,0,1,0,0,0,0,0,0,0,0,0,0,0,0,0,0,0,0,0,0,0,0,0,0,0,0,0,0,0,0,0,0,0,0,0,0,0,0,0,0,0,0,0,0,0,1,0,0,0,0,0,0,0,0,0,0,0,0,0,0,0,0,0,0,0,0,0,0,0,0,0,0,0,0,0,0,0,0,0,0,0,0,0,0,0,7,0,0,0,0,0,0,0,0,0,0,0,0,0,0,0,0,0,0,0,0,0,0,0,0,0,0,0,0,0,0,0,0,0,0,0,0,0,0,0,0,0,0,0,0,0,0,0,0,0,0,0,0,0,0,0,0,0,0,0,0,0,0,0,0,0,2,0,0,0,0,0,0,0,0,0,0,0,0,0,0,0,0,0,0,0,0,0,0,0,0,0,0,0,0,0,0,0,0,0,0,0,0,0,0,0,0,0,0,1,0,0,0,0,0,0,1,0,0,0,0,0,0,0,0,0,0,0,0,0,0,0,0,0,0,0,0,0,0,0,0,0,0,0,0,0,0,0,0,0,0,0,0,0,0,0,0,0,0,0,0,0,0,0,0,0,0,0,0,0,0,0,0,0,0,0,0,0,0,0,0,0,0,0,0,0,1,0,0,0,0,0,0,0,0,0,0,0,0,0,0,0,0,0,0,0,0,0,0,0,0,0,0,0,0,0,0,0,0,0,0,0,0,0,0,0,0,0,0,0,0,0,0,0,0,0,0,0,0,0,0,0,0
d__Bacteria;p__Methylomirabilota,0,0,0,0,0,0,0,0,0,0,0,0,0,0,0,0,0,0,1,0,0,0,0,0,0,0,0,0,0,0,0,0,0,0,0,0,0,0,0,0,0,0,0,0,0,0,0,0,2,0,0,0,0,0,0,0,0,0,0,0,0,0,0,0,0,0,0,0,0,0,0,0,0,0,1,0,0,0,0,0,0,0,0,0,0,0,0,0,0,0,0,0,0,0,0,0,0,0,0,0,0,0,0,0,0,0,0,0,0,0,0,0,0,0,0,0,0,0,0,0,0,0,0,0,0,0,2,0,0,0,0,0,6,0,0,0,0,0,0,0,0,0,0,0,0,0,0,0,0,0,0,0,0,0,0,0,0,0,0,0,0,0,0,0,1,0,0,0,0,0,0,0,0,1,0,0,0,0,0,0,0,0,0,0,0,0,0,1,0,0,0,0,0,0,0,0,0,0,0,0,0,0,0,0,0,0,0,0,0,0,0,0,0,0,0,0,0,0,0,0,0,0,0,0,0,0,0,0,0,0,0,0,0,0,0,0,0,0,0,0,0,0,0,0,0,0,0,0,0,0,0,0,0,0,0,0,0,0,3,0,0,0,0,0,0,0,0,0,0,0,0,0,0,0,0,0,0,0,0,0,0,0,0,0,0,0,0,0,0,0,0,0,0,0,0,0,0,0,0,0,0,0,0,0,0,0,0,0,0,0,0,0,0,0,0,0,0,0,0,0,0,0,0,0,0,0,0,0,0,0,0,0,0,0,0,0,0,0,0,0,0,0,0,0,0,0,0,0,0,0,0,0,0,0,0,0,0,0,0,0,0,0,0,0,0,0,0,0,0,0,0,0,0,0,0,0,0,0,0,0,0,0,0,0,0,0,0,0,0,0,0,0,0,0,0,0,0,0,0,0,0,0,0,0,0,0,0,0,0,0,1,0,0,0,0,0,0,0,0,0,0,0,0,0,0,0,0,0,0,0,0,0,0,0,0,0,0,0,0,0,0,0,0,0,0,0,0,0,0,0,0,0,0,0,0,0,0,0,0,0,0,0,0,0,0,0,0,0,0,0,0,0,0,0,0,0,0,0,0,0,0,0,0,0,0,0,0,0,0,0,0,0,0,0,0,0,0,0,0,0,0,0
d__Bacteria;p__Elusimicrobiota,0,0,0,0,0,0,0,0,0,0,0,5,0,0,0,1,1,0,1,0,0,1,2,0,0,0,8,2,0,2,2,0,0,0,1,1,0,0,0,0,0,0,2,0,0,0,3,0,0,5,0,0,0,0,6,0,1,0,4,0,0,0,4,1,0,1,3,0,0,0,1,0,0,0,0,0,0,0,3,0,0,4,0,0,0,0,0,0,0,0,0,0,0,0,0,0,0,0,0,0,0,0,0,0,1,0,0,0,0,0,0,0,0,2,0,0,1,0,0,0,0,0,0,0,0,0,0,0,0,0,0,0,0,0,0,0,1,0,0,0,0,0,0,0,1,0,0,0,0,0,0,0,0,1,1,0,0,0,0,0,0,0,0,0,0,0,1,0,0,0,0,0,0,0,0,0,0,0,0,0,0,1,0,0,0,0,0,0,0,0,0,0,0,0,0,0,0,3,3,0,0,0,0,0,0,0,0,0,0,0,0,0,0,0,0,0,0,2,0,0,2,2,0,0,0,0,0,0,0,0,0,0,0,0,0,0,0,0,0,0,0,0,0,0,0,0,0,0,0,0,0,0,0,0,0,0,0,0,0,0,0,0,0,0,0,3,0,0,0,0,0,0,1,0,0,0,0,0,0,0,0,1,0,0,0,2,0,0,0,0,0,0,0,0,0,0,0,0,0,0,0,0,0,0,0,0,0,0,0,0,2,0,0,0,0,0,0,0,0,0,0,0,0,0,0,0,0,0,0,0,0,0,0,0,0,0,0,0,0,0,0,0,0,0,0,0,0,0,0,0,0,0,0,0,0,0,0,0,0,0,0,0,0,1,0,0,0,0,0,0,0,0,0,0,0,0,0,0,0,0,0,0,0,0,0,0,0,0,0,0,0,0,0,0,2,0,0,0,0,0,0,0,0,0,0,0,0,0,0,0,0,0,0,0,0,0,0,0,0,0,0,0,0,0,0,0,1,0,0,0,0,0,0,0,0,0,0,0,0,0,0,0,0,0,0,0,0,0,0,0,0,0,0,0,0,0,0,1,0,0,0,0,0,0,0,0,0,0,0,0,0,0,0,0,0,0,0,0,2,0,0,0,0,0,0,0,0,0,0,0,0,0,0,0,0,0,0,0,0,0,0,0
d__Archaea;p__Thermoproteota,0,0,0,0,0,0,0,0,0,0,0,0,0,0,1,0,0,0,0,0,0,0,0,0,0,0,0,0,0,0,0,0,0,0,2,0,0,0,0,0,0,0,0,0,0,0,0,0,0,0,0,0,0,0,0,0,0,0,0,0,0,0,0,0,0,0,0,0,0,0,0,0,0,0,0,0,0,0,0,0,0,0,0,0,0,0,0,0,0,0,0,6,0,0,0,0,0,0,0,0,0,0,0,0,0,0,0,0,0,0,2,0,0,0,0,0,0,0,0,0,0,0,0,0,0,0,0,0,3,0,0,0,0,0,0,0,0,0,0,0,0,0,0,0,0,0,0,3,0,0,0,0,0,0,0,0,8,0,0,0,0,0,0,0,1,0,0,0,0,0,0,0,0,0,0,0,0,0,0,0,0,0,0,0,0,0,0,0,0,0,0,0,0,0,0,0,0,1,0,0,0,0,0,0,0,0,0,0,1,0,0,0,0,0,0,0,0,0,0,0,0,6,0,0,0,0,0,0,0,0,0,0,0,0,0,0,2,0,1,0,0,0,0,0,0,0,0,0,0,0,0,0,0,3,0,0,0,0,0,0,0,0,0,0,0,0,0,0,0,0,0,0,0,0,0,0,0,0,0,0,0,0,0,0,0,0,0,0,0,0,0,0,0,0,0,0,0,0,0,0,0,0,0,0,0,0,0,0,0,0,0,0,0,0,0,0,0,0,0,0,0,0,0,0,0,0,0,0,0,1,0,0,0,0,0,0,8,0,0,0,0,0,0,0,0,0,0,0,0,0,0,0,0,0,0,0,0,0,1,0,0,0,0,0,0,0,0,0,0,0,0,0,0,0,0,0,0,0,0,0,0,0,0,0,0,0,0,0,0,0,0,0,0,0,0,0,0,0,0,0,0,9,0,0,0,0,0,0,0,0,0,0,0,0,0,0,0,0,0,0,0,0,0,0,0,0,0,0,0,0,0,0,0,0,0,0,0,0,0,0,0,0,0,0,0,0,0,1,0,0,0,0,0,0,0,0,0,0,0,0,0,0,0,0,0,0,0,0,0,0,0,0,0,0,0,0,0,0,0,0,0,0,0,0,0,0,0,0,0,0,0,0,0,0,0,0,0,0,0,0,0,0
d__Bacteria;p__Bacillota_G,0,0,0,0,0,0,0,0,0,0,0,0,0,0,2,0,0,0,0,0,0,0,0,0,0,0,0,0,0,0,0,0,0,0,0,0,0,0,0,0,0,0,0,0,0,0,0,0,0,0,0,0,0,0,0,0,0,0,0,0,0,0,0,0,0,0,0,0,0,0,0,0,0,0,0,0,0,0,0,0,0,0,0,0,0,0,0,0,4,0,0,0,0,0,0,0,0,0,0,0,0,0,0,0,0,0,0,0,0,0,0,0,0,0,0,0,0,0,0,0,0,0,0,0,0,0,1,0,0,0,0,0,0,0,0,0,0,0,0,0,0,0,0,0,0,0,0,0,0,0,0,0,0,0,0,0,0,0,0,0,0,0,0,0,0,0,0,0,0,0,0,0,0,0,0,0,0,0,0,0,0,0,0,0,1,0,0,0,0,0,0,0,0,0,0,0,0,0,0,0,0,0,0,0,0,0,0,0,0,0,0,0,0,0,0,0,0,0,0,0,0,3,0,0,0,0,0,0,0,0,2,0,3,0,0,0,0,0,0,0,0,0,0,0,0,0,0,0,2,0,0,0,0,2,0,0,0,0,1,0,0,0,0,0,0,0,0,0,0,0,0,0,0,0,0,0,0,0,0,0,0,0,0,0,0,0,0,0,0,0,0,0,0,0,0,0,0,0,0,0,0,0,0,0,0,0,0,0,0,0,0,0,1,0,1,0,1,0,0,0,0,0,0,0,0,0,0,0,0,0,0,0,0,0,0,0,0,0,0,0,0,0,0,0,2,0,0,0,0,0,0,0,0,0,0,0,0,0,0,0,0,0,0,0,0,0,0,0,0,0,0,0,0,0,0,0,0,0,0,0,0,0,0,0,0,0,0,0,0,0,0,0,0,0,0,0,0,0,0,0,0,0,0,0,0,1,0,0,0,0,0,0,0,0,0,0,0,0,0,0,1,0,0,0,0,0,0,0,0,0,0,0,0,0,0,0,0,0,0,0,0,0,0,0,0,0,0,0,0,0,0,0,0,0,0,2,0,0,0,0,0,0,0,0,0,0,0,0,0,0,0,0,0,0,0,0,0,0,0,1,1,0,0,0,0,0,0,0,0,0,0,0,0,0,0,0,0,0,0,0,0,0
d__Bacteria;p__Fusobacteriota,0,0,0,0,0,0,1,1,0,0,0,1,0,0,1,0,0,0,0,2,0,0,1,0,0,0,1,2,0,0,0,0,0,0,0,0,0,0,0,0,0,0,1,0,0,0,0,0,0,0,4,1,0,0,0,0,0,0,1,0,0,0,0,0,0,0,0,0,2,0,1,0,1,0,0,0,0,0,0,0,0,0,0,0,0,0,0,0,0,0,0,0,0,0,0,0,0,0,0,0,0,0,0,0,0,0,0,0,0,0,0,0,0,0,0,0,0,0,0,0,0,0,0,0,0,1,0,0,0,0,0,0,0,1,0,0,0,0,0,0,0,0,0,0,0,0,0,0,0,0,2,0,0,0,0,0,0,0,0,0,0,0,0,0,0,0,0,0,0,0,0,0,0,0,0,0,0,0,0,0,0,0,0,0,1,0,1,0,0,0,0,0,0,0,0,0,0,0,0,0,0,0,0,0,0,0,0,0,0,0,0,0,0,0,0,0,0,0,0,0,0,2,0,0,0,1,0,0,0,0,0,0,0,0,0,0,0,0,0,0,0,0,0,0,0,0,0,0,0,0,0,0,0,0,0,0,0,0,0,0,0,0,0,0,0,0,0,0,0,0,0,0,0,0,0,0,0,0,0,0,0,0,0,0,0,0,0,0,0,0,0,0,0,0,0,0,0,0,0,0,0,0,0,0,0,0,0,1,1,0,0,0,0,0,0,0,0,0,0,0,0,0,0,0,0,0,0,0,0,0,0,0,0,0,0,0,0,0,0,0,0,0,0,0,0,0,0,0,0,0,0,0,0,0,0,0,0,0,0,0,0,0,0,0,0,0,0,0,0,0,0,0,1,0,0,0,0,0,0,0,0,0,0,0,0,0,0,0,0,0,0,0,0,0,0,0,0,0,0,0,0,0,0,0,0,0,0,0,0,0,0,1,0,0,0,0,0,0,0,0,0,0,0,0,0,0,0,0,0,0,0,0,0,0,0,0,0,0,0,0,0,0,0,0,0,0,0,0,0,0,0,0,0,0,2,0,0,0,0,0,0,0,0,0,0,0,0,0,0,0,0,0,0,0,0,0,0,0,0,0,0,0,0,0,0,0,0,0,0,0,0,0,0,0,0,0,0,0,0,0,0,0
d__Archaea;p__Nanoarchaeota,0,0,0,0,0,0,0,0,0,0,0,0,0,0,0,0,0,0,0,0,0,0,0,0,2,0,0,0,0,0,0,0,0,0,0,0,0,0,0,0,1,0,0,0,0,0,0,0,0,0,0,0,0,0,0,0,0,0,0,0,0,0,1,0,0,0,0,0,0,0,0,0,0,0,0,0,2,0,0,0,0,0,1,0,0,0,0,0,0,0,0,0,0,0,0,0,0,0,0,0,0,0,0,0,0,0,0,0,0,0,0,0,0,0,0,0,0,0,0,0,0,0,0,0,0,0,0,0,0,0,0,0,0,0,0,0,0,0,0,0,0,0,0,0,0,0,0,0,0,0,0,0,0,0,0,0,0,0,0,0,0,0,0,0,0,0,0,0,0,0,0,0,0,0,0,0,0,0,0,0,0,0,0,0,0,0,0,0,0,0,2,0,0,0,0,0,0,0,0,0,0,0,0,0,0,0,0,0,0,0,0,0,0,0,0,0,0,0,0,0,0,0,0,0,0,0,0,0,0,0,0,0,0,0,0,0,0,0,0,0,0,0,0,0,0,0,0,0,0,0,0,0,0,0,0,0,0,0,0,0,0,0,0,0,0,0,0,0,0,0,0,0,0,0,0,0,0,0,0,0,0,0,0,0,0,0,0,0,0,0,0,0,0,0,0,0,0,0,0,0,0,0,0,0,0,0,0,0,0,1,0,0,0,0,0,0,0,0,0,0,0,0,0,0,0,0,0,0,0,0,0,0,0,0,0,0,0,0,0,0,0,0,0,0,0,0,0,0,0,0,0,0,0,0,0,0,0,0,0,7,0,0,0,0,0,0,0,0,0,0,0,0,0,0,0,0,0,0,0,0,0,0,0,0,0,0,0,0,0,0,0,0,0,0,0,0,0,0,0,0,0,0,0,0,0,0,0,0,0,0,0,0,0,0,0,0,0,0,0,0,0,0,0,0,0,0,0,0,0,0,0,0,0,0,0,0,0,0,0,0,0,0,0,0,0,0,0,0,0,0,0,0,0,1,0,0,0,0,0,0,0,0,0,0,0,0,0,0,0,0,0,0,0,0,0,0,0,0,0,0,0,0,0,0,0,0,0,0,0,0,0,0,0,0,0,0,0,0,0,0,0,0
d__Bacteria;p__,0,0,0,0,0,0,0,0,0,0,0,0,0,0,0,0,0,0,0,0,0,0,0,0,0,0,0,0,0,0,0,0,0,0,0,0,0,0,0,0,0,0,0,0,0,0,0,0,0,0,0,0,0,0,1,0,0,0,0,0,0,0,0,0,0,0,0,0,0,0,0,0,0,0,0,0,0,0,0,0,0,0,0,0,0,0,0,0,0,0,0,0,0,0,1,0,0,0,0,0,0,0,0,0,0,0,0,0,0,0,0,0,0,0,0,0,0,0,0,0,2,0,0,0,0,0,0,0,0,0,0,0,0,0,0,0,0,0,0,0,0,0,0,0,0,0,0,0,0,0,0,0,0,0,0,0,0,0,0,0,0,0,0,0,0,0,0,0,0,0,0,0,0,0,0,0,0,0,0,0,0,0,0,0,0,0,0,0,0,0,0,0,0,0,0,0,0,0,0,0,0,0,0,0,0,0,0,0,0,0,0,0,0,0,0,0,0,0,0,0,0,0,0,0,0,0,0,0,0,0,0,0,0,0,0,0,0,0,0,0,0,0,0,0,0,0,0,0,0,0,0,0,0,0,0,0,0,0,0,0,0,0,0,0,0,0,0,0,0,0,1,0,0,0,0,0,0,0,0,0,0,0,0,0,0,0,0,0,0,0,0,0,0,0,0,0,0,0,0,0,0,0,0,0,0,0,0,0,0,0,0,0,0,0,0,0,0,0,0,0,0,0,0,0,0,0,0,0,0,0,0,0,0,0,0,0,0,0,0,0,0,0,0,0,0,0,0,0,0,0,0,0,0,0,0,0,0,0,0,0,0,0,0,0,0,0,0,0,0,0,0,0,0,0,0,0,0,0,0,0,0,0,0,0,0,0,0,0,0,0,0,0,0,0,0,0,0,0,0,0,0,0,0,0,0,0,0,0,0,0,0,0,0,0,0,0,0,0,0,0,0,0,0,0,0,0,0,0,0,0,0,0,0,0,0,0,0,0,0,0,0,0,0,0,0,0,0,0,0,0,0,0,0,0,0,0,0,0,0,0,0,0,0,0,0,0,0,0,0,0,0,0,0,0,0,0,0,0,0,0,1,0,0,0,0,0,0,0,0,0,0,0,0,0,0,0,0,0,0,0,0,0
d__Bacteria;p__Thermotogota,0,0,0,0,0,0,0,0,0,0,0,0,0,0,0,0,0,0,0,0,0,0,0,0,0,0,1,0,0,0,0,0,0,0,0,0,0,0,2,0,0,0,0,0,0,0,0,0,0,0,0,0,0,0,0,0,0,0,0,0,0,0,0,0,0,0,0,0,0,0,0,0,0,0,0,0,0,0,0,0,0,0,0,0,0,0,0,0,0,0,0,0,0,0,0,0,0,0,0,0,0,0,0,0,0,0,0,0,0,0,0,0,0,0,0,0,0,0,0,0,0,0,0,0,0,0,0,0,0,0,0,0,0,0,0,0,0,0,0,0,0,0,0,0,0,0,0,0,0,0,0,0,0,0,0,0,0,0,0,0,0,0,0,0,0,0,0,0,0,0,0,0,0,0,0,0,0,0,0,0,0,0,0,0,0,0,0,0,0,0,0,0,0,0,0,0,0,0,0,0,0,0,0,0,0,0,0,0,0,0,0,0,0,0,0,0,0,0,0,0,0,0,0,0,0,0,0,0,0,0,0,0,0,0,0,0,0,0,0,0,0,0,0,0,0,0,0,0,0,0,0,0,0,0,0,0,0,0,0,0,0,0,0,0,0,0,0,0,0,0,0,0,0,0,0,0,0,0,0,0,0,0,0,0,0,0,0,0,0,0,0,0,0,0,0,0,0,0,0,0,0,0,0,0,0,0,0,0,0,0,0,0,0,0,0,0,0,0,0,0,0,0,0,0,0,0,0,0,0,0,0,0,0,0,0,0,0,0,0,0,0,0,0,0,0,0,0,0,0,0,0,0,0,0,0,0,0,0,0,0,0,0,0,0,0,0,0,0,0,0,0,0,0,0,0,0,0,0,0,0,0,0,0,0,0,0,0,0,0,0,0,0,0,0,0,0,0,0,0,0,0,0,0,0,0,0,0,0,0,0,0,0,0,0,0,0,0,0,0,0,0,0,0,0,0,0,0,0,0,0,0,0,0,0,0,0,0,0,0,0,0,0,0,0,0,0,0,0,0,0,0,0,0,0,0,0,0,0,0,0,0,0,0,0,0,0,0,0,0,0,0,0,0,0,0,0,0,0,0,0,0,0,0,0,0,0,0,0,0,0,0,0,0,0,0,0,0,0,0,0,0,0
d__Bacteria;p__Zixibacteria,0,0,0,0,0,0,0,0,0,0,0,0,0,0,0,0,0,0,0,0,0,0,0,0,0,0,0,0,0,0,0,0,0,0,0,0,0,0,0,0,0,0,0,0,0,0,0,0,0,0,0,0,0,0,0,0,0,0,0,0,0,0,0,0,0,0,0,1,0,0,0,0,0,0,0,0,0,0,0,0,0,0,0,0,0,0,0,0,0,0,0,0,0,0,0,0,0,0,0,0,0,0,0,0,0,0,0,0,0,0,0,0,0,0,0,0,0,0,0,0,0,0,0,0,0,0,0,0,0,0,0,0,0,1,0,0,0,0,0,0,0,0,0,0,0,0,0,0,0,0,0,0,0,0,0,0,0,0,0,0,0,0,0,0,0,0,0,0,0,0,0,0,0,0,0,0,0,0,0,0,0,0,0,0,0,0,0,0,0,0,0,0,0,0,0,0,0,0,0,0,0,0,0,0,0,0,0,0,0,0,0,0,0,0,0,0,0,0,0,0,0,0,0,0,0,0,0,0,0,0,0,0,0,0,0,0,0,0,0,0,0,0,0,0,0,0,0,0,0,0,0,0,0,0,0,0,0,0,0,0,0,0,0,0,0,0,0,0,0,0,0,0,0,0,0,0,0,0,0,0,0,0,0,0,0,0,0,0,0,0,0,0,0,0,0,0,0,0,0,0,0,0,0,0,0,0,0,0,0,0,0,0,0,0,0,0,0,0,0,0,0,0,0,0,0,0,0,0,0,0,0,0,0,0,0,0,0,0,0,0,0,0,0,0,0,0,0,0,0,0,0,0,0,0,0,0,0,0,0,0,0,0,0,0,0,0,0,0,0,0,0,0,0,0,0,0,0,0,0,0,0,0,0,0,0,0,0,0,0,0,0,0,0,0,1,0,0,0,0,0,0,0,0,0,0,0,0,0,0,0,0,0,0,0,0,0,0,0,0,0,0,0,0,0,0,0,0,0,0,0,0,0,0,0,0,0,0,0,0,0,0,0,0,0,0,0,0,0,0,0,0,0,0,0,0,0,0,0,0,0,0,0,0,0,0,0,0,0,0,0,0,0,0,0,0,0,0,0,0,0,0,0,0,0,0,0,0,0,0,0,0,0,1,0,1,0,0,0,0,0,0,0
d__Bacteria;p__WOR-3,0,0,0,0,0,0,0,0,0,0,0,0,0,0,0,0,0,0,0,0,0,0,0,0,0,0,0,0,0,0,1,0,0,0,0,0,0,0,1,0,0,0,3,0,0,0,0,0,0,0,0,0,0,0,0,0,0,0,0,0,0,0,0,0,0,0,0,0,0,0,0,0,0,0,0,0,0,0,0,0,0,0,0,0,0,0,0,0,0,0,0,0,0,0,0,0,0,0,0,0,0,0,0,0,0,0,0,0,0,0,0,0,0,0,0,0,0,0,0,0,0,0,0,0,0,0,0,0,0,0,0,0,0,0,0,0,0,0,0,0,0,0,0,0,0,0,0,0,0,0,0,0,0,0,0,0,0,0,0,0,0,0,0,0,0,0,0,0,0,0,0,0,0,0,0,0,0,0,0,0,0,0,0,0,0,0,0,0,0,0,0,0,0,0,0,0,0,0,0,0,0,0,0,0,0,0,0,0,0,0,0,0,0,0,0,0,0,0,0,0,0,0,0,0,0,0,0,0,0,0,0,0,0,0,0,0,0,0,0,0,0,0,0,0,0,0,0,0,0,0,0,0,0,0,0,0,0,0,0,0,0,0,0,0,0,0,0,0,0,0,0,0,0,0,0,0,0,0,0,0,0,0,0,0,0,0,0,0,0,0,0,0,0,0,0,0,0,0,0,0,0,0,0,0,0,0,0,0,0,0,0,0,0,0,0,0,0,0,0,0,0,0,0,0,0,0,0,0,0,0,0,0,0,0,0,0,0,0,0,0,0,0,0,0,0,0,0,0,0,0,0,0,0,0,0,0,0,0,0,0,0,0,0,0,0,0,0,0,0,0,0,0,0,0,0,0,0,0,0,0,0,0,0,0,0,0,0,0,0,0,0,0,0,0,0,0,0,0,0,0,0,0,0,0,0,0,0,0,0,0,0,0,0,0,0,0,0,0,0,0,0,0,0,0,0,0,0,0,0,0,0,0,0,0,0,0,0,0,0,0,0,0,0,0,0,0,0,0,0,0,0,0,0,0,0,0,0,0,0,0,0,0,0,0,0,0,0,0,0,0,0,0,0,0,0,0,0,0,0,0,0,0,0,0,0,0,0,0,0,0,0,0,0,0,0,0,0,0,0,0,0,0
d__Bacteria;p__Atribacterota,0,0,0,0,0,0,0,0,0,0,0,0,0,0,0,0,0,0,0,0,0,0,0,0,0,0,0,0,0,0,0,0,0,0,0,0,0,0,0,0,0,0,0,0,0,0,0,0,0,0,0,0,0,0,0,0,0,0,0,0,0,0,0,0,0,0,0,0,0,0,0,0,0,0,0,0,0,0,0,0,0,0,0,0,0,0,0,0,0,0,0,8,0,0,0,0,0,0,0,0,0,0,0,0,0,0,0,0,0,0,0,0,0,0,0,0,0,0,0,0,0,0,0,0,0,0,0,0,0,0,0,0,0,0,0,0,0,0,0,0,0,0,0,0,0,0,0,0,0,0,0,0,0,0,0,0,0,0,0,0,0,0,0,0,0,0,0,0,0,0,0,0,0,0,0,0,0,0,0,0,0,0,0,0,0,0,0,0,0,0,0,0,0,0,0,0,0,0,0,0,0,0,0,0,0,0,0,0,0,0,0,0,0,0,0,0,0,0,0,0,0,0,0,0,0,0,0,0,0,0,0,0,0,0,0,0,0,0,0,0,0,0,0,0,0,0,0,0,0,0,0,0,0,0,0,0,0,0,0,0,0,0,0,0,0,0,0,0,0,0,0,0,0,0,0,0,0,0,0,0,0,0,0,0,0,0,0,0,0,0,0,0,0,0,0,0,0,0,0,0,0,0,0,0,0,0,0,0,0,0,0,0,0,0,0,0,0,0,0,0,0,0,0,0,0,0,0,0,0,0,0,0,0,0,0,0,0,0,0,0,0,0,0,0,0,0,0,0,0,0,0,0,0,0,0,0,0,0,0,0,0,0,0,0,0,0,0,0,0,0,0,0,0,0,0,0,0,0,0,0,0,0,0,0,0,0,0,0,0,0,0,0,0,0,0,0,0,0,0,0,0,0,0,0,0,0,0,0,0,0,0,0,0,0,0,0,0,0,0,0,0,0,0,0,0,0,0,0,0,0,0,0,0,0,0,0,0,0,0,0,0,0,0,0,0,0,0,0,0,0,0,0,0,0,0,0,0,0,0,0,0,0,0,0,0,0,0,0,0,0,0,0,0,0,0,0,0,0,0,0,0,0,0,0,0,0,0,0,0,0,0,0,0,0,0,0,0,0,0,0,0,0
d__Bacteria;p__Sumerlaeota,0,0,0,0,0,0,0,0,0,0,0,0,0,0,0,0,0,0,0,0,0,0,0,0,0,0,0,0,0,0,0,0,0,0,0,0,0,0,0,0,0,0,0,0,0,0,0,0,0,0,0,0,0,0,0,0,0,0,0,0,0,0,0,0,0,0,0,0,0,0,0,0,0,0,0,0,0,0,0,0,0,0,0,0,0,0,0,0,0,0,0,0,0,0,0,0,0,0,0,0,0,0,0,0,0,0,0,0,0,0,0,0,0,0,0,0,0,0,0,0,0,0,0,0,0,0,0,0,0,0,0,0,0,0,0,0,2,0,0,0,0,0,0,0,1,0,0,0,2,0,0,0,0,0,0,0,0,0,0,0,0,0,0,0,0,0,0,0,0,0,0,0,0,0,0,0,0,0,0,0,0,0,0,0,0,0,0,0,0,0,0,0,0,0,0,0,0,0,0,0,0,0,0,0,0,0,0,0,0,0,0,0,0,0,0,0,0,0,0,0,0,0,0,0,0,0,0,0,0,0,0,0,0,0,0,0,0,0,0,0,0,0,0,0,0,0,0,0,0,0,0,0,0,0,0,0,0,0,0,0,0,0,0,0,0,0,0,0,0,0,0,0,0,0,0,0,0,0,0,0,0,0,0,0,0,0,1,0,0,0,0,0,0,0,0,0,0,0,0,0,0,0,0,0,0,0,0,0,0,0,0,0,0,0,0,0,0,0,0,0,0,0,0,0,0,0,0,0,0,0,0,0,0,0,0,0,0,0,0,0,0,0,0,0,0,0,0,0,0,0,0,0,0,0,0,0,0,0,0,0,0,0,0,0,0,0,0,0,0,0,0,0,0,0,0,0,0,0,0,0,0,0,0,0,0,0,0,0,0,0,0,0,0,0,0,0,0,0,0,0,0,0,0,0,0,0,0,0,0,0,0,0,0,0,0,0,0,0,0,0,0,0,0,0,0,0,0,0,0,0,0,0,0,0,0,0,0,0,1,0,0,0,0,0,0,0,0,0,0,0,0,0,0,0,0,0,0,0,0,0,0,0,0,0,0,0,0,0,0,0,0,0,0,0,0,0,0,0,0,0,0,0,0,0,0,0,0,0,0,0,0,0,0,0,0,0,0,0,0,0,0,0
d__Archaea;p__Micrarchaeota,0,0,0,0,0,0,0,0,0,0,0,0,0,0,1,0,0,0,0,0,0,0,0,0,0,0,0,0,0,0,0,0,0,0,0,0,0,0,0,0,0,0,0,0,0,0,0,0,0,0,0,0,0,1,0,0,0,0,0,0,0,0,0,0,0,0,0,0,0,0,0,0,0,0,0,0,0,0,0,0,0,0,0,0,0,0,0,0,0,0,0,0,0,0,0,0,0,0,0,0,0,0,0,0,0,0,0,0,0,0,0,0,0,0,0,0,0,0,0,0,0,0,0,0,0,0,0,0,0,0,0,0,0,0,0,0,0,0,0,0,0,0,0,0,0,0,0,0,1,0,0,0,0,0,0,0,0,0,0,0,0,0,0,0,0,0,0,0,0,0,0,0,0,0,0,0,0,0,0,0,0,0,0,0,0,0,0,0,0,0,0,0,0,1,0,0,0,0,1,0,0,0,0,0,0,0,0,0,0,0,0,0,0,0,0,0,0,0,0,0,0,0,0,0,0,0,0,0,0,0,0,0,0,0,0,0,0,0,0,0,0,0,0,0,0,0,0,0,0,0,0,0,0,0,0,0,0,0,0,0,0,0,0,0,0,0,0,0,0,0,0,0,0,0,0,0,0,0,0,0,0,0,0,0,0,0,0,0,0,0,0,0,0,0,0,0,0,0,0,0,0,0,0,0,0,0,0,0,0,0,0,0,0,0,0,0,0,0,0,0,0,0,0,0,0,0,0,0,0,0,0,0,0,0,0,0,0,0,0,0,0,0,0,0,0,0,0,0,0,0,0,0,0,0,0,0,0,0,0,0,0,0,0,0,0,0,0,0,0,0,0,0,0,0,0,0,0,0,0,0,0,0,0,0,0,0,0,0,0,0,0,0,0,0,0,0,0,0,0,0,0,0,0,0,0,0,0,0,0,0,0,0,0,0,0,0,0,0,0,0,0,1,0,0,0,0,0,0,0,0,0,0,0,0,0,0,0,0,0,0,0,0,0,0,0,1,0,0,0,0,0,0,0,0,0,0,0,0,0,0,0,0,0,0,0,0,0,0,0,0,0,0,0,0,0,0,0,0,0,0,0,0,0,0,0,0,0,0,0,0,0,0,0,0,0,0,0,0,0,0,0,0
d__Bacteria;p__Margulisbacteria,0,0,0,0,0,0,0,0,0,0,0,0,0,0,0,0,0,0,2,0,0,0,0,0,0,0,0,0,0,0,0,0,0,0,1,0,0,0,0,0,0,1,0,0,0,0,0,0,0,0,0,0,0,0,2,0,0,0,0,0,0,0,0,0,0,0,0,0,0,0,0,0,0,0,1,0,0,0,0,0,0,0,0,0,0,0,0,0,0,0,0,0,0,0,0,0,0,0,0,0,0,0,0,0,0,0,0,0,0,0,0,0,0,0,0,0,0,0,0,0,0,0,0,0,0,0,0,0,0,0,0,0,0,0,0,0,0,0,0,0,0,0,0,0,0,0,0,0,0,0,0,0,0,0,0,0,0,0,0,0,0,0,0,0,0,0,0,0,0,0,0,0,0,0,0,0,0,0,0,0,0,0,0,0,0,0,0,0,0,0,0,0,0,0,0,0,0,0,0,0,0,0,0,0,0,0,0,0,0,0,0,0,0,0,0,0,0,0,0,0,0,0,0,0,0,0,0,0,0,0,0,0,0,0,0,0,0,0,0,0,0,0,0,0,0,0,0,0,0,0,0,0,0,0,0,0,0,0,0,0,0,0,0,0,0,0,0,0,0,0,0,0,0,0,0,0,0,0,0,0,0,0,0,0,0,0,0,0,0,0,0,0,0,0,0,0,0,0,0,0,0,0,0,0,0,0,0,0,0,0,0,0,0,0,0,0,0,0,0,0,0,0,0,0,0,0,0,0,0,0,0,0,0,0,0,0,0,0,0,0,0,0,0,0,0,0,0,0,0,0,0,0,0,0,0,0,0,0,0,0,0,0,0,0,0,0,0,0,1,0,0,0,0,0,0,0,0,0,0,0,0,0,0,0,0,0,0,0,0,0,0,0,0,0,0,1,0,0,0,0,0,0,0,0,0,0,0,0,0,0,0,0,0,0,0,0,0,0,0,0,0,0,0,0,0,0,0,0,0,0,0,0,0,0,0,0,0,1,0,0,0,0,0,0,0,0,0,0,0,0,0,0,0,0,0,0,0,2,0,0,0,0,0,0,0,0,0,0,0,0,0,0,0,0,0,0,0,0,0,0,0,0,0,0,0,0,0,0,0,0,0,0,0,0,0,0,0,0,0,0,0,0
d__Bacteria;p__Nitrospinota,0,0,0,0,0,0,0,0,0,0,0,0,0,0,1,0,0,0,0,0,0,0,0,0,0,0,0,0,0,0,0,0,0,0,0,0,0,0,0,0,0,0,0,0,0,0,0,0,0,0,0,0,0,0,0,0,0,0,0,0,0,0,0,0,0,0,1,0,0,0,0,0,0,0,0,0,0,0,0,0,0,0,0,0,0,0,0,0,0,0,0,0,0,0,0,0,0,0,0,0,0,0,0,0,0,0,0,0,0,0,0,0,0,0,0,0,0,0,0,0,0,0,0,0,0,0,0,0,0,0,0,0,0,0,0,0,0,0,0,0,0,0,0,0,0,0,0,0,0,0,0,0,0,0,0,0,0,0,0,0,0,0,0,0,0,0,0,0,0,0,0,0,0,0,0,0,0,0,0,0,0,0,0,0,0,0,0,0,0,0,0,0,0,0,0,0,0,0,0,0,0,0,0,0,0,0,0,0,0,0,0,0,0,0,0,0,0,0,0,0,0,0,0,0,0,0,0,0,0,0,0,0,0,0,0,0,0,0,0,0,0,0,0,0,0,0,0,0,0,0,0,0,0,0,0,0,0,0,0,0,0,0,0,0,0,0,0,0,0,0,0,0,0,0,0,0,0,0,0,0,0,0,0,0,0,0,0,0,0,0,0,0,0,0,0,0,0,0,0,0,0,0,0,1,0,0,0,0,0,0,0,0,0,0,0,0,0,0,0,0,0,0,0,0,0,0,0,0,0,0,0,0,0,0,0,0,0,0,0,0,0,0,0,0,0,0,0,0,0,0,0,0,0,0,0,0,0,0,0,0,0,0,0,0,0,0,0,0,0,0,0,0,0,0,0,0,0,0,0,0,0,0,0,0,0,0,0,0,0,0,0,0,0,0,0,0,0,0,0,0,0,0,0,0,0,0,0,0,0,0,0,0,0,0,0,0,0,0,0,0,0,0,0,0,0,0,0,0,0,0,0,0,0,0,0,0,0,0,0,0,0,2,0,0,0,0,0,0,0,0,0,0,0,0,0,1,0,0,0,0,0,0,0,0,0,0,0,0,0,0,0,0,0,0,0,0,0,0,0,0,0,0,0,0,0,0,0,0,0,0,0,0,0,0,0,0,0,0,0,0,0,0
d__Bacteria;p__CLD3,0,0,0,0,0,0,0,0,0,0,1,0,0,0,0,0,0,0,0,0,0,0,0,0,0,0,0,0,0,0,0,0,0,0,0,0,0,0,0,0,0,0,0,0,0,0,0,0,0,0,0,0,0,0,0,0,0,0,0,0,0,0,0,0,0,0,0,0,0,0,0,0,0,0,0,0,0,0,0,0,0,0,0,0,0,0,0,0,0,0,0,0,0,0,0,0,0,0,0,0,0,0,0,0,0,0,0,0,0,0,0,0,0,0,0,0,0,0,0,0,0,0,0,0,0,0,0,0,0,0,0,0,0,0,0,0,0,0,0,0,0,0,0,0,0,0,0,0,0,0,0,0,0,0,0,0,0,0,0,0,0,0,0,0,0,0,0,0,0,0,0,0,0,0,0,0,0,0,0,0,0,0,0,0,0,1,0,0,0,0,0,0,0,0,0,0,1,0,0,0,0,0,0,0,0,0,0,0,0,0,0,0,0,0,0,0,0,0,0,0,0,0,0,0,0,0,0,0,0,0,0,0,0,0,0,0,0,0,0,0,0,0,0,0,0,0,0,0,0,0,0,0,0,0,0,0,0,0,0,0,0,0,0,0,0,0,0,0,0,0,0,0,0,0,0,0,0,0,0,0,0,0,0,0,0,0,0,0,0,0,0,0,0,0,0,0,0,0,0,0,0,0,0,0,0,0,0,0,0,0,0,0,0,0,0,0,0,0,0,0,0,0,0,0,0,0,0,0,0,0,0,0,0,0,0,0,0,0,0,0,0,0,0,0,0,0,0,0,0,0,0,0,0,0,0,0,0,0,0,0,0,0,0,0,0,0,0,0,0,0,0,0,0,0,0,0,0,0,0,0,0,0,0,0,0,0,0,0,0,0,0,0,0,0,0,0,0,0,0,0,0,0,0,0,0,0,0,0,0,0,0,0,0,0,0,0,0,0,0,0,0,0,0,0,0,0,0,0,0,0,0,0,0,0,0,0,0,0,0,0,0,0,0,1,0,0,0,0,0,0,0,0,0,0,0,0,0,0,0,0,0,0,0,0,0,0,0,0,0,0,0,0,0,0,0,0,0,0,0,0,0,0,0,0,0,0,0,0,0,0,0,0,0,0,0,0,0,0,0,0,0,0
d__Bacteria;p__SAR324,0,0,0,0,0,0,0,0,0,0,0,0,0,0,0,0,0,0,0,0,0,0,0,0,0,0,0,0,0,0,0,0,0,0,0,0,0,0,0,0,0,0,0,0,0,0,0,0,0,0,0,0,0,0,0,0,0,0,0,0,0,0,0,0,0,0,0,0,0,0,0,0,0,0,0,0,0,0,0,0,0,0,0,0,0,0,0,0,0,0,0,0,0,0,0,0,0,0,0,0,0,0,0,0,0,0,0,0,0,0,0,0,0,0,0,0,0,0,0,0,0,0,0,0,0,0,0,0,0,0,0,0,0,0,0,0,0,0,0,0,0,0,0,0,0,0,0,0,0,0,0,0,0,0,0,0,0,0,0,0,0,0,0,0,0,0,0,0,0,0,0,0,0,0,0,0,0,0,0,0,0,0,0,0,0,0,0,0,0,0,0,0,0,0,0,0,0,0,0,0,0,0,0,0,0,0,0,0,0,0,0,0,0,0,0,0,1,0,0,0,0,0,0,0,0,0,0,0,0,0,0,0,0,0,0,0,0,0,0,0,0,0,0,0,0,0,0,0,0,0,0,0,0,0,0,0,0,0,0,0,0,0,0,0,0,0,0,0,0,0,0,0,0,0,0,0,0,0,0,0,0,0,0,0,0,0,0,0,0,0,0,0,0,0,0,0,0,0,0,0,0,0,0,0,0,0,0,0,0,0,0,0,0,0,0,0,0,0,0,0,0,0,0,0,0,0,0,0,0,0,0,0,0,0,0,0,0,0,0,0,0,0,0,0,0,0,0,0,0,0,0,0,0,0,0,0,0,0,0,0,0,0,0,0,0,0,0,0,0,0,0,0,0,0,0,0,0,0,0,0,0,0,0,0,0,0,0,0,0,0,0,0,0,0,0,0,0,0,0,0,0,0,0,0,0,0,0,0,0,0,0,0,0,0,0,0,0,0,0,0,0,0,0,0,0,0,0,0,0,0,0,0,0,0,0,0,0,0,0,0,0,0,0,0,0,0,0,0,0,0,0,0,0,0,0,0,0,0,0,0,0,0,0,0,0,0,0,0,0,0,0,0,0,0,0,0,0,0,0,0,0,0,0,0,0,0,0,0,0,0,0,0,0,0,0,0,0,0,0,0,0,0
d__Bacteria;p__Bacillota_B_370518,0,0,0,0,0,0,0,0,0,0,0,0,0,0,0,0,0,0,0,0,0,0,0,0,0,0,0,0,0,0,0,0,0,0,0,0,0,0,0,0,0,0,0,0,0,0,0,0,0,0,0,0,0,0,0,0,0,0,0,0,0,0,0,0,0,0,0,0,0,0,0,0,0,0,0,0,0,0,0,0,0,0,0,0,0,0,0,0,0,0,0,0,0,0,0,0,0,0,0,0,0,0,0,0,0,0,0,0,0,0,0,0,0,0,0,0,0,0,0,0,0,0,0,0,0,0,0,0,0,0,0,0,0,0,0,0,0,0,0,0,0,0,0,0,0,0,0,0,0,0,0,0,0,0,0,0,0,0,0,0,0,0,0,0,0,0,0,0,0,0,0,0,0,0,0,0,0,0,0,0,0,0,0,0,0,0,0,0,0,0,0,0,0,0,0,0,0,0,0,0,0,0,0,0,0,0,0,0,0,0,0,0,0,0,0,0,0,0,0,0,0,0,0,0,0,0,0,0,0,0,0,0,0,0,0,0,0,0,0,0,0,0,0,0,0,0,0,0,0,0,0,0,0,0,0,0,0,0,0,0,0,0,0,0,0,0,0,0,0,0,0,0,0,0,0,0,0,0,0,0,0,0,0,0,0,0,0,0,0,0,0,0,0,0,0,0,0,0,0,0,0,0,0,0,0,0,0,0,0,0,0,0,0,0,0,0,0,0,0,0,0,0,0,0,0,0,0,0,1,0,0,0,0,0,0,0,0,0,0,0,0,0,0,0,0,0,0,0,0,0,0,0,0,0,0,0,0,0,0,0,0,0,0,0,0,0,0,0,0,0,0,0,0,0,0,0,0,0,0,0,0,0,0,0,0,0,0,0,0,0,0,0,0,0,0,0,0,0,0,0,0,0,0,0,0,0,0,0,0,0,0,0,0,0,0,0,0,0,0,0,0,0,0,0,0,0,0,0,0,0,0,0,0,0,0,0,0,0,0,0,0,0,0,0,0,0,0,0,0,0,0,0,0,0,0,0,0,0,0,0,0,0,0,0,0,0,0,0,0,0,0,0,0,0,0,0,0,0,0,0,0,0,0,0,0,0,0,0,0,0,0,0,0,0,0,0,0,0,0,0,0,0
d__Bacteria;p__Nitrospirota_A_437855,0,0,0,0,0,0,0,0,0,0,0,0,0,0,0,0,0,0,0,0,0,0,1,0,0,0,0,0,0,0,0,0,0,0,0,0,0,0,0,0,0,0,0,0,0,0,0,0,0,0,0,0,0,0,0,0,0,0,0,0,0,0,0,0,0,0,0,0,0,0,0,0,0,0,0,0,0,0,0,0,0,0,0,0,0,0,0,0,0,0,0,0,0,0,0,0,0,0,0,0,0,0,0,0,0,0,0,0,0,0,0,0,0,0,0,0,0,0,0,0,0,0,0,0,0,0,0,0,0,0,0,0,0,0,0,0,0,0,0,0,0,0,0,0,0,0,0,0,0,0,0,0,0,0,0,0,0,0,0,0,0,0,0,0,0,0,0,0,0,0,0,0,0,0,0,0,0,0,0,0,0,0,0,0,0,0,0,0,0,0,0,0,0,0,0,0,0,0,0,0,0,0,0,0,0,0,0,0,0,0,0,0,0,0,0,0,0,0,0,0,0,0,0,0,0,0,0,0,0,0,0,0,0,0,0,0,0,0,0,0,0,0,0,0,0,0,0,0,0,0,0,0,0,0,0,0,0,0,0,0,0,0,0,0,0,0,0,0,0,0,0,0,0,0,0,0,0,0,0,0,0,0,0,0,0,0,0,0,0,0,0,0,0,0,0,0,0,0,0,0,0,0,0,0,0,0,0,0,0,0,0,0,0,0,0,0,0,0,0,0,0,0,0,0,0,0,0,0,0,0,0,0,0,0,0,0,0,0,0,0,0,0,0,0,0,0,0,0,0,0,0,0,0,0,0,0,0,0,0,0,0,0,0,0,0,0,0,0,0,0,0,0,0,0,0,0,0,0,0,0,0,0,0,0,0,0,0,0,0,0,0,0,0,0,0,0,0,0,0,0,0,0,0,0,0,0,0,0,0,0,0,0,0,0,0,0,0,0,0,0,0,0,0,0,0,0,0,0,0,0,0,0,0,0,0,0,0,0,0,0,0,0,0,0,0,0,0,0,0,0,0,0,0,0,0,0,0,0,0,0,0,0,0,0,0,0,0,0,0,0,0,0,0,0,0,0,0,0,0,0,0,0,0,0,0,0,0,0,0,0,0,0,0,0,0,0,0,0,0,0,0,0
d__Bacteria;p__Schekmanbacteria,0,0,0,0,0,0,0,0,0,0,0,0,0,0,0,0,0,0,0,0,0,0,0,0,0,0,0,0,0,0,0,0,0,0,0,0,0,0,0,0,0,0,0,0,0,0,0,0,0,0,0,0,0,0,0,0,0,0,0,0,0,0,0,0,0,0,0,0,0,0,0,0,0,0,0,0,0,0,0,0,0,0,0,0,0,0,0,0,0,0,0,0,0,0,0,0,0,0,0,0,0,1,0,0,0,0,0,0,0,0,0,0,0,0,0,0,0,0,0,0,0,0,0,0,0,0,0,0,0,0,0,0,0,0,0,0,0,0,0,0,0,0,0,0,0,0,0,0,0,0,0,0,0,0,0,0,0,0,0,0,0,0,0,0,0,0,0,0,0,0,0,0,0,0,0,0,0,0,0,0,0,0,0,0,0,0,0,0,0,0,0,0,0,0,0,0,0,0,0,0,0,0,0,0,0,0,0,0,0,0,0,0,0,0,0,0,0,0,0,0,0,0,0,0,0,0,0,0,0,0,0,0,0,0,0,0,0,0,0,0,0,0,0,0,0,0,0,0,0,0,0,0,0,0,0,0,0,0,0,0,0,0,0,0,0,0,0,0,0,0,0,0,0,0,0,0,0,0,0,0,0,0,0,0,0,0,0,0,0,0,0,0,0,0,0,0,0,0,0,0,0,0,0,0,0,0,0,0,0,0,0,0,0,0,0,0,0,0,0,0,0,0,0,0,0,0,0,0,0,0,0,0,0,0,0,0,0,0,0,0,0,0,0,0,0,0,0,0,0,0,0,0,0,0,0,0,0,0,0,0,0,0,0,0,0,0,0,0,0,0,0,0,0,0,0,0,0,0,0,0,0,0,0,0,0,0,0,0,0,0,0,0,0,0,0,0,0,0,0,0,0,0,0,0,0,0,0,0,0,0,0,0,0,0,0,0,0,0,0,0,0,0,0,0,0,0,0,0,0,0,0,0,0,0,0,0,0,0,0,0,0,0,0,0,0,0,0,0,0,0,0,0,0,0,0,0,0,0,0,0,0,0,0,0,0,0,0,0,0,0,0,0,0,0,0,0,0,0,0,0,0,0,0,0,0,0,0,0,0,0,0,0,0,0,0,0,0,0,0,0,0,0
d__Bacteria;p__UBA10199,0,0,0,0,0,0,0,0,0,0,0,0,0,0,0,0,0,0,0,0,0,0,0,0,0,0,0,0,1,0,0,0,0,0,0,0,0,0,0,0,0,0,0,0,0,0,0,0,0,0,1,0,0,0,0,0,0,0,0,0,0,0,0,0,0,0,0,0,0,0,0,0,0,0,0,0,0,0,0,0,0,0,0,0,0,0,0,0,0,0,0,0,0,0,0,0,0,0,0,0,0,0,0,0,0,0,0,0,0,0,0,0,0,0,0,0,0,0,0,0,0,0,0,0,0,0,0,0,0,0,0,0,0,0,0,0,0,0,0,0,0,0,0,0,0,0,0,0,0,0,0,0,0,0,0,0,0,0,0,0,0,0,0,0,0,0,0,0,0,0,0,0,0,0,0,0,0,0,0,0,0,0,0,0,0,0,0,0,0,0,0,0,0,0,0,0,0,0,0,0,0,0,0,0,0,0,0,0,0,0,0,0,0,0,0,0,0,0,0,0,0,0,0,0,0,0,0,0,0,0,0,0,0,0,0,0,0,0,0,0,0,0,0,0,0,0,0,0,0,0,0,0,0,0,0,0,0,0,0,0,0,0,0,0,0,0,0,0,0,0,0,0,0,0,0,0,0,0,0,0,0,0,0,0,0,0,0,0,0,0,1,0,0,0,0,0,0,0,0,0,0,0,0,0,0,0,0,0,0,0,0,0,0,0,1,0,0,0,0,0,0,0,0,0,0,0,0,0,0,0,0,0,0,0,0,0,0,0,0,0,0,0,0,0,0,0,0,0,0,0,0,0,0,0,0,0,0,0,0,0,0,0,0,0,0,0,0,0,0,0,0,0,0,0,0,0,0,0,0,0,0,0,0,0,0,0,0,0,0,0,0,0,0,0,0,0,0,0,0,0,0,0,0,0,0,0,0,0,0,0,0,0,0,0,0,0,0,0,0,0,0,0,0,0,0,0,0,0,0,0,0,0,0,0,0,0,0,0,0,0,0,0,0,0,0,0,0,0,0,0,0,0,0,0,0,0,0,0,0,0,0,0,0,0,0,0,0,0,0,0,0,0,0,0,0,0,0,0,0,0,0,0,0,0,0,0,0,0,0,0,0,0,0,0,0,0,0,0,0,0,0,0
d__Bacteria;p__Bacillota_B_370541,0,0,0,0,0,0,0,0,0,0,0,0,0,0,0,0,0,0,0,0,0,0,0,0,0,0,0,0,0,0,0,0,0,0,0,0,0,0,0,0,0,0,0,0,0,0,0,0,0,0,1,0,0,0,0,0,0,0,0,0,0,0,0,0,0,0,0,0,0,0,0,0,0,0,0,0,0,0,0,0,0,0,0,0,0,0,0,0,0,0,0,0,0,0,0,0,0,0,0,0,0,0,0,0,0,0,0,0,0,0,0,0,0,0,0,0,0,0,0,0,0,0,0,0,0,0,0,0,0,0,0,0,0,0,0,0,0,0,0,0,0,0,0,0,0,0,0,0,0,0,0,0,0,0,0,0,0,0,0,0,0,0,0,0,0,0,0,0,0,0,0,0,0,0,0,0,0,0,0,0,0,0,0,0,0,0,0,0,0,0,0,0,0,0,0,0,0,0,0,0,0,0,0,0,0,0,0,0,0,0,0,0,0,0,0,0,0,0,0,0,0,0,0,0,0,0,0,0,0,0,0,0,0,0,0,0,0,0,0,0,0,0,0,0,0,0,0,0,0,0,0,0,0,0,0,0,0,0,0,0,0,0,0,0,0,0,0,0,0,0,0,0,0,0,0,0,0,0,0,0,0,0,0,0,0,0,0,0,0,0,0,0,0,0,0,0,0,0,0,0,0,0,0,0,0,0,0,0,0,0,0,0,0,0,0,0,0,0,0,0,2,0,0,0,0,0,0,0,0,0,0,0,0,0,0,0,0,0,0,0,0,0,0,0,0,0,0,0,0,0,0,0,0,0,0,0,0,0,0,0,0,0,0,0,0,0,0,0,0,0,0,0,0,0,0,0,0,0,0,0,0,0,0,0,0,0,0,0,0,0,0,0,0,0,0,0,0,0,1,0,0,0,0,0,0,0,0,0,0,0,0,0,1,0,0,0,0,0,0,0,0,0,0,0,0,0,0,0,0,0,0,0,0,0,0,0,0,0,0,0,0,1,0,0,0,0,0,0,0,0,0,0,0,0,0,1,0,0,0,0,0,0,0,0,0,0,0,0,0,0,0,0,0,0,0,0,0,0,0,0,0,0,0,0,0,0,0,0,1,0,0,0,0,0,0,0,0,0,0,0,0,0
d__Bacteria;p__Coprothermobacterota,0,0,0,0,0,0,0,1,0,0,0,0,0,0,0,0,0,0,0,0,0,0,0,0,0,0,0,0,0,0,0,0,0,0,0,0,0,0,0,0,0,0,0,0,0,0,0,0,0,0,0,0,0,0,0,0,0,0,0,0,0,0,0,0,0,0,0,0,0,0,0,0,0,0,0,0,0,0,0,0,0,0,0,0,0,0,0,0,0,0,0,0,0,0,0,0,0,0,0,0,0,0,0,0,0,0,0,0,0,0,0,0,0,0,0,0,0,0,0,0,0,0,0,0,0,0,0,0,0,0,0,0,0,0,0,0,0,0,0,0,0,0,0,0,0,0,0,0,0,0,0,0,0,0,0,0,0,0,0,0,0,0,0,0,0,0,0,0,0,0,0,0,0,0,0,0,0,0,0,0,0,0,0,0,0,0,0,0,0,0,0,0,0,0,0,0,0,0,0,0,0,0,0,0,0,0,0,0,0,0,0,0,0,0,0,0,0,0,0,0,0,0,0,0,0,0,0,0,0,0,0,0,0,0,0,0,0,0,0,0,0,0,0,0,0,0,0,0,0,0,0,0,0,0,0,0,0,0,0,0,0,0,0,0,0,0,0,0,0,0,0,0,0,0,0,0,0,0,0,0,0,0,0,0,0,0,0,0,0,0,0,0,0,0,0,0,0,0,0,0,0,0,0,0,0,0,0,0,0,0,0,0,0,0,0,0,0,0,0,0,0,0,0,0,0,0,0,0,0,0,0,0,0,0,0,0,0,0,0,0,0,0,0,0,0,0,0,0,0,0,0,0,0,0,0,0,0,0,0,0,0,0,0,0,0,0,0,0,0,0,0,0,0,0,0,0,0,0,0,0,0,0,0,0,0,0,0,0,0,0,0,0,0,0,0,0,0,0,0,0,0,0,0,0,0,0,0,0,0,0,0,0,0,0,0,0,0,0,0,0,0,0,0,0,0,0,0,0,0,0,0,0,0,0,0,0,0,0,0,0,0,0,0,0,0,0,0,0,0,0,0,0,0,0,0,0,0,0,0,0,0,0,0,0,0,0,0,0,0,0,0,0,0,0,0,0,0,0,0,0,0,0,0,0,0,0,0,0,0,0,0,0,0,0,0,0,0,0,0,0,0,0
d__Bacteria;p__Omnitrophota,0,0,0,0,0,0,0,1,0,0,0,1,0,0,0,0,0,0,0,0,0,0,0,0,0,0,0,0,0,0,0,0,0,0,0,0,0,0,0,0,2,0,0,0,1,0,0,0,0,0,0,0,0,0,0,0,0,0,0,0,0,0,0,0,0,0,0,0,0,0,0,0,0,0,0,0,0,0,0,0,0,0,0,0,0,0,0,0,0,0,0,0,0,0,0,0,0,0,0,0,0,0,0,0,0,0,0,0,0,0,0,0,0,0,1,0,0,0,0,0,0,0,0,0,0,0,0,0,0,0,0,0,0,0,0,0,0,0,0,0,0,0,0,0,0,0,0,0,0,0,0,0,0,0,0,0,0,0,0,0,0,0,0,0,0,0,0,0,0,0,0,0,0,0,0,0,0,0,0,0,0,0,0,0,1,0,0,0,0,0,0,0,0,0,0,0,0,0,0,0,0,0,0,0,0,0,0,0,0,0,0,0,0,0,0,0,0,0,0,0,0,0,0,0,0,0,0,0,0,0,0,0,0,0,0,0,0,0,0,0,0,0,0,0,0,0,0,0,0,0,0,0,0,0,0,0,0,0,0,0,0,0,0,0,0,0,0,0,0,0,0,0,0,0,0,0,0,0,0,0,0,0,0,0,0,0,0,0,0,0,0,0,0,0,0,0,0,0,0,0,0,0,0,0,0,0,0,0,0,0,0,0,0,0,0,0,0,0,0,0,0,0,0,0,0,0,0,0,0,0,0,0,0,0,0,0,0,0,0,0,0,0,0,0,0,0,0,0,0,0,0,0,0,0,0,0,0,0,0,0,0,0,0,0,0,0,0,0,0,0,0,0,0,0,0,0,0,0,0,0,0,0,0,0,0,0,0,0,0,0,0,0,0,0,0,0,0,0,0,0,0,0,0,0,0,0,0,0,0,0,0,0,0,0,0,0,0,0,0,0,0,0,0,0,0,0,0,0,0,0,0,0,0,0,0,0,0,0,0,0,0,0,0,0,0,1,0,0,0,0,0,0,0,0,0,0,0,1,0,0,0,0,0,0,0,0,0,0,0,0,0,0,0,0,0,0,0,0,0,0,0,0,0,0,0,0,0,0,0,0,0,0,0,0,0,0,0,0,0,0,0,0
d__Bacteria;p__Krumholzibacteriota,0,0,0,0,0,0,0,1,0,0,0,0,0,0,0,0,0,0,0,0,0,0,0,0,0,0,1,0,0,0,0,0,0,0,0,0,0,0,0,0,0,0,1,0,0,0,0,0,0,0,0,0,0,0,0,0,0,0,0,0,0,0,0,0,0,0,0,0,0,0,1,0,0,0,0,0,0,0,0,0,0,0,0,0,0,0,0,0,0,0,0,0,1,0,0,0,0,0,0,0,0,0,0,0,0,0,0,0,0,0,0,0,0,0,0,0,0,0,0,0,0,0,0,0,0,0,0,0,0,0,0,0,0,0,0,0,0,0,0,0,0,0,0,0,0,0,0,0,0,0,0,0,0,0,0,0,0,0,0,0,0,0,0,0,0,0,0,0,0,0,0,0,0,0,0,0,0,0,0,0,0,0,0,0,0,0,0,0,0,0,0,0,0,0,0,0,0,0,0,0,0,0,0,0,0,0,0,0,0,0,0,0,0,0,0,0,0,0,0,0,0,0,0,0,0,0,0,0,0,0,0,0,0,0,0,0,0,0,0,0,0,0,0,0,0,0,0,0,0,0,0,0,0,0,0,0,0,0,0,0,0,0,0,0,0,0,0,0,0,0,0,0,0,0,0,0,0,0,0,0,0,0,0,0,0,0,0,0,0,0,0,0,0,0,0,0,0,0,0,0,0,0,0,0,0,0,0,0,0,0,0,0,0,0,0,0,0,0,0,0,0,0,0,0,0,0,0,0,0,0,0,0,0,0,0,0,0,0,0,0,0,0,0,0,0,0,0,0,0,0,0,0,0,0,0,0,0,0,0,0,0,0,0,0,0,0,0,0,0,0,0,0,0,0,0,0,0,0,0,0,0,0,0,0,0,0,0,0,0,0,0,0,0,0,0,0,0,0,0,0,0,0,0,0,0,0,0,0,0,0,0,0,0,0,0,0,0,0,0,0,0,0,0,0,0,0,0,0,0,0,0,0,0,0,0,0,0,0,0,0,0,0,0,0,0,0,0,0,0,0,0,0,0,0,0,0,0,0,0,0,0,0,0,0,0,0,0,0,0,0,0,0,0,0,0,0,0,0,0,0,0,0,0,0,0,0,0,0,0,0,0,0,0,0,0,0,0,0,0,0,0,0
d__Bacteria;p__Firestonebacteria,0,0,0,0,0,0,0,0,0,0,0,0,0,0,0,0,0,0,0,0,0,0,0,0,0,0,0,0,1,0,0,0,0,0,0,0,0,0,0,0,0,0,0,0,0,0,0,0,0,0,0,0,0,0,0,0,0,0,0,0,0,0,0,0,0,0,0,0,0,0,0,0,0,0,0,0,0,0,0,0,0,0,0,0,0,0,0,0,0,0,0,0,0,0,0,0,0,0,0,0,0,0,0,0,0,0,0,0,0,0,0,0,0,0,0,0,0,0,0,0,0,0,0,0,0,0,0,0,0,0,0,0,0,0,0,0,0,0,0,0,0,0,0,0,0,0,0,0,0,0,0,0,0,0,0,0,0,0,0,0,0,0,0,0,0,0,0,0,0,0,0,0,0,0,0,0,0,0,0,0,0,0,0,0,0,0,0,0,0,0,0,0,0,0,0,0,0,0,0,0,0,0,0,0,0,0,0,0,0,0,0,0,0,0,0,0,0,0,0,0,0,0,0,0,0,0,0,0,0,0,0,0,0,0,0,0,0,0,0,0,0,0,0,0,0,0,0,0,0,0,0,0,0,0,0,0,0,0,0,0,0,0,0,0,0,0,0,0,0,0,0,0,0,0,0,0,0,0,0,0,0,0,0,0,0,0,0,0,0,0,0,0,0,0,0,0,0,0,0,0,0,0,0,0,0,0,0,0,0,0,0,0,0,0,0,0,0,0,0,0,0,0,0,0,0,0,0,0,0,0,0,0,0,0,0,0,0,0,0,0,0,0,0,0,0,0,0,0,0,0,0,0,0,0,0,0,0,0,0,0,0,0,0,0,0,0,0,0,0,0,0,0,0,0,0,0,0,0,0,0,0,0,0,0,0,0,0,0,0,0,0,0,0,0,0,0,0,0,0,0,0,0,0,0,0,0,0,0,0,0,0,0,0,0,0,0,0,0,0,0,0,0,0,0,0,0,0,0,0,0,0,0,0,0,0,0,0,0,0,0,0,0,0,0,0,0,0,0,0,0,0,0,0,0,0,0,0,0,0,0,0,0,0,0,0,0,0,0,0,0,0,0,0,0,0,0,0,0,0,0,0,0,0,0,0,0,0,0,0,0,0,0,0,0,0,0,0,0,0,0,0,0
d__Bacteria;p__Bacillota_E,0,0,0,0,0,0,0,0,0,0,0,0,0,0,0,0,0,0,0,0,0,0,0,0,0,0,0,0,0,0,0,1,0,0,0,0,0,0,0,0,0,0,0,0,0,0,0,0,0,0,0,0,0,0,0,0,0,0,0,0,0,0,0,0,0,0,0,0,0,0,0,0,0,0,0,0,0,0,0,0,0,0,0,0,0,0,0,0,0,0,0,0,0,0,0,0,0,0,0,0,0,0,0,0,0,0,0,0,0,0,0,0,0,0,0,0,0,0,0,0,0,0,0,0,0,0,0,0,0,0,0,0,0,0,0,0,0,0,0,0,0,0,0,0,0,0,0,0,0,0,0,0,0,0,0,0,0,0,0,0,0,0,0,0,0,0,0,0,0,0,0,0,0,0,0,0,0,0,0,0,0,0,0,0,0,0,0,0,0,0,0,0,0,0,0,0,0,0,0,0,0,0,0,0,0,0,0,0,0,0,0,0,0,0,0,0,0,0,0,0,0,0,0,0,0,0,0,0,0,0,0,0,0,0,0,0,0,0,0,0,0,0,0,0,0,0,0,0,0,0,0,0,0,0,0,0,0,0,0,0,0,0,0,0,0,0,0,0,0,0,0,0,0,0,0,0,0,0,0,0,0,0,0,0,0,0,0,0,0,0,0,0,0,0,0,0,0,0,0,0,0,0,0,0,0,0,0,0,0,0,0,0,0,0,0,0,0,0,0,0,0,0,0,0,0,0,0,0,0,0,0,0,0,0,0,0,0,0,0,0,0,0,0,0,0,0,0,0,0,0,0,0,0,0,0,0,0,0,0,0,0,0,0,0,0,0,0,0,0,0,0,0,0,0,0,0,0,0,0,0,0,0,0,0,0,0,0,0,0,0,0,0,0,0,0,0,0,0,0,0,0,0,0,0,0,0,0,0,0,0,0,0,0,0,0,0,0,0,0,0,0,0,0,0,0,0,0,0,0,0,0,0,0,0,0,0,0,1,0,0,0,0,0,0,0,0,0,0,0,0,0,0,0,0,0,0,0,0,0,0,0,0,0,0,0,0,0,0,0,0,0,0,0,0,0,0,0,0,0,0,0,0,0,0,0,0,0,0,0,0,0,0,0,0,0,0,0,0,0,0,0,0
d__Bacteria;p__Delongbacteria,0,0,0,0,0,0,0,0,0,0,0,0,0,0,0,0,0,0,0,0,0,0,0,0,0,0,0,0,0,0,0,0,0,0,0,0,0,0,0,0,0,0,0,0,0,0,0,0,0,0,0,0,0,0,0,0,0,0,0,0,0,0,0,0,0,0,0,0,0,0,0,0,0,2,0,0,0,0,0,0,0,0,0,0,0,0,0,0,0,0,0,0,0,0,0,0,0,0,0,0,0,0,0,0,0,0,0,0,0,0,0,0,0,0,0,0,0,0,0,0,0,0,0,0,0,0,0,0,0,0,0,0,0,0,0,0,0,0,0,0,0,0,0,0,0,0,0,0,0,0,0,0,0,0,0,0,0,0,0,0,0,0,0,0,0,0,0,0,0,0,0,0,0,0,0,0,0,0,0,0,0,0,0,0,0,0,0,0,0,0,0,0,0,0,0,0,0,0,0,0,0,0,0,0,0,0,0,0,0,0,0,0,0,0,0,0,0,0,0,0,0,0,0,0,0,0,0,0,0,0,0,0,0,0,0,0,0,0,0,0,0,0,0,0,0,0,0,0,0,0,0,0,0,0,0,0,0,0,0,0,0,0,0,0,0,0,0,0,0,0,0,0,0,0,0,0,0,0,0,0,0,0,0,0,0,0,0,0,0,0,0,0,0,0,0,0,0,0,0,0,0,0,0,0,0,0,0,0,0,0,0,0,0,0,0,0,0,0,0,0,0,0,0,0,0,0,0,0,0,0,0,0,0,0,0,0,0,0,0,0,0,0,0,0,0,0,0,0,0,0,0,0,0,0,0,0,0,0,0,0,0,0,0,0,0,0,0,0,0,0,0,0,0,0,0,0,0,0,0,0,0,0,0,0,0,0,0,0,0,0,0,0,0,0,0,0,0,0,0,0,0,0,0,0,0,0,0,0,0,0,0,0,0,0,0,0,0,0,0,0,0,0,0,0,0,0,0,0,0,0,0,0,0,0,0,0,0,0,0,0,0,0,0,0,0,0,0,0,0,0,0,0,0,0,0,0,0,0,0,0,0,0,0,0,0,0,0,0,0,0,0,0,0,0,0,0,0,0,0,0,0,0,0,0,0,0,0,0,0,0,0,0,0,0,0,0,0,0,0,0,0,0
d__Bacteria;p__Cloacimonadota,0,0,0,0,0,0,0,0,0,0,0,0,0,0,0,0,0,0,0,0,0,0,0,0,0,0,0,0,0,0,0,0,0,0,0,0,0,0,0,0,0,0,0,0,0,0,0,0,0,0,0,0,0,0,0,0,0,0,0,0,0,0,0,0,0,0,0,0,0,0,0,0,0,0,1,0,0,0,0,0,0,0,0,0,0,0,0,0,0,0,0,0,0,0,0,0,0,0,0,0,0,0,0,0,0,0,0,0,0,0,0,0,0,0,0,0,0,0,0,0,0,0,0,0,0,0,0,0,0,0,0,0,0,0,0,0,0,0,0,0,0,0,0,0,0,0,0,0,0,0,0,0,0,0,0,0,0,0,0,0,0,0,0,0,0,0,0,0,0,0,0,0,0,0,0,0,0,0,0,0,0,0,0,0,0,0,0,0,0,0,0,0,0,0,0,0,0,0,0,0,0,0,0,0,0,0,0,0,0,0,0,0,0,0,0,0,0,0,0,0,0,0,0,0,0,0,0,0,0,0,0,0,0,0,0,0,0,0,0,0,0,0,0,0,0,0,0,0,0,0,0,0,0,0,0,0,0,0,0,0,0,0,0,0,0,0,0,0,0,0,0,0,0,0,0,0,0,0,0,0,0,0,0,0,0,0,0,0,0,0,0,0,0,0,0,0,0,0,0,0,0,0,0,0,0,0,0,0,0,0,0,0,0,0,0,0,0,0,0,0,0,0,0,0,0,0,0,0,0,0,0,0,0,0,0,0,0,0,0,0,0,0,0,0,0,0,0,0,0,0,0,0,0,0,0,0,0,0,0,0,0,0,0,0,0,0,0,0,0,0,0,0,0,0,0,0,0,0,0,0,0,0,0,0,0,0,0,0,0,0,0,0,0,0,0,0,0,0,0,0,0,0,0,0,0,0,0,0,0,0,0,0,0,0,0,0,0,0,0,0,0,0,0,0,0,0,0,0,0,0,0,0,0,0,0,0,0,0,0,0,0,0,0,0,0,0,0,0,0,0,0,0,0,0,0,0,0,0,0,0,0,0,0,0,0,0,0,0,0,0,0,0,0,0,0,0,0,0,0,0,0,0,0,0,0,0,0,0,0,0,0,0,0,0,0,0,0,0,0,0,0,0
d__Bacteria;p__Caldisericota,0,0,0,0,0,0,0,0,0,0,0,0,0,0,0,0,0,0,0,0,0,0,0,0,0,0,0,0,0,0,0,0,0,0,0,0,0,0,0,0,0,0,0,0,0,0,0,0,0,0,0,0,0,0,0,0,0,0,0,0,0,0,0,0,0,0,0,0,0,0,0,0,0,0,0,0,0,0,0,0,0,0,0,0,0,0,0,0,0,0,0,0,0,0,0,0,0,0,0,0,0,0,0,0,0,0,0,0,0,0,0,0,0,0,0,0,0,0,0,0,0,0,0,0,0,0,0,0,0,0,0,0,0,0,0,0,0,0,0,0,0,0,0,0,0,0,0,0,0,0,0,0,0,0,0,0,0,0,0,0,0,0,0,0,0,0,0,0,0,0,0,0,0,0,0,0,0,0,0,0,0,0,0,0,0,0,0,0,0,0,2,0,0,0,0,0,0,0,0,0,0,0,0,0,0,0,0,0,0,0,0,0,0,0,0,0,0,0,0,0,0,0,0,0,0,0,0,0,0,0,0,0,0,0,0,0,0,0,0,0,0,0,0,0,0,0,0,0,0,0,0,0,0,0,0,0,0,0,0,0,0,0,0,0,0,0,0,0,0,0,0,0,0,0,0,0,0,0,0,0,0,0,0,0,0,0,0,0,0,0,0,0,0,0,0,0,0,0,0,0,0,0,0,0,0,0,0,0,0,0,0,0,0,0,0,0,0,0,0,0,0,0,0,0,0,0,0,0,0,0,0,0,0,0,0,0,0,0,0,0,0,0,0,0,0,0,0,0,0,0,0,0,0,0,0,0,0,0,0,0,0,0,0,0,0,0,0,0,0,0,0,0,0,0,0,0,0,0,0,0,0,0,0,0,0,0,0,0,0,0,0,0,0,0,0,0,0,0,0,0,0,0,0,0,0,0,0,0,0,0,0,0,0,0,0,0,0,0,0,0,0,0,0,0,0,0,0,0,0,0,0,0,0,0,0,0,0,0,0,0,0,0,0,0,0,0,0,0,0,0,0,0,0,0,0,0,0,0,0,0,0,0,0,0,0,0,0,0,0,0,0,0,0,0,0,0,0,0,0,0,0,0,0,0,0,0,0,0,0,0,0,0,0,0,0,0,0,0,0,0,0,0
d__Bacteria;p__FCPU426,0,0,0,0,0,0,0,0,0,0,0,0,0,0,0,0,0,0,0,0,0,0,0,0,0,0,0,0,0,0,0,0,0,0,1,0,0,0,0,0,0,0,0,0,0,0,0,0,0,0,0,0,0,0,0,0,0,0,0,0,0,0,0,0,0,0,0,0,0,0,0,0,0,0,0,0,0,0,0,0,0,0,0,0,0,0,0,0,0,0,0,0,0,0,0,0,0,0,0,0,0,0,0,0,0,0,0,0,0,0,0,0,0,0,0,0,0,0,0,0,0,0,0,0,0,0,0,0,0,0,0,0,0,0,0,0,0,0,0,0,0,0,0,0,0,0,0,0,0,0,0,0,0,0,0,0,0,0,0,0,0,0,0,0,0,0,0,0,0,0,0,0,0,0,0,0,0,0,0,0,0,0,0,0,0,0,0,0,0,0,0,0,0,2,0,0,0,0,0,0,0,0,0,0,0,0,0,0,0,0,0,0,0,0,0,0,0,0,0,0,0,0,0,0,0,0,0,0,0,0,0,0,0,0,0,0,0,0,0,0,0,0,0,0,0,0,0,0,0,0,0,0,0,0,0,0,0,0,0,0,0,0,0,0,0,0,0,0,0,0,0,0,0,0,0,0,0,0,0,0,0,0,0,0,0,0,0,0,0,0,0,0,0,0,0,0,0,0,0,0,0,0,0,0,0,0,0,0,0,0,0,0,0,0,0,0,0,0,0,0,0,0,0,0,0,0,0,0,0,0,0,0,0,0,0,0,0,0,0,0,0,0,0,0,0,0,0,0,0,0,0,0,0,0,0,0,0,0,0,0,0,0,0,0,0,0,0,0,0,0,0,0,0,0,0,0,0,0,0,0,0,0,0,0,0,0,0,0,0,0,0,0,0,0,0,0,0,0,0,0,0,0,0,0,0,0,0,0,0,0,0,0,0,0,0,0,0,0,0,0,0,0,0,0,0,0,0,0,0,0,0,0,0,0,0,0,0,0,0,0,0,0,0,0,0,0,0,0,0,0,0,0,0,0,0,0,0,0,0,0,0,0,0,0,0,0,0,0,0,0,0,0,0,0,0,0,0,0,0,0,0,0,0,0,0,0,0,0,0,0,0,0,0,0,0,0,0,0,0,0,0,0
d__Bacteria;p__Eremiobacterota,0,0,0,0,0,0,0,0,0,0,0,0,0,0,0,0,0,0,0,0,0,0,0,0,0,0,0,0,0,0,0,0,0,0,0,0,0,0,0,0,0,0,0,0,0,0,0,0,0,0,0,0,0,0,0,0,0,0,0,0,0,0,0,0,0,0,0,0,0,0,0,0,0,0,0,0,0,0,0,0,0,0,0,0,0,0,0,0,0,0,0,0,0,0,0,0,0,0,0,0,0,0,0,0,0,0,0,0,0,0,0,0,0,0,0,0,0,0,0,0,0,0,0,0,0,0,0,0,0,0,0,0,0,0,0,0,0,0,0,0,0,0,0,0,0,0,0,0,0,0,0,0,0,0,0,0,0,0,0,0,0,0,0,0,0,0,0,0,0,0,0,0,0,0,0,0,0,0,0,0,0,0,0,0,0,0,0,0,0,0,0,0,0,0,0,0,0,0,0,0,0,0,0,0,0,0,0,0,0,0,0,0,0,0,0,0,0,0,0,0,0,0,0,0,0,0,0,0,0,0,0,0,0,0,0,0,0,0,0,0,0,0,0,0,0,0,0,0,0,0,0,0,0,0,0,0,0,0,0,0,0,0,0,0,0,0,0,0,0,0,0,0,0,0,0,0,0,0,0,0,0,0,0,0,0,0,0,0,0,0,0,0,0,0,0,0,0,0,0,0,0,0,0,0,0,0,0,0,0,0,0,0,0,0,0,0,0,0,0,0,0,0,0,0,0,0,0,0,0,0,0,0,0,0,0,0,0,0,0,0,0,0,0,0,0,1,0,0,0,0,0,0,0,0,0,0,0,0,0,0,0,0,0,0,0,0,0,0,0,0,0,0,0,0,0,0,0,0,0,0,0,0,0,0,0,0,0,0,0,0,0,0,0,0,0,0,0,0,0,0,0,0,0,0,0,0,0,0,0,0,0,0,0,0,0,0,0,0,0,0,0,0,0,0,0,0,0,0,0,0,0,0,0,0,0,0,0,0,0,0,0,0,0,0,0,0,0,0,0,0,0,0,0,0,0,0,0,0,0,0,0,0,0,0,0,0,0,0,0,0,0,0,0,0,0,0,0,0,0,0,0,0,0,0,0,0,0,0,0,0,0,0,0,0,0,0,0,0,0,0,0,0
d__Bacteria;p__Bacillota_B_370533,0,0,0,0,0,0,0,0,0,0,0,0,0,0,0,0,0,0,0,0,0,0,0,0,0,0,0,0,0,0,0,0,0,0,0,0,1,0,0,0,0,0,0,0,0,0,0,0,0,0,0,0,0,0,0,0,0,0,0,0,0,0,0,0,0,0,0,0,0,0,0,0,0,0,0,0,0,0,0,0,0,0,0,0,0,0,0,0,0,0,0,0,0,0,0,0,0,0,0,0,0,0,0,0,0,0,0,0,0,0,0,0,0,0,0,0,0,0,0,0,0,0,0,0,0,0,0,0,0,0,0,0,0,0,0,0,0,0,0,0,0,0,0,0,0,0,0,0,0,0,0,0,0,0,0,0,0,0,0,0,0,0,0,0,0,0,0,0,0,0,0,0,0,0,0,0,0,0,0,0,0,0,0,0,0,0,0,0,0,0,0,0,0,0,0,0,0,0,0,0,0,0,0,0,0,0,0,0,0,0,0,0,0,0,0,0,0,0,0,0,0,0,0,0,0,0,0,0,0,0,0,0,0,0,0,0,0,0,0,0,0,0,0,0,0,0,0,0,0,0,0,0,0,0,0,0,0,0,0,0,0,0,0,0,0,0,0,0,0,0,0,0,0,0,0,0,0,0,0,0,0,0,0,0,0,0,0,0,0,0,0,0,0,0,0,0,0,0,0,0,0,0,0,0,0,0,0,0,0,0,0,0,0,0,0,0,0,0,0,0,0,0,0,0,0,0,0,0,0,0,0,0,0,0,0,0,0,0,0,0,0,0,0,0,0,0,0,0,0,0,0,0,0,0,0,0,0,0,0,0,0,0,0,0,0,0,0,0,0,0,0,0,0,0,0,0,0,0,0,0,0,0,0,0,0,0,0,0,0,0,0,0,0,0,0,0,0,0,0,0,0,0,0,0,0,0,0,0,0,0,0,0,0,0,0,0,0,0,0,0,0,0,0,0,0,0,0,0,0,0,0,0,0,0,0,0,0,0,0,0,0,0,0,0,0,0,0,0,0,0,0,0,0,0,0,0,0,0,0,0,0,0,0,0,0,0,0,0,0,0,0,0,0,0,0,0,0,0,0,0,0,0,0,0,0,0,0,0,0,0,0,0,0,0,0,0,0,0,0,0,0,0
d__Bacteria;p__SZUA-79,0,0,0,0,0,0,0,0,0,0,0,0,0,0,0,0,0,0,0,0,0,0,0,0,0,0,0,0,0,0,0,0,0,0,0,0,0,0,0,0,0,0,0,0,0,0,0,0,0,0,0,0,0,0,0,0,1,0,0,0,0,0,0,0,0,0,0,0,0,0,0,0,0,0,0,0,0,0,0,0,0,0,0,0,0,0,0,0,0,0,0,0,0,0,0,0,0,0,0,0,0,0,0,0,0,0,0,0,0,0,0,0,0,0,0,0,0,0,0,0,0,0,0,0,0,0,0,0,0,0,0,0,0,0,0,0,0,0,0,0,0,0,0,0,0,0,0,0,0,0,0,0,0,0,0,0,0,0,0,0,0,0,0,0,0,0,0,0,0,0,0,0,0,0,0,0,0,0,0,0,0,0,0,0,0,0,0,0,0,0,0,0,0,0,0,0,0,0,0,0,0,0,0,0,0,0,0,0,0,0,0,0,0,0,0,0,0,0,0,0,0,0,0,0,0,0,0,0,0,0,0,0,0,0,0,0,0,0,0,0,0,0,0,0,0,0,0,0,0,0,0,0,0,0,0,0,0,0,0,0,0,0,0,0,0,0,0,0,0,0,0,0,0,0,0,0,0,0,0,0,0,0,0,0,0,0,0,0,0,0,0,0,0,0,0,0,0,0,0,0,0,0,0,0,0,0,0,0,0,0,0,0,0,0,0,0,0,0,0,0,0,0,0,0,0,0,0,0,0,0,0,0,0,0,0,0,0,0,0,0,0,0,0,0,0,0,0,0,0,0,0,0,0,0,0,0,0,0,0,0,0,0,0,0,0,0,0,0,0,0,0,0,0,0,0,0,0,0,0,0,0,0,0,0,0,0,0,0,0,0,0,0,0,0,0,0,0,0,0,0,0,0,0,0,0,0,0,0,0,0,0,0,0,0,0,0,0,0,0,0,0,0,0,0,0,0,0,0,0,0,0,0,0,0,0,0,0,0,0,0,0,0,0,0,0,0,0,0,0,0,0,0,0,0,0,0,0,0,0,0,0,0,0,0,0,0,0,0,0,0,0,0,0,0,0,0,0,0,0,0,0,0,0,0,0,0,0,0,0,0,0,0,0,0,0,0,0,0,0,0,0,0
d__Bacteria;p__Ratteibacteria,0,0,0,0,0,0,0,0,0,0,0,0,0,0,0,0,0,0,0,0,0,0,0,0,0,0,0,0,0,0,0,0,0,0,0,0,0,0,0,0,0,0,0,0,0,0,0,0,0,0,0,0,0,0,0,0,0,0,0,0,0,0,0,0,0,0,0,0,0,0,0,0,0,0,0,0,0,0,0,0,0,0,0,0,0,0,0,0,0,0,0,0,0,0,0,0,0,0,0,0,0,0,0,0,0,0,0,0,0,0,0,0,0,0,0,0,0,0,0,0,0,0,0,0,0,0,0,0,0,0,0,0,0,0,0,0,0,0,0,0,0,0,0,0,0,0,0,0,0,0,0,0,0,0,0,0,0,0,0,0,0,0,0,0,0,0,0,0,0,0,0,0,0,0,0,0,0,0,0,0,0,0,0,0,0,0,0,1,0,0,0,0,0,0,0,0,0,0,0,0,0,0,0,0,0,0,0,0,0,0,0,0,0,0,0,0,0,0,0,0,0,0,0,0,0,0,0,0,0,0,0,0,0,0,0,0,0,0,0,0,0,0,0,0,0,0,0,0,0,0,0,0,0,0,0,0,0,0,0,0,0,0,0,0,0,0,0,0,0,0,0,0,0,0,0,0,0,0,0,0,0,0,0,0,0,0,0,0,0,0,0,0,0,0,0,0,0,0,0,0,0,0,0,0,0,0,0,0,0,0,0,0,0,0,0,0,0,0,0,0,0,0,0,0,0,0,0,0,0,0,0,0,0,0,0,0,0,0,0,0,0,0,0,0,0,0,0,0,0,0,0,0,0,0,0,0,0,0,0,0,0,0,0,0,0,0,0,0,0,0,0,0,0,0,0,0,0,0,0,0,0,0,0,0,0,0,0,0,0,0,0,0,0,0,0,0,0,0,0,0,0,0,0,0,0,0,0,0,0,0,0,0,0,0,0,0,0,0,0,0,0,0,0,0,0,0,0,0,0,0,0,0,0,0,0,0,0,0,0,0,0,0,0,0,0,0,0,0,0,0,0,0,0,0,0,0,0,0,0,0,0,0,0,0,0,0,0,0,0,0,0,0,0,0,0,0,0,0,0,0,0,0,0,0,0,0,0,0,0,0,0,0,0,0,0,0,0,0,0,0,0,0
d__Archaea;p__Halobacteriota,0,0,0,0,0,0,0,0,0,0,0,0,0,0,0,0,0,0,0,0,0,0,0,0,0,0,0,0,0,0,0,0,0,0,0,0,0,0,0,0,0,0,0,0,0,0,0,0,0,0,0,0,0,0,0,0,0,0,0,0,0,0,0,0,0,0,0,0,0,0,0,0,0,0,0,0,0,0,0,0,0,0,0,0,0,0,0,0,0,0,0,0,0,0,0,0,0,0,0,0,0,0,0,0,0,0,0,0,0,0,0,0,0,0,0,0,0,0,0,0,0,0,0,0,0,0,0,0,0,0,0,0,0,0,0,0,0,0,0,0,0,0,0,0,0,0,0,0,0,0,0,0,0,0,0,0,0,0,0,0,0,0,0,0,0,0,0,0,0,0,0,0,0,0,0,0,0,0,0,0,0,0,0,0,0,0,0,0,0,0,0,0,0,0,0,0,0,0,0,0,0,0,1,0,0,0,0,0,0,0,0,0,0,0,0,0,0,0,0,0,0,0,0,0,0,0,0,0,0,0,0,0,0,0,0,0,0,0,0,0,0,0,0,0,0,0,0,0,0,0,0,0,0,0,0,0,0,0,0,0,0,0,0,0,0,0,0,0,0,0,0,0,0,0,0,0,0,0,0,0,0,0,0,0,0,0,0,0,0,0,0,0,0,0,0,0,0,0,0,0,0,0,0,0,0,0,0,0,0,0,0,0,0,0,0,0,0,0,0,0,0,0,0,0,0,0,0,0,0,0,0,0,0,0,0,0,0,0,0,0,0,0,0,0,0,0,0,0,0,0,0,0,0,0,0,0,0,0,0,0,0,0,0,0,0,0,0,0,0,0,0,0,0,0,0,0,0,0,0,0,0,0,0,0,0,0,0,0,0,0,0,0,0,0,0,0,0,0,0,0,0,0,0,0,0,0,0,0,0,0,0,0,0,0,0,0,0,0,0,0,0,0,0,0,0,0,0,0,0,0,0,0,0,0,0,0,0,0,0,0,0,0,0,0,0,0,0,0,0,0,0,0,0,0,0,0,0,0,0,0,0,0,0,0,0,0,0,0,0,0,0,0,0,0,0,0,0,0,0,0,0,0,0,0,0,0,0,0,0,0,0,0,1,0,0,0,0,0,0,0,0,0
d__Bacteria;p__Bacillota_B_370527,0,0,0,0,0,0,0,0,0,0,0,0,0,0,0,0,0,0,0,0,0,0,0,0,0,0,0,0,0,0,0,0,0,0,0,0,0,0,0,0,0,0,0,0,0,0,0,0,0,0,0,0,0,0,0,0,0,0,0,0,0,0,0,0,0,0,0,0,0,0,0,0,0,0,0,0,0,0,0,0,0,0,0,0,0,0,0,0,0,0,0,0,0,0,0,0,0,0,0,0,0,0,0,0,0,0,0,0,0,0,0,0,0,0,0,0,0,0,0,0,0,0,0,0,0,0,0,0,0,0,0,0,0,0,0,0,0,0,0,0,0,0,0,0,0,0,0,0,0,0,0,0,0,0,0,0,0,0,0,0,0,0,0,0,0,0,0,0,0,0,0,0,0,0,0,0,0,0,0,0,0,0,0,0,0,0,0,0,0,0,0,0,0,0,0,0,0,0,0,0,0,0,0,0,0,0,0,0,0,0,0,0,0,0,0,0,0,0,0,0,0,0,0,0,0,0,0,0,0,0,0,0,0,0,0,0,0,0,0,0,0,0,0,0,0,0,0,0,0,0,0,0,0,0,0,0,0,0,0,0,0,0,0,0,0,0,0,0,0,0,0,0,0,0,0,0,0,0,0,0,0,0,1,0,0,0,0,0,0,0,0,0,0,0,0,0,0,0,0,0,0,0,0,0,0,0,0,0,0,0,0,0,0,0,0,0,0,0,0,0,0,0,0,0,0,0,0,0,0,0,0,0,0,0,0,0,0,0,0,0,0,0,0,0,0,0,0,0,0,0,0,0,0,0,0,0,0,0,0,0,0,0,0,0,0,0,0,0,0,0,0,0,0,0,0,0,0,0,0,0,0,0,0,0,0,0,0,0,0,0,0,0,0,0,0,0,0,0,0,0,0,0,0,0,0,0,0,0,0,0,0,0,0,0,0,0,0,0,0,0,0,0,0,0,0,0,0,0,0,0,0,0,0,0,0,0,0,0,0,0,0,0,0,0,0,0,0,0,0,0,0,0,0,0,0,0,0,0,0,0,0,0,0,0,0,0,0,0,0,0,0,0,0,0,0,0,0,0,0,0,0,0,0,0,0,0,0,0,0,0,0,0,0,0,0,0,0,0,0,0,0,0
d__Archaea;__,0,0,0,0,0,0,0,0,0,0,0,0,0,0,0,0,0,0,0,0,0,0,0,0,0,0,0,0,0,0,0,0,0,0,0,0,0,0,0,0,0,0,0,0,0,0,0,0,0,0,0,0,0,0,0,0,0,0,0,0,0,0,0,0,0,0,0,0,0,0,0,0,0,0,0,0,0,0,0,0,0,0,0,0,0,0,0,0,0,0,0,0,0,0,0,0,0,0,0,0,0,0,0,0,0,0,0,0,0,0,0,0,0,0,0,0,0,0,0,0,0,0,0,0,0,0,0,0,0,0,0,0,0,0,0,0,0,0,0,0,0,0,0,0,0,0,0,0,0,0,0,0,0,0,0,0,0,0,0,0,0,0,0,0,0,0,0,0,0,0,0,0,0,0,0,0,0,0,0,0,0,0,0,0,0,0,0,0,0,0,0,0,0,0,0,0,0,0,0,0,0,0,0,0,0,0,0,0,0,0,0,0,0,0,0,0,0,0,0,0,0,0,0,0,0,0,0,0,0,0,0,0,0,0,0,0,0,0,0,0,0,0,0,0,0,0,0,0,0,0,0,0,0,0,0,0,0,0,0,0,0,0,0,0,0,0,0,0,0,0,0,0,0,0,0,0,0,0,0,0,0,0,0,0,0,0,0,0,0,0,0,0,0,0,0,0,0,0,0,0,0,0,0,0,0,0,0,0,0,0,0,0,0,0,0,0,0,0,0,0,0,0,0,0,0,0,0,0,0,0,0,0,0,0,0,0,0,0,0,0,0,0,0,0,0,0,0,0,0,0,0,0,0,0,0,0,0,0,0,0,0,0,0,0,0,0,0,0,0,0,0,0,0,0,0,0,0,0,0,0,0,0,0,0,0,0,0,0,0,0,0,0,0,0,0,0,0,0,0,0,0,0,0,0,0,0,0,0,0,0,0,0,0,0,0,0,0,0,0,0,0,0,0,0,0,1,0,0,0,0,0,0,0,0,0,0,0,0,0,0,0,0,0,0,0,0,0,0,0,0,0,0,0,0,0,0,0,0,0,0,0,0,0,0,0,0,0,0,0,0,0,0,0,0,0,0,0,0,0,0,0,0,0,0,0,0,0,0,0,0,0,0,0,0,0,0,0,0,0,0,0,0
