Tank,sample-id,Experiment,Day,Year,ExpYear,sample_date,SampleEvent,treatment_cellsperml,observed_treatment_cellperml,Species,total_density,relative_inoculant_density_percent,TempC,Cond_mS.cm,Salinity_PSU,pH,Turbidity_FNU,DO_mg.L,TChlor_ug.L
1,D0MTP1Exp12021,1,0,2021,12021,6/14/2021,Day0,30,31.8594,Haematococcus pluvialis,725.6863332,4.390243903,18.804,183.2,0.09,7.78,16.4,9.2,6.26
1,D7MTP1Exp12021,1,7,2021,12021,6/21/2021,Week1,30,0,Haematococcus pluvialis,860.4761026,0,19.29,183.9,0.09,8.1,6.13,9.03,7.99
1,D14MTP1Exp12021,1,14,2021,12021,6/28/2021,Week2,30,0,Haematococcus pluvialis,2754.277243,0,19.319,186.2,0.09,8.22,5.86,9.13,8.44
1,D22MTP1Exp12021,1,22,2021,12021,7/6/2021,Week3,30,0,Haematococcus pluvialis,5105.502176,0,19.271,186.9,0.09,8.05,4.66,9.03,11.7
1,D28MTP1Exp12021,1,28,2021,12021,7/12/2021,Week4,30,0,Haematococcus pluvialis,1800.748696,0,19.149,187.7,0.09,8.19,5,9.03,10.25
2,D0MTP2Exp12021,1,0,2021,12021,6/14/2021,Day0,10,7.53177305,Haematococcus pluvialis,3888.905485,0.193673338,18.873,184.2,0.09,7.79,16.35,9.21,5.87
2,D7MTP2Exp12021,1,7,2021,12021,6/21/2021,Week1,10,0,Haematococcus pluvialis,1112.881002,0,19.484,182.7,0.09,8.08,6.32,8.99,8.8
2,D14MTP2Exp12021,1,14,2021,12021,6/28/2021,Week2,10,0,Haematococcus pluvialis,1939.99496,0,19.427,185.2,0.09,8.22,11.07,9.11,8.52
2,D22MTP2Exp12021,1,22,2021,12021,7/6/2021,Week3,10,0,Haematococcus pluvialis,4585.136399,0,19.496,186.7,0.09,8.12,4.93,8.95,9.83
2,D28MTP2Exp12021,1,28,2021,12021,7/12/2021,Week4,10,1.423565684,Haematococcus pluvialis,263.3596514,0.540540541,19.287,188.9,0.09,8.17,5.42,9.04,6.95
3,D0MTP3Exp12021,1,0,2021,12021,6/14/2021,Day0,0,0,Haematococcus pluvialis,455.1342857,0,18.7,182.6,0.09,7.77,14.5,9.19,5.38
3,D7MTP3Exp12021,1,7,2021,12021,6/21/2021,Week1,0,0,Haematococcus pluvialis,1591.430899,0,19.453,182.8,0.09,8.15,6.79,8.93,6.87
3,D14MTP3Exp12021,1,14,2021,12021,6/28/2021,Week2,0,0,Haematococcus pluvialis,1765.050093,0,19.45,184.5,0.09,8.14,6.85,9.1,8.49
3,D22MTP3Exp12021,1,22,2021,12021,7/6/2021,Week3,0,0,Haematococcus pluvialis,4550.495307,0,19.465,185.4,0.09,8.1,6.7,8.98,9.15
3,D28MTP3Exp12021,1,28,2021,12021,7/12/2021,Week4,0,0,Haematococcus pluvialis,1293.605268,0,19.237,187.3,0.09,8.21,16.35,9.02,23.54
4,D0MTP4Exp12021,1,0,2021,12021,6/14/2021,Day0,10,0,Haematococcus pluvialis,2189.958757,0,18.812,180.2,0.09,7.77,17.25,9.17,8.79
4,D7MTP4Exp12021,1,7,2021,12021,6/21/2021,Week1,10,0,Haematococcus pluvialis,707.9866666,0,19.39,183.3,0.09,8.1,6.73,8.99,5.93
4,D14MTP4Exp12021,1,14,2021,12021,6/28/2021,Week2,10,0,Haematococcus pluvialis,2297.82706,0,19.405,182,0.08,8.18,7.02,9.12,5.95
4,D22MTP4Exp12021,1,22,2021,12021,7/6/2021,Week3,10,0,Haematococcus pluvialis,5744.346363,0,19.449,189.3,0.09,8.19,6.52,8.99,10.36
4,D28MTP4Exp12021,1,28,2021,12021,7/12/2021,Week4,10,0,Haematococcus pluvialis,761.0140082,0,19.291,185.9,0.09,8.17,20.45,9.05,16.87
5,D0MTP5Exp12021,1,0,2021,12021,6/14/2021,Day0,1,0,Haematococcus pluvialis,469.6192965,0,18.849,182.8,0.09,7.74,14.39,9.16,5.57
5,D7MTP5Exp12021,1,7,2021,12021,6/21/2021,Week1,1,0,Haematococcus pluvialis,1331.899917,0,19.486,189.3,0.09,8.16,6.46,8.95,7.03
5,D14MTP5Exp12021,1,14,2021,12021,6/28/2021,Week2,1,0,Haematococcus pluvialis,1530.70635,0,19.39,184.5,0.09,8.15,6.12,9.14,9.59
5,D22MTP5Exp12021,1,22,2021,12021,7/6/2021,Week3,1,0,Haematococcus pluvialis,6486.927833,0,19.479,188.5,0.09,8.28,5.46,8.93,10.26
5,D28MTP5Exp12021,1,28,2021,12021,7/12/2021,Week4,1,0,Haematococcus pluvialis,543.7849397,0,19.306,187.2,0.09,8.2,7.95,9,5.75
7,D0MTP7Exp12021,1,0,2021,12021,6/14/2021,Day0,0,0,Haematococcus pluvialis,173.9624381,0,18.819,182.5,0.09,7.75,19.54,9.2,6.42
7,D7MTP7Exp12021,1,7,2021,12021,6/21/2021,Week1,0,0,Haematococcus pluvialis,2754.359087,0,19.47,187.1,0.09,8.04,7.15,9.02,11.67
7,D14MTP7Exp12021,1,14,2021,12021,6/28/2021,Week2,0,0,Haematococcus pluvialis,2941.335164,0,19.4,185.2,0.09,8.12,13.04,9.16,22.71
7,D22MTP7Exp12021,1,22,2021,12021,7/6/2021,Week3,0,4.678325991,Haematococcus pluvialis,7199.9437,0.064977258,19.409,187.9,0.09,8.14,6.23,8.99,14.11
7,D28MTP7Exp12021,1,28,2021,12021,7/12/2021,Week4,0,0,Haematococcus pluvialis,1944.037769,0,19.323,187.6,0.09,8.18,13.27,9.06,14.54
8,D0MTP8Exp12021,1,0,2021,12021,6/14/2021,Day0,30,18.55887379,Haematococcus pluvialis,307.252466,6.040268456,18.802,183.1,0.09,7.76,26.54,9.19,5.48
8,D7MTP8Exp12021,1,7,2021,12021,6/21/2021,Week1,30,0,Haematococcus pluvialis,567.3760743,0,19.377,184.5,0.09,8.08,5.55,8.97,5.61
8,D14MTP8Exp12021,1,14,2021,12021,6/28/2021,Week2,30,0,Haematococcus pluvialis,1750.889182,0,19.317,184.5,0.09,8.14,6.38,9.14,7.3
8,D22MTP8Exp12021,1,22,2021,12021,7/6/2021,Week3,30,0,Haematococcus pluvialis,6677.73024,0,19.414,187.3,0.09,8.27,4.1,8.99,15.43
8,D28MTP8Exp12021,1,28,2021,12021,7/12/2021,Week4,30,0,Haematococcus pluvialis,410.4764511,0,19.211,187.5,0.09,8.17,10.37,9.05,9.99
9,D0MTP9Exp12021,1,0,2021,12021,6/14/2021,Day0,1,4.343476483,Haematococcus pluvialis,2249.920818,0.193050193,18.88,182.6,0.09,7.77,23.12,9.17,5.42
9,D7MTP9Exp12021,1,7,2021,12021,6/21/2021,Week1,1,0,Haematococcus pluvialis,2096.860032,0,19.325,193,0.09,8.07,8.12,9.04,11.57
9,D14MTP9Exp12021,1,14,2021,12021,6/28/2021,Week2,1,0,Haematococcus pluvialis,5394.597792,0,19.298,185.9,0.09,8.12,8.64,9.16,9.96
9,D22MTP9Exp12021,1,22,2021,12021,7/6/2021,Week3,1,0,Haematococcus pluvialis,2687.271131,0,19.384,188.3,0.09,8.07,4.98,8.96,8.5
9,D28MTP9Exp12021,1,28,2021,12021,7/12/2021,Week4,1,0,Haematococcus pluvialis,1293.217581,0,19.232,189.1,0.09,8.11,6.72,9,7.6
10,D0MTP10Exp12021,1,0,2021,12021,6/14/2021,Day0,100,66.69439614,Haematococcus pluvialis,2483.083672,2.685950413,18.893,182.2,0.09,7.75,14.98,9.15,5.71
10,D7MTP10Exp12021,1,7,2021,12021,6/21/2021,Week1,100,0,Haematococcus pluvialis,1328.085333,0,19.393,184.5,0.09,8.04,6.74,8.96,9.34
10,D14MTP10Exp12021,1,14,2021,12021,6/28/2021,Week2,100,0,Haematococcus pluvialis,707.9866667,0,19.33,184.7,0.09,8.14,7.44,8.09,8.9
10,D22MTP10Exp12021,1,22,2021,12021,7/6/2021,Week3,100,0,Haematococcus pluvialis,3975.499043,0,19.512,185.9,0.09,8.08,5.38,8.94,16.72
10,D28MTP10Exp12021,1,28,2021,12021,7/12/2021,Week4,100,0,Haematococcus pluvialis,1846.736305,0,19.292,186.9,0.09,8.1,6.73,9,17.02
11,D0MTP11Exp12021,1,0,2021,12021,6/14/2021,Day0,30,5.411363057,Haematococcus pluvialis,365.2670063,1.481481482,18.857,181.3,0.09,7.72,13.5,9.11,5.48
11,D7MTP11Exp12021,1,7,2021,12021,6/21/2021,Week1,30,0,Haematococcus pluvialis,1489.990121,0,19.388,184.1,0.09,8.15,6.85,8.98,7.3
11,D14MTP11Exp12021,1,14,2021,12021,6/28/2021,Week2,30,4.985821596,Haematococcus pluvialis,10275.77831,0.048520136,19.327,186,0.09,8.19,6.84,9.23,13.9
11,D22MTP11Exp12021,1,22,2021,12021,7/6/2021,Week3,30,10.01867925,Haematococcus pluvialis,11250.97679,0.089047195,19.442,184.2,0.09,8.25,6.47,9.02,19.23
11,D28MTP11Exp12021,1,28,2021,12021,7/12/2021,Week4,30,0,Haematococcus pluvialis,3227.750236,0,19.213,185.8,0.09,8.23,11.98,9.05,10.88
12,D0MTP12Exp12021,1,0,2021,12021,6/14/2021,Day0,10,6.769593625,Haematococcus pluvialis,302.9393147,2.234636872,18.72,183.1,0.09,7.76,14.87,9.22,5.78
12,D7MTP12Exp12021,1,7,2021,12021,6/21/2021,Week1,10,0,Haematococcus pluvialis,1111.189836,0,19.284,187.6,0.09,8.08,6.42,9.04,5.71
12,D14MTP12Exp12021,1,14,2021,12021,6/28/2021,Week2,10,0,Haematococcus pluvialis,2336.356,0,19.157,185.4,0.09,8.18,8.56,9.15,8.38
12,D22MTP12Exp12021,1,22,2021,12021,7/6/2021,Week3,10,5.231428571,Haematococcus pluvialis,2048.104286,0.255427842,19.244,191,0.09,8.06,7.12,9,6.5
12,D28MTP12Exp12021,1,28,2021,12021,7/12/2021,Week4,10,0,Haematococcus pluvialis,1277.794849,0,18.785,188.2,0.09,8.13,17.85,9.03,6.91
13,D0MTP13Exp12021,1,0,2021,12021,6/14/2021,Day0,0,2.9296,Haematococcus pluvialis,278.312,1.052631579,18.759,182.5,0.09,7.75,15.47,9.2,5.44
13,D7MTP13Exp12021,1,7,2021,12021,6/21/2021,Week1,0,0,Haematococcus pluvialis,1415.973333,0,19.287,182.8,0.08,8.23,6.56,9.05,7.56
13,D14MTP13Exp12021,1,14,2021,12021,6/28/2021,Week2,0,8.09127619,Haematococcus pluvialis,5712.440991,0.141643059,19.264,184.8,0.09,8.19,6.49,9.17,11.8
13,D22MTP13Exp12021,1,22,2021,12021,7/6/2021,Week3,0,0,Haematococcus pluvialis,6548.876666,0,19.248,189.6,0.09,8.2,4.45,9.08,10.22
13,D28MTP13Exp12021,1,28,2021,12021,7/12/2021,Week4,0,0,Haematococcus pluvialis,856.4354839,0,19.189,188.5,0.09,8.21,10.02,9.09,6.73
14,D0MTP14Exp12021,1,0,2021,12021,6/14/2021,Day0,10,21.12225414,Haematococcus pluvialis,537.444022,3.930131005,18.759,182.1,0.09,7.77,14.98,9.21,5.23
14,D7MTP14Exp12021,1,7,2021,12021,6/21/2021,Week1,10,0,Haematococcus pluvialis,1322.75089,0,19.368,184.4,0.09,8.1,7.04,9.02,8.46
14,D14MTP14Exp12021,1,14,2021,12021,6/28/2021,Week2,10,0,Haematococcus pluvialis,7233.574299,0,19.271,186.5,0.09,8.16,6.53,9.17,10.61
14,D22MTP14Exp12021,1,22,2021,12021,7/6/2021,Week3,10,0,Haematococcus pluvialis,6376.162177,0,19.191,190.6,0.09,8.18,5.71,9.07,10.59
14,D28MTP14Exp12021,1,28,2021,12021,7/12/2021,Week4,10,0,Haematococcus pluvialis,350.3439175,0,19.199,188.6,0.09,8.14,10.68,9.03,7.61
15,D0MTP15Exp12021,1,0,2021,12021,6/14/2021,Day0,1,5.689178571,Haematococcus pluvialis,407.7244643,1.395348837,18.787,182.1,0.09,7.77,14.39,9.19,5.3
15,D7MTP15Exp12021,1,7,2021,12021,6/21/2021,Week1,1,0,Haematococcus pluvialis,1494.930954,0,19.39,183.9,0.09,8.1,8.52,9.07,8.8
15,D14MTP15Exp12021,1,14,2021,12021,6/28/2021,Week2,1,5.244345679,Haematococcus pluvialis,8569.260839,0.06119951,19.289,183.4,0.09,8.13,7.19,9.13,8.28
15,D22MTP15Exp12021,1,22,2021,12021,7/6/2021,Week3,1,0,Haematococcus pluvialis,7787.853333,0,19.199,188.6,0.09,8.1,5.84,9.07,16.52
15,D28MTP15Exp12021,1,28,2021,12021,7/12/2021,Week4,1,0,Haematococcus pluvialis,571.8353846,0,19.229,188.2,0.09,8.13,10.27,9.02,8.41
16,D0MTP16Exp12021,1,0,2021,12021,6/14/2021,Day0,100,18.6040292,Haematococcus pluvialis,209.2953285,8.888888889,18.776,183.2,0.09,7.76,14.61,9.18,5.28
16,D7MTP16Exp12021,1,7,2021,12021,6/21/2021,Week1,100,0,Haematococcus pluvialis,1131.542009,0,19.3,184.3,0.09,8.1,6.93,9.04,5.4
16,D14MTP16Exp12021,1,14,2021,12021,6/28/2021,Week2,100,0,Haematococcus pluvialis,2686.184705,0,19.212,183.8,0.09,8.12,7.47,9.15,7.99
16,D22MTP16Exp12021,1,22,2021,12021,7/6/2021,Week3,100,0,Haematococcus pluvialis,2700.523992,0,19.057,187.6,0.09,8.07,6.07,9.1,11.15
16,D28MTP16Exp12021,1,28,2021,12021,7/12/2021,Week4,100,0,Haematococcus pluvialis,685.4993852,0,18.95,188,0.09,8.15,12.97,9.05,10.77
17,D0MTP17Exp12021,1,0,2021,12021,6/14/2021,Day0,1,3.336062827,Haematococcus pluvialis,633.8519371,0.52631579,18.837,181.9,0.09,7.77,13.5,9.19,5.12
17,D7MTP17Exp12021,1,7,2021,12021,6/21/2021,Week1,1,2.57449697,Haematococcus pluvialis,913.9464242,0.281690141,19.286,191.7,0.09,8.17,6.85,9.01,6.88
17,D14MTP17Exp12021,1,14,2021,12021,6/28/2021,Week2,1,0,Haematococcus pluvialis,1840.254152,0,19.241,184.7,0.09,8.2,5.88,9.22,8.55
17,D22MTP17Exp12021,1,22,2021,12021,7/6/2021,Week3,1,0,Haematococcus pluvialis,7092.817642,0,19.219,188.9,0.09,8.33,4.23,9.15,11.4
17,D28MTP17Exp12021,1,28,2021,12021,7/12/2021,Week4,1,0,Haematococcus pluvialis,2208.484938,0,19.305,187.7,0.09,8.25,10.08,9.12,6.27
18,D0MTP18Exp12021,1,0,2021,12021,6/14/2021,Day0,100,35.17385987,Haematococcus pluvialis,304.389172,11.55555556,18.826,182.8,0.09,7.75,14.79,9.18,5.48
18,D7MTP18Exp12021,1,7,2021,12021,6/21/2021,Week1,100,1.972107707,Haematococcus pluvialis,1344.977456,0.146627566,19.292,183.6,0.09,8.19,6.52,9.07,7.08
18,D14MTP18Exp12021,1,14,2021,12021,6/28/2021,Week2,100,0,Haematococcus pluvialis,5899.888888,0,19.312,184.9,0.09,8.16,8.77,9.23,17.97
18,D22MTP18Exp12021,1,22,2021,12021,7/6/2021,Week3,100,0,Haematococcus pluvialis,4230.92832,0,19.25,194.1,0.09,8.11,4.02,9.04,7.2
18,D28MTP18Exp12021,1,28,2021,12021,7/12/2021,Week4,100,0,Haematococcus pluvialis,1130.772227,0,19.316,189.3,0.09,8.15,8.95,8.98,7.09
19,D0MTP19Exp12021,1,0,2021,12021,6/14/2021,Day0,30,25.36071642,Haematococcus pluvialis,361.390209,7.017543859,18.836,182.8,0.09,7.78,14.38,9.21,5.28
19,D7MTP19Exp12021,1,7,2021,12021,6/21/2021,Week1,30,0,Haematococcus pluvialis,4309.974608,0,19.388,183.6,0.09,8.1,7.6,9.05,7.61
19,D14MTP19Exp12021,1,14,2021,12021,6/28/2021,Week2,30,2.240464135,Haematococcus pluvialis,2043.303291,0.109649123,19.291,185.4,0.09,8.11,7.29,9.2,9.48
19,D22MTP19Exp12021,1,22,2021,12021,7/6/2021,Week3,30,0,Haematococcus pluvialis,1915.898612,0,19.264,188.9,0.09,8.11,5.7,9.09,18.4
19,D28MTP19Exp12021,1,28,2021,12021,7/12/2021,Week4,30,0,Haematococcus pluvialis,704.9739574,0,19.387,187.8,0.09,8.17,9.54,9.02,11.82
20,D0MTP20Exp12021,1,0,2021,12021,6/14/2021,Day0,0,2.134633166,Haematococcus pluvialis,392.7725025,0.543478261,18.973,182.3,0.09,7.7,13.6,9.08,5.22
20,D7MTP20Exp12021,1,7,2021,12021,6/21/2021,Week1,0,0,Haematococcus pluvialis,701.3075472,0,19.641,182.5,0.09,8.03,7.26,9.03,8.41
20,D14MTP20Exp12021,1,14,2021,12021,6/28/2021,Week2,0,5.949467787,Haematococcus pluvialis,7585.571428,0.078431373,19.538,184.6,0.09,8.13,5.93,9.15,18.42
20,D22MTP20Exp12021,1,22,2021,12021,7/6/2021,Week3,0,0,Haematococcus pluvialis,5862.300887,0,19.471,186.6,0.09,8.08,4.55,9.02,9.35
20,D28MTP20Exp12021,1,28,2021,12021,7/12/2021,Week4,0,0,Haematococcus pluvialis,612.4301841,0,19.537,187.9,0.09,8.16,5.05,8.96,9.95
21,D0MTP21Exp12021,1,0,2021,12021,6/14/2021,Day0,100,52.66016529,Haematococcus pluvialis,456.3880991,11.53846154,19.059,182.7,0.09,7.77,13.24,9.09,5.32
21,D7MTP21Exp12021,1,7,2021,12021,6/21/2021,Week1,100,0,Haematococcus pluvialis,1113.343739,0,19.784,184.2,0.09,8.04,6.83,8.96,6.62
21,D14MTP21Exp12021,1,14,2021,12021,6/28/2021,Week2,100,0,Haematococcus pluvialis,1587.785997,0,19.708,183.9,0.09,8.08,5.56,9.06,10.4
21,D22MTP21Exp12021,1,22,2021,12021,7/6/2021,Week3,100,0,Haematococcus pluvialis,5619.135556,0,19.494,188,0.09,8.06,5.04,8.98,10
21,D28MTP21Exp12021,1,28,2021,12021,7/12/2021,Week4,100,0,Haematococcus pluvialis,773.12144,0,19.685,193,0.09,8.2,11.17,8.92,10.24
1,D0MTP1Exp22021,2,0,2021,22021,7/26/2021,Day0,30,26.4393361,Trachelomonas abrupta,4278.765892,0.61791967,22.109,180.6,0.08,7.84,5.51,8.45,13.89
1,D7MTP1Exp22021,2,7,2021,22021,8/2/2021,Week1,30,16.92398406,Trachelomonas abrupta,9215.109323,0.183654729,22.906,178.5,0.08,8.13,2.49,8.36,15.47
1,D14MTP1Exp22021,2,14,2021,22021,8/9/2021,Week2,30,0,Trachelomonas abrupta,2573.915381,0,22.969,181.6,0.09,8.14,0.62,8.23,2.97
1,D22MTP1Exp22021,2,22,2021,22021,8/16/2021,Week3,30,0,Trachelomonas abrupta,3020.072942,0,22.813,179.9,0.08,8.54,0.08,8.54,2.48
1,D28MTP1Exp22021,2,28,2021,22021,8/23/2021,Week4,30,0,Trachelomonas abrupta,6252.460562,0,22.619,180.2,0.08,8.18,1.05,8.37,2.92
2,D0MTP2Exp22021,2,0,2021,22021,7/26/2021,Day0,10,12.74376,Trachelomonas abrupta,3597.98824,0.354191263,22.194,179.9,0.08,7.84,5.56,8.45,11.14
2,D7MTP2Exp22021,2,7,2021,22021,8/2/2021,Week1,10,24.60185328,Trachelomonas abrupta,9291.299923,0.26478376,22.692,183.4,0.09,8.21,2.02,8.09,14.27
2,D14MTP2Exp22021,2,14,2021,22021,8/9/2021,Week2,10,0,Trachelomonas abrupta,27225.30545,0,23.19,183.7,0.09,8.37,6.12,8.5,5.35
2,D22MTP2Exp22021,2,22,2021,22021,8/16/2021,Week3,10,0,Trachelomonas abrupta,1698.731869,0,22.814,180,0.08,8.45,0.78,8.61,2.59
2,D28MTP2Exp22021,2,28,2021,22021,8/23/2021,Week4,10,0,Trachelomonas abrupta,10194.1481,0,22.755,180.4,0.08,8.28,0.74,8.34,3.19
3,D0MTP3Exp22021,2,0,2021,22021,7/26/2021,Day0,0,0,Trachelomonas abrupta,6276.51853,0,22.294,177,0.08,7.89,5.58,8.44,12.9
3,D7MTP3Exp22021,2,7,2021,22021,8/2/2021,Week1,0,0,Trachelomonas abrupta,2846.1064,0,22.953,178.9,0.08,8.16,1.49,8.3,12.19
3,D14MTP3Exp22021,2,14,2021,22021,8/9/2021,Week2,0,0,Trachelomonas abrupta,3343.27037,0,23.29,178.1,0.08,8.17,1.11,8.27,4.42
3,D22MTP3Exp22021,2,22,2021,22021,8/16/2021,Week3,0,0,Trachelomonas abrupta,2458.208685,0,22.853,176.6,0.08,8.34,2.24,8.47,5.4
3,D28MTP3Exp22021,2,28,2021,22021,8/23/2021,Week4,0,2.13248996,Trachelomonas abrupta,1936.300884,0.110132159,22.804,179.7,0.08,8.27,0.65,8.37,2.98
4,D0MTP4Exp22021,2,0,2021,22021,7/26/2021,Day0,10,99.8442735,Trachelomonas abrupta,4030.077949,2.477477477,22.276,182.1,0.09,7.87,5.32,8.43,12.29
4,D7MTP4Exp22021,2,7,2021,22021,8/2/2021,Week1,10,17.92371308,Trachelomonas abrupta,10924.50312,0.164068909,22.912,184.1,0.09,8.12,2.63,8.35,15.18
4,D14MTP4Exp22021,2,14,2021,22021,8/9/2021,Week2,10,0,Trachelomonas abrupta,16647.71886,0,23.223,180.6,0.08,8.16,3.48,8.26,7.73
4,D22MTP4Exp22021,2,22,2021,22021,8/16/2021,Week3,10,0,Trachelomonas abrupta,17065.30467,0,22.813,182.7,0.09,8.31,1.29,8.41,3.08
4,D28MTP4Exp22021,2,28,2021,22021,8/23/2021,Week4,10,0,Trachelomonas abrupta,7231.782834,0,22.857,184.6,0.09,8.23,1.22,8.27,3.56
5,D0MTP5Exp22021,2,0,2021,22021,7/26/2021,Day0,1,0,Trachelomonas abrupta,5611.449876,0,22.285,179.9,0.08,7.88,5.5,8.41,13.86
5,D7MTP5Exp22021,2,7,2021,22021,8/2/2021,Week1,1,8.66922449,Trachelomonas abrupta,12795.77535,0.067750678,22.91,179.5,0.08,8.15,3.5,8.33,16.45
5,D14MTP5Exp22021,2,14,2021,22021,8/9/2021,Week2,1,0,Trachelomonas abrupta,11152.99328,0,23.247,181.4,0.09,8.12,1.2,8.22,2.53
5,D22MTP5Exp22021,2,22,2021,22021,8/16/2021,Week3,1,0,Trachelomonas abrupta,1820.327597,0,22.916,181.2,0.08,8.36,0.44,8.37,2.4
5,D28MTP5Exp22021,2,28,2021,22021,8/23/2021,Week4,1,0,Trachelomonas abrupta,708.9551847,0,22.877,185.9,0.09,8.23,0.39,8.23,2.15
7,D0MTP7Exp22021,2,0,2021,22021,7/26/2021,Day0,0,0,Trachelomonas abrupta,4431.163608,0,22.273,176.8,0.08,7.88,5.37,8.41,14.27
7,D7MTP7Exp22021,2,7,2021,22021,8/2/2021,Week1,0,16.79019763,Trachelomonas abrupta,8420.284111,0.199401795,22.913,182.7,0.09,8.16,2.82,8.3,17.07
7,D14MTP7Exp22021,2,14,2021,22021,8/9/2021,Week2,0,0,Trachelomonas abrupta,20735.46942,0,23.245,181.8,0.09,8.07,1.66,8.17,8.3
7,D22MTP7Exp22021,2,22,2021,22021,8/16/2021,Week3,0,4.282177419,Trachelomonas abrupta,11887.32452,0.036023055,22.793,180,0.08,8.27,1.31,8.33,10.8
7,D28MTP7Exp22021,2,28,2021,22021,8/23/2021,Week4,0,0,Trachelomonas abrupta,7202.994783,0,22.76,183.9,0.09,8.23,1.19,8.28,6.47
8,D0MTP8Exp22021,2,0,2021,22021,7/26/2021,Day0,30,35.25244813,Trachelomonas abrupta,4106.910208,0.858369099,22.228,186.6,0.09,7.84,5.56,8.44,16.11
8,D7MTP8Exp22021,2,7,2021,22021,8/2/2021,Week1,30,69.07186992,Trachelomonas abrupta,14530.99463,0.475341652,22.834,180,0.08,8.07,3.02,8.3,23.2
8,D14MTP8Exp22021,2,14,2021,22021,8/9/2021,Week2,30,0,Trachelomonas abrupta,55018.56217,0,23.142,181.1,0.08,8.11,2.13,8.26,35.47
8,D22MTP8Exp22021,2,22,2021,22021,8/16/2021,Week3,30,0,Trachelomonas abrupta,10964.09489,0,22.473,184.5,0.09,8.26,2.42,8.4,35.29
8,D28MTP8Exp22021,2,28,2021,22021,8/23/2021,Week4,30,0,Trachelomonas abrupta,9770.216,0,22.448,190,0.09,8.2,1.28,8.33,16.75
9,D0MTP9Exp22021,2,0,2021,22021,7/26/2021,Day0,1,0,Trachelomonas abrupta,4964.335079,0,22.295,180.9,0.08,7.87,5.36,8.42,13.01
9,D7MTP9Exp22021,2,7,2021,22021,8/2/2021,Week1,1,26.1142623,Trachelomonas abrupta,9227.039344,0.283018868,22.72,185.7,0.09,8.17,2.65,8.38,17.37
9,D14MTP9Exp22021,2,14,2021,22021,8/9/2021,Week2,1,0,Trachelomonas abrupta,7552.80176,0,23.119,184.4,0.09,8.52,1.49,8.74,5.9
9,D22MTP9Exp22021,2,22,2021,22021,8/16/2021,Week3,1,0,Trachelomonas abrupta,4028.78127,0,22.605,185.4,0.09,8.61,1.15,8.7,2.95
9,D28MTP9Exp22021,2,28,2021,22021,8/23/2021,Week4,1,0,Trachelomonas abrupta,7893.094594,0,22.685,184.9,0.09,8.22,0.92,8.32,3.32
10,D0MTP10Exp22021,2,0,2021,22021,7/26/2021,Day0,100,107.4878543,Trachelomonas abrupta,4355.407854,2.467917078,22.203,184.1,0.09,7.89,5.39,8.4,15.37
10,D7MTP10Exp22021,2,7,2021,22021,8/2/2021,Week1,100,43.52377049,Trachelomonas abrupta,13178.9977,0.330250991,22.75,193.4,0.09,8.27,4.32,8.45,14.2
10,D14MTP10Exp22021,2,14,2021,22021,8/9/2021,Week2,100,8.886861925,Trachelomonas abrupta,44478.74393,0.01998002,23.09,186.6,0.09,8.42,3.82,8.58,6.02
10,D22MTP10Exp22021,2,22,2021,22021,8/16/2021,Week3,100,0,Trachelomonas abrupta,2514.297618,0,22.665,183.1,0.09,8.4,1.7,8.47,3.45
10,D28MTP10Exp22021,2,28,2021,22021,8/23/2021,Week4,100,4.214206349,Trachelomonas abrupta,6207.525952,0.067888663,22.761,185.4,0.09,8.32,1.42,8.35,4.58
11,D0MTP11Exp22021,2,0,2021,22021,7/26/2021,Day0,30,34.96230453,Trachelomonas abrupta,7604.301234,0.459770115,22.248,181,0.08,7.86,5.6,8.38,12.6
11,D7MTP11Exp22021,2,7,2021,22021,8/2/2021,Week1,30,0,Trachelomonas abrupta,9714.235659,0,22.746,184.6,0.09,8.18,3.62,8.37,32.21
11,D14MTP11Exp22021,2,14,2021,22021,8/9/2021,Week2,30,0,Trachelomonas abrupta,2917.763232,0,23.111,187.1,0.09,8.11,0.95,8.16,2.97
11,D22MTP11Exp22021,2,22,2021,22021,8/16/2021,Week3,30,0,Trachelomonas abrupta,1313.033849,0,22.653,188.2,0.09,8.32,0.75,8.35,2.85
11,D28MTP11Exp22021,2,28,2021,22021,8/23/2021,Week4,30,0,Trachelomonas abrupta,5389.653438,0,22.667,187.7,0.09,8.29,0.5,8.33,2.98
12,D0MTP12Exp22021,2,0,2021,22021,7/26/2021,Day0,10,8.704754098,Trachelomonas abrupta,6641.727377,0.131061599,22.207,198.6,0.09,7.88,5.45,8.46,16.87
12,D7MTP12Exp22021,2,7,2021,22021,8/2/2021,Week1,10,25.48752,Trachelomonas abrupta,9268.96144,0.274977085,22.647,184.7,0.09,8.19,3.16,8.43,19.81
12,D14MTP12Exp22021,2,14,2021,22021,8/9/2021,Week2,10,2.86634278,Trachelomonas abrupta,2585.441188,0.110864745,22.992,182.6,0.09,8.22,0.64,8.23,3.64
12,D22MTP12Exp22021,2,22,2021,22021,8/16/2021,Week3,10,0,Trachelomonas abrupta,5129.038777,0,22.781,186.2,0.09,8.49,4.51,8.49,3.1
12,D28MTP12Exp22021,2,28,2021,22021,8/23/2021,Week4,10,0,Trachelomonas abrupta,2077.326147,0,22.778,186.9,0.09,8.32,0.82,8.3,2.79
13,D0MTP13Exp22021,2,0,2021,22021,7/26/2021,Day0,0,0,Trachelomonas abrupta,3947.605984,0,22.029,178.9,0.08,7.98,5.32,8.41,12.59
13,D7MTP13Exp22021,2,7,2021,22021,8/2/2021,Week1,0,0,Trachelomonas abrupta,8772.878261,0,22.746,178.7,0.08,8.16,2.12,8.4,12.13
13,D14MTP13Exp22021,2,14,2021,22021,8/9/2021,Week2,0,0,Trachelomonas abrupta,22208.86746,0,23.126,176.2,0.08,8.28,2.21,8.34,13.57
13,D22MTP13Exp22021,2,22,2021,22021,8/16/2021,Week3,0,0,Trachelomonas abrupta,25004.01691,0,22.714,187.1,0.09,8.62,3.41,8.19,8.89
13,D28MTP13Exp22021,2,28,2021,22021,8/23/2021,Week4,0,0,Trachelomonas abrupta,4695.289527,0,22.678,184.2,0.09,8.23,0.77,8.3,5.64
14,D0MTP14Exp22021,2,0,2021,22021,7/26/2021,Day0,10,4.29951417,Trachelomonas abrupta,4897.14664,0.087796313,22.007,185.1,0.09,7.86,5.36,8.42,13.13
14,D7MTP14Exp22021,2,7,2021,22021,8/2/2021,Week1,10,17.05991968,Trachelomonas abrupta,13392.03695,0.127388535,22.626,184.3,0.09,8.14,3.27,8.41,18.12
14,D14MTP14Exp22021,2,14,2021,22021,8/9/2021,Week2,10,0,Trachelomonas abrupta,37169.3,0,22.984,182.4,0.09,8.46,6.07,8.57,6.12
14,D22MTP14Exp22021,2,22,2021,22021,8/16/2021,Week3,10,0,Trachelomonas abrupta,5063.831463,0,22.621,183.3,0.09,8.44,3.2,8.5,4.8
14,D28MTP14Exp22021,2,28,2021,22021,8/23/2021,Week4,10,0,Trachelomonas abrupta,4129.452111,0,22.701,187.8,0.09,8.24,0.54,8.32,3.14
15,D0MTP15Exp22021,2,0,2021,22021,7/26/2021,Day0,1,4.197549407,Trachelomonas abrupta,4776.811226,0.087873462,22.023,185.3,0.09,7.87,5.22,8.44,16.86
15,D7MTP15Exp22021,2,7,2021,22021,8/2/2021,Week1,1,24.98776471,Trachelomonas abrupta,12535.52863,0.199335548,22.61,183,0.09,8.09,3.35,8.41,16.18
15,D14MTP15Exp22021,2,14,2021,22021,8/9/2021,Week2,1,0,Trachelomonas abrupta,22857.07723,0,23.067,187.5,0.09,8.13,5.76,8.23,7.33
15,D22MTP15Exp22021,2,22,2021,22021,8/16/2021,Week3,1,0,Trachelomonas abrupta,94640.00908,0,22.631,190.2,0.09,8.36,5.55,8.4,12.63
15,D28MTP15Exp22021,2,28,2021,22021,8/23/2021,Week4,1,0,Trachelomonas abrupta,19445.07053,0,22.527,191.1,0.09,8.29,1.86,8.31,10.04
16,D0MTP16Exp22021,2,0,2021,22021,7/26/2021,Day0,100,70.79866667,Trachelomonas abrupta,3681.530667,1.923076923,22.269,183.2,0.09,7.92,5.68,8.4,15.72
16,D7MTP16Exp22021,2,7,2021,22021,8/2/2021,Week1,100,46.72712,Trachelomonas abrupta,4553.77024,1.026119403,22.785,180.9,0.08,8.04,1.82,8.34,7.45
16,D14MTP16Exp22021,2,14,2021,22021,8/9/2021,Week2,100,5.596732543,Trachelomonas abrupta,1525.109618,0.366972477,23.037,183.9,0.09,8.12,1.24,8.14,3.53
16,D22MTP16Exp22021,2,22,2021,22021,8/16/2021,Week3,100,0,Trachelomonas abrupta,470.0917505,0,22.713,186.1,0.09,8.25,2.55,8.4,5.39
16,D28MTP16Exp22021,2,28,2021,22021,8/23/2021,Week4,100,0,Trachelomonas abrupta,4417.8368,0,22.7,185.3,0.09,8.36,0.32,8.53,8.32
17,D0MTP17Exp22021,2,0,2021,22021,7/26/2021,Day0,1,0,Trachelomonas abrupta,4635.69693,0,22.242,183.1,0.09,7.88,5.42,8.41,13.73
17,D7MTP17Exp22021,2,7,2021,22021,8/2/2021,Week1,1,17.19805668,Trachelomonas abrupta,16269.36162,0.105708245,22.95,181.5,0.09,8.09,2.51,8.32,16.91
17,D14MTP17Exp22021,2,14,2021,22021,8/9/2021,Week2,1,0,Trachelomonas abrupta,3499.12445,0,23.075,179.8,0.08,8.06,1.57,8.19,4.27
17,D22MTP17Exp22021,2,22,2021,22021,8/16/2021,Week3,1,0,Trachelomonas abrupta,1218.981227,0,22.598,173.4,0.08,8.2,2.82,8.38,5.2
17,D28MTP17Exp22021,2,28,2021,22021,8/23/2021,Week4,1,0,Trachelomonas abrupta,1599.120463,0,22.591,188.6,0.09,8.22,0.55,8.28,3.69
18,D0MTP18Exp22021,2,0,2021,22021,7/26/2021,Day0,100,71.35833992,Trachelomonas abrupta,5561.752965,1.283018868,22.322,181.1,0.08,7.97,5.81,8.37,19.44
18,D7MTP18Exp22021,2,7,2021,22021,8/2/2021,Week1,100,75.85571429,Trachelomonas abrupta,15508.27937,0.489130435,22.83,185.8,0.09,8.28,3.01,8.39,15.75
18,D14MTP18Exp22021,2,14,2021,22021,8/9/2021,Week2,100,0,Trachelomonas abrupta,42597.19777,0,23.119,186,0.09,8.3,6.73,8.33,3.49
18,D22MTP18Exp22021,2,22,2021,22021,8/16/2021,Week3,100,0,Trachelomonas abrupta,19668.04088,0,22.825,183.5,0.09,8.37,3.5,8.48,4.45
18,D28MTP18Exp22021,2,28,2021,22021,8/23/2021,Week4,100,0,Trachelomonas abrupta,11643.70104,0,22.735,185.9,0.09,8.3,1.08,8.22,2.46
19,D0MTP19Exp22021,2,0,2021,22021,7/26/2021,Day0,30,29.97524194,Trachelomonas abrupta,4864.553548,0.616197183,22.337,182,0.09,7.9,5.32,8.41,11.89
19,D7MTP19Exp22021,2,7,2021,22021,8/2/2021,Week1,30,16.4648062,Trachelomonas abrupta,10817.37767,0.152207002,22.804,182.7,0.09,8.21,2.42,8.43,18.39
19,D14MTP19Exp22021,2,14,2021,22021,8/9/2021,Week2,30,0,Trachelomonas abrupta,26051.69687,0,23.208,188.1,0.09,8.44,3.02,8.53,4.09
19,D22MTP19Exp22021,2,22,2021,22021,8/16/2021,Week3,30,0,Trachelomonas abrupta,19894.69869,0,22.892,182.7,0.09,8.46,5.38,8.65,4.2
19,D28MTP19Exp22021,2,28,2021,22021,8/23/2021,Week4,30,0,Trachelomonas abrupta,6997.077903,0,22.964,190.9,0.09,8.26,1.24,8.25,3.07
20,D0MTP20Exp22021,2,0,2021,22021,7/26/2021,Day0,0,0,Trachelomonas abrupta,4529.408675,0,22.254,177.1,0.09,7.9,5.73,8.46,14.42
20,D7MTP20Exp22021,2,7,2021,22021,8/2/2021,Week1,0,0,Trachelomonas abrupta,11348.78627,0,22.767,176.9,0.08,8.13,1.96,8.44,13.69
20,D14MTP20Exp22021,2,14,2021,22021,8/9/2021,Week2,0,0,Trachelomonas abrupta,19124.16996,0,22.993,182.2,0.09,8.17,2.65,8.36,4.35
20,D22MTP20Exp22021,2,22,2021,22021,8/16/2021,Week3,0,0,Trachelomonas abrupta,693.0968521,0,22.804,183,0.09,8.33,1.83,8.47,4.07
20,D28MTP20Exp22021,2,28,2021,22021,8/23/2021,Week4,0,0,Trachelomonas abrupta,2498.77647,0,22.828,185.5,0.09,8.3,0.91,8.36,3.02
21,D0MTP21Exp22021,2,0,2021,22021,7/26/2021,Day0,100,65.60494208,Trachelomonas abrupta,4657.950888,1.408450704,22.29,184.5,0.09,7.9,5.71,8.35,13.05
21,D7MTP21Exp22021,2,7,2021,22021,8/2/2021,Week1,100,77.07919355,Trachelomonas abrupta,11733.16613,0.656934307,22.899,182.2,0.09,8.24,3.54,8.4,10.76
21,D14MTP21Exp22021,2,14,2021,22021,8/9/2021,Week2,100,0,Trachelomonas abrupta,16843.69918,0,23.292,184.4,0.09,8.27,3.07,8.33,2.62
21,D22MTP21Exp22021,2,22,2021,22021,8/16/2021,Week3,100,0,Trachelomonas abrupta,3522.090927,0,22.791,183.8,0.09,8.31,4.15,8.47,3.33
21,D28MTP21Exp22021,2,28,2021,22021,8/23/2021,Week4,100,0,Trachelomonas abrupta,2389.455,0,22.798,187.7,0.09,8.3,0.6,8.27,2.11
1,D0MTP1Exp12022,1,0,2022,12022,6/1/2022,Day0,100,80.22910537,Chrysosphaerella sp.,425.6924789,18.84672841,15,137.2,0.06,8.07,13.55,9.42,11.5
1,D7MTP1Exp12022,1,7,2022,12022,6/8/2022,Week1,100,29.49944444,Chrysosphaerella sp.,2498.956938,1.180470299,23.312,145.1,0.07,7.85,7.38,8.84,14.85
1,D14MTP1Exp12022,1,14,2022,12022,6/15/2022,Week2,100,30.03579798,Chrysosphaerella sp.,10726.99839,0.280001888,15.485,148,0.07,8.36,8.95,10.65,39.95
1,D21MTP1Exp12022,1,21,2022,12022,6/22/2022,Week3,100,0,Chrysosphaerella sp.,12369.42222,0,15.586,151.8,0.07,8.19,5.93,10.6,38.87
1,D29MTP1Exp12022,1,29,2022,12022,6/29/2022,Week4,100,0,Chrysosphaerella sp.,5431.149685,0,15.46,158.9,0.09,8.85,3.4,10.13,15.55
2,D0MTP2Exp12022,1,0,2022,12022,6/1/2022,Day0,1,13.55719149,Chrysosphaerella sp.,375.4973139,3.610462974,15,139.9,0.06,8.07,14.19,9.96,11.2
2,D7MTP2Exp12022,1,7,2022,12022,6/8/2022,Week1,1,0,Chrysosphaerella sp.,1579.782013,0,23.13,158.3,0.07,8.14,5.16,8.86,11.43
2,D14MTP2Exp12022,1,14,2022,12022,6/15/2022,Week2,1,4.230996016,Chrysosphaerella sp.,5791.645408,0.073053437,15.893,209.2,0.1,8.9,7.06,10.54,19.45
2,D21MTP2Exp12022,1,21,2022,12022,6/22/2022,Week3,1,0,Chrysosphaerella sp.,6698.861794,0,15.86,154,0.07,8.09,5.17,10.6,18.86
2,D29MTP2Exp12022,1,29,2022,12022,6/29/2022,Week4,1,1.497856135,Chrysosphaerella sp.,841.7951482,0.177935943,15.615,154.2,0.09,8.53,2.95,10.15,9.32
3,D0MTP3Exp12022,1,0,2022,12022,6/1/2022,Day0,0,6.555432099,Chrysosphaerella sp.,504.7682716,1.298701299,14.9,136.7,0.07,8.1,18.73,10.21,11.49
3,D7MTP3Exp12022,1,7,2022,12022,6/8/2022,Week1,0,0,Chrysosphaerella sp.,924.717279,0,23.429,160.1,0.07,8.03,5.52,8.82,11.44
3,D14MTP3Exp12022,1,14,2022,12022,6/15/2022,Week2,0,0,Chrysosphaerella sp.,3803.636869,0,15.835,173,0.07,8.6,8.09,10.66,21.33
3,D21MTP3Exp12022,1,21,2022,12022,6/22/2022,Week3,0,0,Chrysosphaerella sp.,5147.063066,0,15.605,148.4,0.07,8.14,5.51,10.6,27.61
3,D29MTP3Exp12022,1,29,2022,12022,6/29/2022,Week4,0,0,Chrysosphaerella sp.,2654.95,0,15.54,158,0.09,8.54,3.74,10.33,11.9
4,D0MTP4Exp12022,1,0,2022,12022,6/1/2022,Day0,30,21.02930693,Chrysosphaerella sp.,595.2394232,3.532915682,15.075,142.9,0.08,8.11,13.44,10.14,11.44
4,D7MTP4Exp12022,1,7,2022,12022,6/8/2022,Week1,30,25.64136821,Chrysosphaerella sp.,1057.029352,2.425795288,23.608,140.8,0.07,7.89,7.87,8.84,11.4
4,D14MTP4Exp12022,1,14,2022,12022,6/15/2022,Week2,30,25.48752,Chrysosphaerella sp.,7636.344187,0.333765993,15.958,228.2,0.1,8.77,7.77,10.65,32.63
4,D21MTP4Exp12022,1,21,2022,12022,6/22/2022,Week3,30,0,Chrysosphaerella sp.,8048.228595,0,15.623,147.5,0.07,8.14,3.33,10.58,21.66
4,D29MTP4Exp12022,1,29,2022,12022,6/29/2022,Week4,30,0,Chrysosphaerella sp.,818.5221344,0,15.61,173.6,0.1,8.75,2.44,10.26,10.8
5,D0MTP5Exp12022,1,0,2022,12022,6/1/2022,Day0,10,34.18849095,Chrysosphaerella sp.,647.822849,5.277444443,15.021,135.4,0.06,7.94,13.75,10.2,11.16
5,D7MTP5Exp12022,1,7,2022,12022,6/8/2022,Week1,10,37.92785714,Chrysosphaerella sp.,1514.155375,2.504885415,23.504,168.4,0.08,8.15,7.38,8.87,13.37
5,D14MTP5Exp12022,1,14,2022,12022,6/15/2022,Week2,10,4.214206349,Chrysosphaerella sp.,6843.365407,0.061580905,15.682,174.1,0.08,8.69,7.34,10.69,22.87
5,D21MTP5Exp12022,1,21,2022,12022,6/22/2022,Week3,10,0,Chrysosphaerella sp.,5542.60478,0,15.67,148.2,0.07,7.96,5.5,10.63,17.81
5,D29MTP5Exp12022,1,29,2022,12022,6/29/2022,Week4,10,0,Chrysosphaerella sp.,2551.395933,0,15.54,165.5,0.1,8.82,3.69,10.25,9.87
7,D0MTP7Exp12022,1,0,2022,12022,6/1/2022,Day0,30,50.47033663,Chrysosphaerella sp.,1099.757349,4.589224768,14.983,137.3,0.07,7.84,13.54,10.2,11.24
7,D7MTP7Exp12022,1,7,2022,12022,6/8/2022,Week1,30,21.02930693,Chrysosphaerella sp.,682.2069378,3.082540761,23.148,168,0.08,8.21,5.33,8.89,11.12
7,D14MTP7Exp12022,1,14,2022,12022,6/15/2022,Week2,30,34.46588235,Chrysosphaerella sp.,2058.909684,1.673987092,15.609,235.1,0.11,8.65,7.22,10.66,15.76
7,D21MTP7Exp12022,1,21,2022,12022,6/22/2022,Week3,30,15.61735294,Chrysosphaerella sp.,7282.892255,0.214438885,15.517,151.3,0.07,8.17,6.79,10.6,36.47
7,D29MTP7Exp12022,1,29,2022,12022,6/29/2022,Week4,30,0,Chrysosphaerella sp.,7463.956599,0,15.45,193,0.11,8.81,3.29,10.23,29.85
8,D0MTP8Exp12022,1,0,2022,12022,6/1/2022,Day0,0,0,Chrysosphaerella sp.,521.4512575,0,15.013,137.2,0.07,8,14.46,10.22,11.49
8,D7MTP8Exp12022,1,7,2022,12022,6/8/2022,Week1,0,0,Chrysosphaerella sp.,1928.55568,0,23.284,168,0.08,8.24,7.83,8.93,14.2
8,D14MTP8Exp12022,1,14,2022,12022,6/15/2022,Week2,0,8,Chrysosphaerella sp.,8820.396712,0.090698868,15.718,187.7,0.09,8.51,9.75,10.69,41.7
8,D21MTP8Exp12022,1,21,2022,12022,6/22/2022,Week3,0,0,Chrysosphaerella sp.,7992.642865,0,15.574,148.2,0.07,7.94,5.78,10.61,31.73
8,D29MTP8Exp12022,1,29,2022,12022,6/29/2022,Week4,0,0,Chrysosphaerella sp.,1108.33627,0,15.49,169.8,0.13,8.56,3.31,10.27,11.35
9,D0MTP9Exp12022,1,0,2022,12022,6/1/2022,Day0,100,106.4197077,Chrysosphaerella sp.,1426.663326,7.459342773,15.012,137,0.06,7.75,13.8,10.27,11.44
9,D7MTP9Exp12022,1,7,2022,12022,6/8/2022,Week1,100,38.93205703,Chrysosphaerella sp.,3934.280383,0.989559798,23.077,142.1,0.07,8.28,6.06,8.97,14.42
9,D14MTP9Exp12022,1,14,2022,12022,6/15/2022,Week2,100,12.87248485,Chrysosphaerella sp.,7559.772372,0.170276091,15.767,157,0.07,8.64,9.24,10.7,45.15
9,D21MTP9Exp12022,1,21,2022,12022,6/22/2022,Week3,100,0,Chrysosphaerella sp.,4925.31465,0,15.69,153.9,0.07,8.15,5.33,10.59,18.71
9,D29MTP9Exp12022,1,29,2022,12022,6/29/2022,Week4,100,0,Chrysosphaerella sp.,1610.646099,0,15.67,188.6,0.1,8.64,4.27,10.25,9.67
10,D0MTP10Exp12022,1,0,2022,12022,6/1/2022,Day0,10,16.8568254,Chrysosphaerella sp.,287.1403124,5.870588235,15.067,144.5,0.07,7.93,13.94,10.24,11.19
10,D7MTP10Exp12022,1,7,2022,12022,6/8/2022,Week1,10,4.343476483,Chrysosphaerella sp.,480.087996,0.904725075,23.151,150.1,0.07,8.17,13.32,9.02,10.31
10,D14MTP10Exp12022,1,14,2022,12022,6/15/2022,Week2,10,4.406556017,Chrysosphaerella sp.,3634.289015,0.121249466,15.737,200.1,0.09,8.39,14.76,10.65,18.6
10,D21MTP10Exp12022,1,21,2022,12022,6/22/2022,Week3,10,0,Chrysosphaerella sp.,9470.029654,0,15.609,156.4,0.07,7.92,11.11,10.58,34.62
10,D29MTP10Exp12022,1,29,2022,12022,6/29/2022,Week4,10,0,Chrysosphaerella sp.,15230.34732,0,15.55,161.1,0.08,8.44,5.11,10.33,43.65
11,D0MTP11Exp12022,1,0,2022,12022,6/1/2022,Day0,100,59.1161829,Chrysosphaerella sp.,578.7783962,10.2139581,15.338,148.6,0.07,8.27,13.54,10.4,11.9
11,D7MTP11Exp12022,1,7,2022,12022,6/8/2022,Week1,100,0,Chrysosphaerella sp.,397.5171039,0,23.198,217.9,0.1,8.14,9.21,8.98,10.23
11,D14MTP11Exp12022,1,14,2022,12022,6/15/2022,Week2,100,0,Chrysosphaerella sp.,998.0053012,0,15.652,192.1,0.09,8.38,8.65,10.6,12.72
11,D21MTP11Exp12022,1,21,2022,12022,6/22/2022,Week3,100,0,Chrysosphaerella sp.,2942.738473,0,15.61,153.5,0.07,7.93,10.15,10.58,18.17
11,D29MTP11Exp12022,1,29,2022,12022,6/29/2022,Week4,100,4.46210084,Chrysosphaerella sp.,6117.540252,0.07293946,15.59,180.2,0.1,8.74,10.16,10.25,27.12
12,D0MTP12Exp12022,1,0,2022,12022,6/1/2022,Day0,1,13.03042945,Chrysosphaerella sp.,734.5773246,1.773867639,15.621,138.6,0.07,8.26,13.73,10.32,11.29
12,D7MTP12Exp12022,1,7,2022,12022,6/8/2022,Week1,1,4.308235294,Chrysosphaerella sp.,2199.066902,0.19591197,23.022,153.4,0.07,8.32,9.11,9.02,14.74
12,D14MTP12Exp12022,1,14,2022,12022,6/15/2022,Week2,1,8.59902834,Chrysosphaerella sp.,5011.557776,0.171583941,15.608,147.7,0.07,8.03,6.25,10.72,25.34
12,D21MTP12Exp12022,1,21,2022,12022,6/22/2022,Week3,1,4.26497992,Chrysosphaerella sp.,7972.033055,0.053499275,15.78,150.5,0.07,8.04,3.93,10.55,13.42
12,D29MTP12Exp12022,1,29,2022,12022,6/29/2022,Week4,1,0,Chrysosphaerella sp.,2518.91124,0,15.63,161.1,0.08,8.75,3.25,10.21,10.12
13,D0MTP13Exp12022,1,0,2022,12022,6/1/2022,Day0,30,12.71832335,Chrysosphaerella sp.,482.5242904,2.635789245,15.516,134.8,0.07,8.09,14,10.24,11.39
13,D7MTP13Exp12022,1,7,2022,12022,6/8/2022,Week1,30,8.428412698,Chrysosphaerella sp.,969.4705545,0.869383052,22.974,168.4,0.08,8.22,6.14,9.04,12.21
13,D14MTP13Exp12022,1,14,2022,12022,6/15/2022,Week2,30,14.10332005,Chrysosphaerella sp.,2549.880266,0.553097345,15.952,212,0.1,8.68,5.6,10.6,17.12
13,D21MTP13Exp12022,1,21,2022,12022,6/22/2022,Week3,30,0,Chrysosphaerella sp.,5314.252377,0,15.876,149.8,0.07,7.89,5.23,10.53,15.22
13,D29MTP13Exp12022,1,29,2022,12022,6/29/2022,Week4,30,0,Chrysosphaerella sp.,1371.107883,0,15.68,174.2,0.12,8.74,2.81,10.13,11.73
14,D0MTP14Exp12022,1,0,2022,12022,6/1/2022,Day0,10,30.10768041,Chrysosphaerella sp.,812.9073711,3.703703704,15.539,139.9,0.07,8.25,14.09,10.29,11.27
14,D7MTP14Exp12022,1,7,2022,12022,6/8/2022,Week1,10,25.08614173,Chrysosphaerella sp.,1588.788976,1.578947368,23.183,149.1,0.07,8.28,10.1,9.02,13.43
14,D14MTP14Exp12022,1,14,2022,12022,6/15/2022,Week2,10,0,Chrysosphaerella sp.,6884.660466,0,15.732,196.4,0.09,8.48,7.91,10.66,33.34
14,D21MTP14Exp12022,1,21,2022,12022,6/22/2022,Week3,10,0,Chrysosphaerella sp.,4388.664337,0,15.824,152.5,0.07,7.87,4.64,10.53,19.33
14,D29MTP14Exp12022,1,29,2022,12022,6/29/2022,Week4,10,0,Chrysosphaerella sp.,1020.004506,0,15.6,168.4,0.1,8.5,5.46,10.35,11.69
15,D0MTP15Exp12022,1,0,2022,12022,6/1/2022,Day0,0,4.230996016,Chrysosphaerella sp.,566.9534661,0.746268657,15.448,135.6,0.06,8.23,14.08,10.22,11.6
15,D7MTP15Exp12022,1,7,2022,12022,6/8/2022,Week1,0,0,Chrysosphaerella sp.,736.4198661,0,22.939,197.6,0.09,8.21,5.89,9.08,11.12
15,D14MTP15Exp12022,1,14,2022,12022,6/15/2022,Week2,0,0,Chrysosphaerella sp.,1931.134363,0,15.839,192.3,0.09,8.56,7.22,10.58,13.9
15,D21MTP15Exp12022,1,21,2022,12022,6/22/2022,Week3,0,0,Chrysosphaerella sp.,1362.166347,0,15.844,148.4,0.07,8.01,3.62,10.49,13.7
15,D29MTP15Exp12022,1,29,2022,12022,6/29/2022,Week4,0,0,Chrysosphaerella sp.,1634.140199,0,15.8,157.6,0.08,8.86,2.75,10.25,9.64
16,D0MTP16Exp12022,1,0,2022,12022,6/1/2022,Day0,100,108.5869121,Chrysosphaerella sp.,620.1504487,17.50976917,15.241,141,0.08,8.07,13.3,10.36,10.74
16,D7MTP16Exp12022,1,7,2022,12022,6/8/2022,Week1,100,17.69966667,Chrysosphaerella sp.,1000.148125,1.76970453,22.877,156.8,0.07,8.39,6.15,9.1,11.64
16,D14MTP16Exp12022,1,14,2022,12022,6/15/2022,Week2,100,8.63398374,Chrysosphaerella sp.,6009.252683,0.143678161,15.734,149.1,0.07,8.08,5.72,10.75,18.68
16,D21MTP16Exp12022,1,21,2022,12022,6/22/2022,Week3,100,0,Chrysosphaerella sp.,4603.376115,0,15.745,146.5,0.07,7.94,3.06,10.58,11.65
16,D29MTP16Exp12022,1,29,2022,12022,6/29/2022,Week4,100,0,Chrysosphaerella sp.,1155.422374,0,15.62,155.3,0.08,8.86,2.73,10.21,8.81
17,D0MTP17Exp12022,1,0,2022,12022,6/1/2022,Day0,1,4.370288066,Chrysosphaerella sp.,705.8814669,0.61912492,15.297,137,0.07,8.13,13.6,10.25,11.27
17,D7MTP17Exp12022,1,7,2022,12022,6/8/2022,Week1,1,21.85144033,Chrysosphaerella sp.,1318.405336,1.657414434,22.891,169.7,0.08,8.09,8.36,9.13,13.48
17,D14MTP17Exp12022,1,14,2022,12022,6/15/2022,Week2,1,8.651568228,Chrysosphaerella sp.,7181.230774,0.120474728,15.628,174.2,0.08,8.37,6.77,10.68,29.85
17,D21MTP17Exp12022,1,21,2022,12022,6/22/2022,Week3,1,0,Chrysosphaerella sp.,2932.404234,0,15.641,148.4,0.07,7.99,4,10.55,15.37
17,D29MTP17Exp12022,1,29,2022,12022,6/29/2022,Week4,1,0,Chrysosphaerella sp.,1827.293522,0,15.51,155.3,0.08,8.84,3.09,10.31,10.63
18,D0MTP18Exp12022,1,0,2022,12022,6/1/2022,Day0,1,0,Chrysosphaerella sp.,374.0577329,0,15.394,138.3,0.07,8.06,13.59,10.29,11.6
18,D7MTP18Exp12022,1,7,2022,12022,6/8/2022,Week1,1,38.15497006,Chrysosphaerella sp.,1434.61686,2.659593034,22.976,151.2,0.07,8.05,8.14,9.13,11.78
18,D14MTP18Exp12022,1,14,2022,12022,6/15/2022,Week2,1,8.478882236,Chrysosphaerella sp.,2490.629765,0.340431258,15.659,151.5,0.07,7.89,9.77,10.66,17.24
18,D21MTP18Exp12022,1,21,2022,12022,6/22/2022,Week3,1,22.65557333,Chrysosphaerella sp.,4938.914987,0.458715596,15.63,154.6,0.07,7.86,6.12,10.53,31.72
18,D29MTP18Exp12022,1,29,2022,12022,6/29/2022,Week4,1,0,Chrysosphaerella sp.,5215.310688,0,15.51,164.8,0.09,8.59,4.79,10.28,14.46
19,D0MTP19Exp12022,1,0,2022,12022,6/1/2022,Day0,10,17.4095082,Chrysosphaerella sp.,821.7804982,2.11851075,15.48,143.3,0.07,8.15,13.33,10.11,12.31
19,D7MTP19Exp12022,1,7,2022,12022,6/8/2022,Week1,10,13.21966805,Chrysosphaerella sp.,952.4439154,1.387973385,23.075,159,0.07,8.29,6.39,9.07,12.33
19,D14MTP19Exp12022,1,14,2022,12022,6/15/2022,Week2,10,4.334612245,Chrysosphaerella sp.,3592.411039,0.120660253,15.605,158.9,0.07,8.07,5.39,10.75,25.04
19,D21MTP19Exp12022,1,21,2022,12022,6/22/2022,Week3,10,0,Chrysosphaerella sp.,2250.079082,0,15.902,149,0.07,7.96,3.37,10.52,11.58
19,D29MTP19Exp12022,1,29,2022,12022,6/29/2022,Week4,10,0,Chrysosphaerella sp.,12047.10112,0,15.65,158.2,0.08,8.8,3.64,10.27,11.17
20,D0MTP20Exp12022,1,0,2022,12022,6/1/2022,Day0,30,4.273561368,Chrysosphaerella sp.,632.7237512,0.675422941,15.395,144.7,0.07,7.95,13.3,10.24,10.98
20,D7MTP20Exp12022,1,7,2022,12022,6/8/2022,Week1,30,0,Chrysosphaerella sp.,274.4679921,0,23.246,151.3,0.07,8.23,10.07,9.06,9.26
20,D14MTP20Exp12022,1,14,2022,12022,6/15/2022,Week2,30,0,Chrysosphaerella sp.,1488.757009,0,15.878,244.1,0.12,8.5,8.16,10.6,9.78
20,D21MTP20Exp12022,1,21,2022,12022,6/22/2022,Week3,30,4.24792,Chrysosphaerella sp.,5624.24608,0.075528701,15.999,164.2,0.08,8.02,8.49,10.43,22.65
20,D29MTP20Exp12022,1,29,2022,12022,6/29/2022,Week4,30,0,Chrysosphaerella sp.,18675.30683,0,15.83,168.3,0.1,8.75,11.78,10.19,43.8
21,D0MTP21Exp12022,1,0,2022,12022,6/1/2022,Day0,0,0,Chrysosphaerella sp.,756.714494,0,15.397,137.2,0.07,8,13.24,10.04,11.89
21,D7MTP21Exp12022,1,7,2022,12022,6/8/2022,Week1,0,0,Chrysosphaerella sp.,2302.709109,0,23.219,169.5,0.08,8.32,7.26,9.07,14.16
21,D14MTP21Exp12022,1,14,2022,12022,6/15/2022,Week2,0,4.31699187,Chrysosphaerella sp.,4368.813109,0.098813837,15.974,146.2,0.07,8.2,5.34,10.64,24.41
21,D21MTP21Exp12022,1,21,2022,12022,6/22/2022,Week3,0,0,Chrysosphaerella sp.,2722.377301,0,16.88,156.4,0.07,7.93,3.38,10.41,11.24
21,D29MTP21Exp12022,1,29,2022,12022,6/29/2022,Week4,0,0,Chrysosphaerella sp.,3808.736682,0,15.87,152.3,0.08,8.61,3.97,10.17,9.28
1,D1MTP1Exp22022,2,1,2022,22022,7/19/2022,Day0,10,8.849833333,Haematococcus pluvialis,677.6102117,1.306036004,20.431,166.2,0.08,7.66,9.87,9.06,10.14
1,D8MTP1Exp22022,2,8,2022,22022,7/26/2022,Week1,10,0,Haematococcus pluvialis,1738.581691,0,19.994,168.9,0.08,8.14,8.62,9.19,13.01
1,D15MTP1Exp22022,2,15,2022,22022,8/2/2022,Week2,10,4.397432712,Haematococcus pluvialis,2126.241935,0.206817138,20.032,171.1,0.08,8.54,5.67,8.96,3.6
1,D22MTP1Exp22022,2,22,2022,22022,8/9/2022,Week3,10,0,Haematococcus pluvialis,3695.6904,0,19.268,172.2,0.08,8.55,4.02,9.01,8.09
1,D29MTP1Exp22022,2,29,2022,22022,8/16/2022,Week4,10,0,Haematococcus pluvialis,2338.90986,0,19.031,174.7,0.08,8.53,2.11,9.25,7.08
2,D1MTP2Exp22022,2,1,2022,22022,7/19/2022,Day0,0,0,Haematococcus pluvialis,417.9976912,0,20.494,174.2,0.08,7.78,10.99,9.04,10.08
2,D8MTP2Exp22022,2,8,2022,22022,7/26/2022,Week1,0,0,Haematococcus pluvialis,3208.535319,0,20.076,176.8,0.09,8.35,8.69,9.15,23.34
2,D15MTP2Exp22022,2,15,2022,22022,8/2/2022,Week2,0,0,Haematococcus pluvialis,3429.707864,0,20.071,178.3,0.08,8.29,7.47,8.93,12.76
2,D22MTP2Exp22022,2,22,2022,22022,8/9/2022,Week3,0,0,Haematococcus pluvialis,3319.732756,0,19.302,180.5,0.09,8.42,5.76,9.06,15.03
2,D29MTP2Exp22022,2,29,2022,22022,8/16/2022,Week4,0,0,Haematococcus pluvialis,7167.806063,0,19.208,182.3,0.09,8.27,3.26,9.15,7.86
3,D1MTP3Exp22022,2,1,2022,22022,7/19/2022,Day0,10,9.222579244,Haematococcus pluvialis,526.1417145,1.752869805,20.451,169,0.08,7.81,10.23,9.05,9.92
3,D8MTP3Exp22022,2,8,2022,22022,7/26/2022,Week1,10,4.388347107,Haematococcus pluvialis,1136.00638,0.386295991,19.932,172.5,0.08,8.15,8.72,8.99,13.35
3,D15MTP3Exp22022,2,15,2022,22022,8/2/2022,Week2,10,0,Haematococcus pluvialis,2014.1,0,19.951,183.2,0.09,8.43,7.89,9.04,16.25
3,D22MTP3Exp22022,2,22,2022,22022,8/9/2022,Week3,10,0,Haematococcus pluvialis,6111.803265,0,19.202,177.7,0.09,8.28,4.75,9.07,11.05
3,D29MTP3Exp22022,2,29,2022,22022,8/16/2022,Week4,10,0,Haematococcus pluvialis,738.5786831,0,19.102,177.8,0.08,7.92,2.27,9.32,1.12
4,D1MTP4Exp22022,2,1,2022,22022,7/19/2022,Day0,30,25,Haematococcus pluvialis,766.6661943,3.260871574,20.359,168.3,0.08,7.8,12.29,9.04,10.89
4,D8MTP4Exp22022,2,8,2022,22022,7/26/2022,Week1,30,67.96672,Haematococcus pluvialis,3476.791411,1.954869072,19.933,172.5,0.09,8.3,11.53,9.12,23.83
4,D15MTP4Exp22022,2,15,2022,22022,8/2/2022,Week2,30,29.55809145,Haematococcus pluvialis,9931.215878,0.297628123,19.992,187,0.09,8.34,9.26,8.95,44.12
4,D22MTP4Exp22022,2,22,2022,22022,8/9/2022,Week3,30,0,Haematococcus pluvialis,3968.221564,0,19.362,177.3,0.09,8.4,2.75,9.13,13.76
4,D29MTP4Exp22022,2,29,2022,22022,8/16/2022,Week4,30,0,Haematococcus pluvialis,1741.6472,0,19.139,173.9,0.08,7.77,1.03,9.22,8.5
5,D1MTP5Exp22022,2,1,2022,22022,7/19/2022,Day0,30,8.581656566,Haematococcus pluvialis,481.5282153,1.782171074,20.486,172.5,0.08,7.81,11.52,9.04,10.35
5,D8MTP5Exp22022,2,8,2022,22022,7/26/2022,Week1,30,8.49584,Haematococcus pluvialis,3202.93168,0.265251989,20.048,175,0.09,8.35,10.65,9.06,20.62
5,D15MTP5Exp22022,2,15,2022,22022,8/2/2022,Week2,30,4.370288066,Haematococcus pluvialis,3450.387023,0.126660808,19.991,176.7,0.09,8.07,7.62,9.04,27.87
5,D22MTP5Exp22022,2,22,2022,22022,8/9/2022,Week3,30,0,Haematococcus pluvialis,4291.089919,0,19.264,178.2,0.09,8.27,4.87,9.19,8.58
5,D29MTP5Exp22022,2,29,2022,22022,8/16/2022,Week4,30,0,Haematococcus pluvialis,1644.356129,0,19.155,178.6,0.08,8.08,2.67,9.27,8.01
6,D1MTP6Exp22022,2,1,2022,22022,7/19/2022,Day0,10,0,Haematococcus pluvialis,946.0893254,0,20.497,168.9,0.08,7.82,10.17,9.04,10.28
6,D8MTP6Exp22022,2,8,2022,22022,7/26/2022,Week1,10,4.222584493,Haematococcus pluvialis,2901.304024,0.145540917,20.082,173.3,0.08,8.25,10.27,9.04,15.8
6,D15MTP6Exp22022,2,15,2022,22022,8/2/2022,Week2,10,12.84653226,Haematococcus pluvialis,20983.70057,0.061221481,20.133,176.2,0.08,8.51,7.7,8.95,11.79
6,D22MTP6Exp22022,2,22,2022,22022,8/9/2022,Week3,10,0,Haematococcus pluvialis,529.8996715,0,19.345,176.3,0.08,8.42,3.75,9.09,8.94
6,D29MTP6Exp22022,2,29,2022,22022,8/16/2022,Week4,10,76.17578059,Haematococcus pluvialis,2715.829772,2.804880533,19.106,178.4,0.08,8.05,1.54,9.18,7.07
7,D1MTP7Exp22022,2,1,2022,22022,7/19/2022,Day0,100,12.64261905,Haematococcus pluvialis,931.0547463,1.357881381,20.441,165,0.08,7.82,9.66,9.06,10.1
7,D8MTP7Exp22022,2,8,2022,22022,7/26/2022,Week1,100,26.4393361,Haematococcus pluvialis,877.204955,3.014043178,20.125,167.7,0.08,8.09,8.49,9.07,10.84
7,D15MTP7Exp22022,2,15,2022,22022,8/2/2022,Week2,100,0,Haematococcus pluvialis,802.4178492,0,20.037,171,0.08,8.33,7.14,8.96,12.1
7,D22MTP7Exp22022,2,22,2022,22022,8/9/2022,Week3,100,0,Haematococcus pluvialis,5301.471587,0,19.441,169.4,0.08,8.42,7.07,9.15,27.2
7,D29MTP7Exp22022,2,29,2022,22022,8/16/2022,Week4,100,21.19720559,Haematococcus pluvialis,1743.212584,1.215985118,19.514,172.2,0.08,8.59,3.61,9.42,8.56
8,D1MTP8Exp22022,2,1,2022,22022,7/19/2022,Day0,30,12.95097561,Haematococcus pluvialis,716.1539486,1.808406647,20.367,168.2,0.08,7.82,11,9.04,10.64
8,D8MTP8Exp22022,2,8,2022,22022,7/26/2022,Week1,30,4.343476483,Haematococcus pluvialis,5100.099361,0.085164546,20.123,172.9,0.08,7.99,10.39,9.11,28.18
8,D15MTP8Exp22022,2,15,2022,22022,8/2/2022,Week2,30,4.273561368,Haematococcus pluvialis,3230.037811,0.132306853,20.045,175,0.09,8.4,7.31,8.93,20.24
8,D22MTP8Exp22022,2,22,2022,22022,8/9/2022,Week3,30,0,Haematococcus pluvialis,2597.901488,0,19.372,177.6,0.08,8.16,5.86,9.14,10.89
8,D29MTP8Exp22022,2,29,2022,22022,8/16/2022,Week4,30,0,Haematococcus pluvialis,1767.028963,0,19.341,175.1,0.08,8.35,3.6,9.8,9.66
9,D1MTP9Exp22022,2,1,2022,22022,7/19/2022,Day0,0,0,Haematococcus pluvialis,866.4690377,0,20.423,168.6,0.08,7.81,11.34,9.05,10.36
9,D8MTP9Exp22022,2,8,2022,22022,7/26/2022,Week1,0,0,Haematococcus pluvialis,6354.541551,0,20.2,174.1,0.09,8.2,10.54,9.08,28.24
9,D15MTP9Exp22022,2,15,2022,22022,8/2/2022,Week2,0,0,Haematococcus pluvialis,2249.407739,0,19.966,179.1,0.08,8.04,9.22,9.02,22.24
9,D22MTP9Exp22022,2,22,2022,22022,8/9/2022,Week3,0,0,Haematococcus pluvialis,8159.546333,0,19.343,175.7,0.09,8.24,5.9,9.05,14.66
9,D29MTP9Exp22022,2,29,2022,22022,8/16/2022,Week4,0,0,Haematococcus pluvialis,10101.55376,0,19.224,176.2,0.08,8.09,5.31,9.36,23.12
10,D1MTP10Exp22022,2,1,2022,22022,7/19/2022,Day0,0,0,Haematococcus pluvialis,528.7589496,0,20.335,176.1,0.08,7.82,10.53,9.08,9.23
10,D8MTP10Exp22022,2,8,2022,22022,7/26/2022,Week1,0,0,Haematococcus pluvialis,141.425908,0,20.033,180.5,0.09,8.28,8.72,9.11,9.33
10,D15MTP10Exp22022,2,15,2022,22022,8/2/2022,Week2,0,0,Haematococcus pluvialis,1228.565098,0,19.973,187,0.09,8.36,9.14,8.92,13.05
10,D22MTP10Exp22022,2,22,2022,22022,8/9/2022,Week3,0,0,Haematococcus pluvialis,4693.266452,0,19.227,184.6,0.09,8.29,9.24,9.11,27.47
10,D29MTP10Exp22022,2,29,2022,22022,8/16/2022,Week4,0,0,Haematococcus pluvialis,737.3666802,0,19.125,184.6,0.09,8.08,4.27,9.36,9.94
12,D1MTP12Exp22022,2,1,2022,22022,7/19/2022,Day0,100,98.09453815,Haematococcus pluvialis,854.8347777,11.47526291,20.412,167.9,0.08,7.79,11.66,9.06,10.03
12,D8MTP12Exp22022,2,8,2022,22022,7/26/2022,Week1,100,21.58495935,Haematococcus pluvialis,3811.903821,0.566251416,20.051,171.1,0.08,8.28,10.59,9.01,23.92
12,D15MTP12Exp22022,2,15,2022,22022,8/2/2022,Week2,100,4.452746331,Haematococcus pluvialis,1204.951877,0.369537275,20.027,174.4,0.09,8.34,8.45,8.93,19.21
12,D22MTP12Exp22022,2,22,2022,22022,8/9/2022,Week3,100,0,Haematococcus pluvialis,7136.150126,0,19.322,175.5,0.08,8.52,5.76,9.19,12.36
12,D29MTP12Exp22022,2,29,2022,22022,8/16/2022,Week4,100,0,Haematococcus pluvialis,2666.058577,0,19.299,177.2,0.08,8.17,3.64,9.23,10.08
13,D1MTP13Exp22022,2,1,2022,22022,7/19/2022,Day0,1,4.308235294,Haematococcus pluvialis,568.3474054,0.758028497,20.456,175,0.08,7.81,9.99,9.03,9.07
13,D8MTP13Exp22022,2,8,2022,22022,7/26/2022,Week1,1,8.942989474,Haematococcus pluvialis,1694.352544,0.527811612,20.168,182.2,0.09,8.36,5.96,9,17.96
13,D15MTP13Exp22022,2,15,2022,22022,8/2/2022,Week2,1,0,Haematococcus pluvialis,2392.679636,0,20.113,182.9,0.09,8.43,5.81,8.89,11.34
13,D22MTP13Exp22022,2,22,2022,22022,8/9/2022,Week3,1,0,Haematococcus pluvialis,2809.108387,0,19.445,182.9,0.09,8.53,3.9,8.9,7.73
13,D29MTP13Exp22022,2,29,2022,22022,8/16/2022,Week4,1,0,Haematococcus pluvialis,2635.444245,0,19.435,187,0.09,8.39,2.76,9.34,7.15
14,D1MTP14Exp22022,2,1,2022,22022,7/19/2022,Day0,30,8.794865424,Haematococcus pluvialis,898.2031154,0.979162204,29.517,168.5,0.08,7.8,10.18,9.01,10.01
14,D8MTP14Exp22022,2,8,2022,22022,7/26/2022,Week1,30,27.17219616,Haematococcus pluvialis,5423.412034,0.501016629,19.894,181.5,0.09,8.26,8.56,9.1,37.27
14,D15MTP14Exp22022,2,15,2022,22022,8/2/2022,Week2,30,50.13639485,Haematococcus pluvialis,2011.879491,2.492017792,19.941,176.5,0.08,8.37,7.76,9.02,30.59
14,D22MTP14Exp22022,2,22,2022,22022,8/9/2022,Week4,30,12.74376,Haematococcus pluvialis,3959.06144,0.321888412,19.333,179.5,0.09,8.57,3.36,9.22,15.15
14,D29MTP14Exp22022,2,29,2022,22022,8/16/2022,Week3,30,0,Haematococcus pluvialis,923.6471073,0,19.188,177,0.08,7.8,2.1,9.29,9.99
15,D1MTP15Exp22022,2,1,2022,22022,7/19/2022,Day0,100,31.03908142,Haematococcus pluvialis,711.7402579,4.361012473,20.42,175,0.08,7.79,11.06,9.05,9.91
15,D8MTP15Exp22022,2,8,2022,22022,7/26/2022,Week1,100,75.69668763,Haematococcus pluvialis,1932.003192,3.918041541,19.959,174.2,0.08,8.25,9.2,9.08,17.45
15,D15MTP15Exp22022,2,15,2022,22022,8/2/2022,Week2,100,8.722628337,Haematococcus pluvialis,1730.738007,0.503983174,20.001,176.5,0.08,8.38,7.15,9.05,12.93
15,D22MTP15Exp22022,2,22,2022,22022,8/9/2022,Week3,100,0,Haematococcus pluvialis,8426.76813,0,19.302,174.2,0.09,8.42,4.97,9.04,9.95
15,D29MTP15Exp22022,2,29,2022,22022,8/16/2022,Week4,100,0,Haematococcus pluvialis,7018.174882,0,19.28,182.8,0.09,8.34,4.44,9.23,9.85
16,D1MTP16Exp22022,2,1,2022,22022,7/19/2022,Day0,0,0,Haematococcus pluvialis,433.3706685,0,20.33,175.8,0.08,7.81,9.99,9.06,9.76
16,D8MTP16Exp22022,2,8,2022,22022,7/26/2022,Week1,0,4.31699187,Haematococcus pluvialis,1306.830923,0.330340505,20.021,179.5,0.09,8.18,5.69,9.1,12.89
16,D15MTP16Exp22022,2,15,2022,22022,8/2/2022,Week2,0,0,Haematococcus pluvialis,1434.642353,0,19.915,182,0.09,8.64,7.68,8.97,14.1
16,D22MTP16Exp22022,2,22,2022,22022,8/9/2022,Week3,0,0,Haematococcus pluvialis,7585.571429,0,19.294,183.9,0.09,8.3,4.91,9.17,14.53
16,D29MTP16Exp22022,2,29,2022,22022,8/16/2022,Week4,0,0,Haematococcus pluvialis,977.5548117,0,19.152,186.5,0.09,8.1,4.54,9.33,11
17,D1MTP17Exp22022,2,1,2022,22022,7/19/2022,Day0,1,0,Haematococcus pluvialis,689.6523506,0,20.409,166.6,0.08,7.81,11.71,9.05,10.42
17,D8MTP17Exp22022,2,8,2022,22022,7/26/2022,Week1,1,12.97735234,Haematococcus pluvialis,5072.195378,0.255852769,20.016,171.6,0.08,8.3,10.03,9.08,26.15
17,D15MTP17Exp22022,2,15,2022,22022,8/2/2022,Week2,1,4.290828283,Haematococcus pluvialis,4796.815956,0.089451593,19.913,175.3,0.09,8.68,6.59,9.09,19.02
17,D22MTP17Exp22022,2,22,2022,22022,8/9/2022,Week3,1,0,Haematococcus pluvialis,6555.432099,0,19.45,174.7,0.08,8.36,5.13,9.13,14.15
17,D29MTP17Exp22022,2,29,2022,22022,8/16/2022,Week4,1,0,Haematococcus pluvialis,5406.443636,0,19.233,176.8,0.09,8.2,3.61,9.32,10.96
18,D1MTP18Exp22022,2,1,2022,22022,7/19/2022,Day0,10,4.290828283,Haematococcus pluvialis,373.6126957,1.148469614,20.401,180.3,0.08,7.83,11.17,9.06,9.25
18,D8MTP18Exp22022,2,8,2022,22022,7/26/2022,Week1,10,148.5897942,Haematococcus pluvialis,918.1405189,16.18377483,19.999,188.2,0.09,8.27,6.64,9.07,9.75
18,D15MTP18Exp22022,2,15,2022,22022,8/2/2022,Week2,10,89.05492662,Haematococcus pluvialis,6991.924927,1.273682535,19.934,190.4,0.09,8.39,10.05,8.97,16.12
18,D22MTP18Exp22022,2,22,2022,22022,8/9/2022,Week3,10,0,Haematococcus pluvialis,2895.52098,0,19.273,190.7,0.09,8.02,9.25,9.14,20.29
18,D29MTP18Exp22022,2,29,2022,22022,8/16/2022,Week4,10,0,Haematococcus pluvialis,793.7591786,0,19.174,193.3,0.09,8.24,6.37,9.32,11.44
19,D1MTP19Exp22022,2,1,2022,22022,7/19/2022,Day0,100,26.00767347,Haematococcus pluvialis,945.1108462,2.751811978,20.394,176,0.08,7.83,11.64,9.05,10.55
19,D8MTP19Exp22022,2,8,2022,22022,7/26/2022,Week1,100,13.35823899,Haematococcus pluvialis,3630.061211,0.367989359,20.032,180.6,0.09,8.15,10.42,9.1,21.39
19,D15MTP19Exp22022,2,15,2022,22022,8/2/2022,Week2,100,17.55338843,Haematococcus pluvialis,1579.78744,1.111123432,20.008,183.1,0.09,8.31,9.49,8.92,21.67
19,D22MTP19Exp22022,2,22,2022,22022,8/9/2022,Week3,100,4.406556017,Haematococcus pluvialis,4796.481597,0.091870592,19.47,184.7,0.09,8.37,4.68,9.22,10.07
19,D29MTP19Exp22022,2,29,2022,22022,8/16/2022,Week4,100,4.31699187,Haematococcus pluvialis,7615.173659,0.056689342,19.215,187,0.09,8.37,4.4,9.33,12.93
20,D1MTP20Exp22022,2,1,2022,22022,7/19/2022,Day0,1,4.308235294,Haematococcus pluvialis,624.3329222,0.690054159,20.587,175.3,0.08,7.81,11.81,9.03,10.46
20,D8MTP20Exp22022,2,8,2022,22022,7/26/2022,Week1,1,21.15498008,Haematococcus pluvialis,5023.870683,0.421089264,19.924,179.5,0.08,8.3,10.4,9.09,25.96
20,D15MTP20Exp22022,2,15,2022,22022,8/2/2022,Week2,1,0,Haematococcus pluvialis,2453.1738,0,20.06,184.3,0.09,8.15,9.39,9.05,17.82
20,D22MTP20Exp22022,2,22,2022,22022,8/9/2022,Week3,1,0,Haematococcus pluvialis,4203.48569,0,29.523,186.1,0.09,8.16,4.54,9.04,17.73
20,D29MTP20Exp22022,2,29,2022,22022,8/16/2022,Week4,1,0,Haematococcus pluvialis,15124.51025,0,19.493,200.6,0.09,8.29,5.75,9.29,13.24
21,D1MTP21Exp22022,2,1,2022,22022,7/19/2022,Day0,1,4.24792,Haematococcus pluvialis,1040.48295,0.408264258,20.572,171.8,0.08,7.82,10.13,9.02,9.9
21,D8MTP21Exp22022,2,8,2022,22022,7/26/2022,Week1,1,0,Haematococcus pluvialis,1529.423529,0,20.107,179.7,0.09,8.11,9.41,9.1,14.33
21,D15MTP21Exp22022,2,15,2022,22022,8/2/2022,Week2,1,4.256432866,Haematococcus pluvialis,2520.035667,0.168903676,20.11,179.7,0.09,8.11,6.17,8.93,16.6
21,D22MTP21Exp22022,2,22,2022,22022,8/9/2022,Week3,1,0,Haematococcus pluvialis,4384.071282,0,19.442,180.1,0.09,8.19,4.67,9.12,10.55
21,D29MTP21Exp22022,2,29,2022,22022,8/16/2022,Week4,1,0,Haematococcus pluvialis,13253.16504,0,19.506,189.6,0.09,8.42,4.25,9.18,12.07
1,D0MTP1Exp32022,3,0,2022,32022,9/19/2022,Day0,0,0,Chrysosphaerella sp.,1712.357473,0,17.32,188.2,0.09,7.65,8.03,9.33,6.1
1,D7MTP1Exp32022,3,7,2022,32022,9/26/2022,Week1,0,0,Chrysosphaerella sp.,19973.89322,0,17.74,191.3,0.09,7.92,6.02,9.31,55.52
1,D14MTP1Exp32022,3,14,2022,32022,10/3/2022,Week2,0,0,Chrysosphaerella sp.,10210.67656,0,17.95,195,0.09,8.02,3.76,9.32,11.25
1,D21MTP1Exp32022,3,21,2022,32022,10/10/2022,Week3,0,0,Chrysosphaerella sp.,7557.757667,0,18.263,197.9,0.09,7.72,4.04,9.28,22.68
1,D28MTP1Exp32022,3,28,2022,32022,10/17/2022,Week4,0,0,Chrysosphaerella sp.,12478.6915,0,17.394,201.3,0.1,7.88,2.13,9.34,10.67
2,D0MTP2Exp32022,3,0,2022,32022,9/19/2022,Day0,10,12.87248485,Chrysosphaerella sp.,1681.092565,0.76572136,17.324,188,0.09,7.59,7.31,9.41,6.06
2,D7MTP2Exp32022,3,7,2022,32022,9/26/2022,Week1,10,0,Chrysosphaerella sp.,15030.44274,0,17.935,190.8,0.09,8.16,7.55,9.25,70.31
2,D14MTP2Exp32022,3,14,2022,32022,10/3/2022,Week2,10,0,Chrysosphaerella sp.,13976.18123,0,18.271,191.1,0.09,8.05,4.03,9.2,46.78
2,D21MTP2Exp32022,3,21,2022,32022,10/10/2022,Week3,10,0,Chrysosphaerella sp.,5821.223704,0,17.829,197.4,0.09,8.07,3.53,8.92,7.39
2,D28MTP2Exp32022,3,28,2022,32022,10/17/2022,Week4,10,0,Chrysosphaerella sp.,5266.016529,0,17.147,204.7,0.1,7.89,2.93,9.34,15.32
3,D0MTP3Exp32022,3,0,2022,32022,9/19/2022,Day0,100,114.2368924,Chrysosphaerella sp.,1494.810892,7.642230399,17.376,188.1,0.09,7.63,8.02,9.2,5.65
3,D7MTP3Exp32022,3,7,2022,32022,9/26/2022,Week1,100,4.388347107,Chrysosphaerella sp.,5374.726233,0.081647826,18.072,198.6,0.09,8.32,4.57,9.13,31.75
3,D14MTP3Exp32022,3,14,2022,32022,10/3/2022,Week2,100,4.406556017,Chrysosphaerella sp.,4265.546224,0.103305785,18.091,196.4,0.09,8.07,5.25,9.18,25.61
3,D21MTP3Exp32022,3,21,2022,32022,10/10/2022,Week3,100,0,Chrysosphaerella sp.,6126.482231,0,17.7788,197.2,0.09,8.14,3.57,8.97,8.08
3,D28MTP3Exp32022,3,28,2022,32022,10/17/2022,Week4,100,0,Chrysosphaerella sp.,4125.088578,0,17.703,196.8,0.09,8.29,1.48,9.22,9.19
4,D0MTP4Exp32022,3,0,2022,32022,9/19/2022,Day0,0,0,Chrysosphaerella sp.,1303.440716,0,17.38,188.1,0.09,7.68,7.64,9.37,6.14
4,D7MTP4Exp32022,3,7,2022,32022,9/26/2022,Week1,0,0,Chrysosphaerella sp.,14592.55109,0,17.883,192.2,0.09,8.05,6.53,9.28,50.99
4,D14MTP4Exp32022,3,14,2022,32022,10/3/2022,Week2,0,4.222584493,Chrysosphaerella sp.,19331.41239,0.021843125,18.241,197.1,0.09,7.91,4.83,9.23,11.14
4,D21MTP4Exp32022,3,21,2022,32022,10/10/2022,Week3,0,0,Chrysosphaerella sp.,6431.35088,0,17.913,192.2,0.09,8.18,2.8,8.98,6.73
4,D28MTP4Exp32022,3,28,2022,32022,10/17/2022,Week4,0,0,Chrysosphaerella sp.,8143.334034,0,17.572,206.1,0.1,8.2,1.55,9.28,20.79
5,D0MTP5Exp32022,3,0,2022,32022,9/19/2022,Day0,0,0,Chrysosphaerella sp.,1303.042945,0,17.405,188.1,0.09,7.66,7.38,9.3,6.02
5,D7MTP5Exp32022,3,7,2022,32022,9/26/2022,Week1,0,0,Chrysosphaerella sp.,20902.46349,0,18.075,190.8,0.09,8.17,6.42,9.23,73.51
5,D14MTP5Exp32022,3,14,2022,32022,10/2/2022,Week2,0,0,Chrysosphaerella sp.,9386.532903,0,18.098,199.2,0.09,8.39,4.03,9.13,9.26
5,D21MTP5Exp32022,3,21,2022,32022,10/10/2022,Week3,0,0,Chrysosphaerella sp.,4550.091629,0,17.905,196.6,0.09,8.1,2.27,8.97,7.45
5,D28MTP5Exp32022,3,28,2022,32022,10/17/2022,Week4,0,0,Chrysosphaerella sp.,3206.232611,0,17.34,204.3,0.1,8,1.42,9.39,4.9
6,D0MTP6Exp32022,3,0,2022,32022,9/19/2022,Day0,100,81.52573737,Chrysosphaerella sp.,1223.696064,6.662253788,17.42,188.1,0.09,7.64,8.05,9.23,6.02
6,D7MTP6Exp32022,3,7,2022,32022,9/26/2022,Week1,100,0,Chrysosphaerella sp.,6643.74688,0,18.177,187.8,0.09,8.3,6.74,9.23,37.32
6,D14MTP6Exp32022,3,14,2022,32022,10/3/2022,Week2,100,0,Chrysosphaerella sp.,6805.341224,0,18.42,229.1,0.11,8.27,2.74,8.93,7.19
6,D21MTP6Exp32022,3,21,2022,32022,10/10/2022,Week3,100,0,Chrysosphaerella sp.,9413.600494,0,17.789,197.4,0.09,8.16,2.73,9.07,4.34
6,D28MTP6Exp32022,3,28,2022,32022,10/17/2022,Week4,100,0,Chrysosphaerella sp.,4131.283638,0,17.588,198.5,0.09,8.04,1.08,9.36,11.9
7,D0MTP7Exp32022,3,0,2022,32022,9/19/2022,Day0,10,17.73661795,Chrysosphaerella sp.,1418.892866,1.250032217,17.445,188.1,0.09,7.73,7.67,9.43,5.82
7,D7MTP7Exp32022,3,7,2022,32022,9/26/2022,Week1,10,0,Chrysosphaerella sp.,35968.61241,0,18.137,194.8,0.09,8.03,6.47,9.13,50.13
7,D14MTP7Exp32022,3,14,2022,32022,10/3/2022,Week2,10,0,Chrysosphaerella sp.,7982.259508,0,18.181,196.1,0.09,8.01,5.34,9.22,35.09
7,D21MTP7Exp32022,3,21,2022,32022,10/10/2022,Week3,10,0,Chrysosphaerella sp.,4684.465138,0,18.08,196.8,0.09,8.28,2.1,8.88,6.25
7,D28MTP7Exp32022,3,28,2022,32022,10/17/2022,Week4,10,0,Chrysosphaerella sp.,3033.525363,0,17.049,207.4,0.1,7.89,2.74,9.43,8.3
8,D0MTP8Exp32022,3,0,2022,32022,9/19/2022,Day0,100,112.0141176,Chrysosphaerella sp.,1452.225663,7.713272154,17.491,188.3,0.09,7.46,7.28,9.22,6.02
8,D7MTP8Exp32022,3,7,2022,32022,9/26/2022,Week1,100,0,Chrysosphaerella sp.,4270.019918,0,18.14,193.8,0.09,8.08,7.04,9.27,69.15
8,D14MTP8Exp32022,3,14,2022,32022,10/3/2022,Week2,100,0,Chrysosphaerella sp.,7686.297869,0,18.407,196.4,0.09,8.09,2.75,8.83,7.49
8,D21MTP8Exp32022,3,21,2022,32022,10/10/2022,Week3,100,0,Chrysosphaerella sp.,3607.221322,0,17.858,200.5,0.09,8.09,5.57,8.98,6.19
8,D28MTP8Exp32022,3,28,2022,32022,10/17/2022,Week4,100,0,Chrysosphaerella sp.,3578.767968,0,17.834,202.4,0.1,7.9,2.17,9.23,20.41
9,D0MTP9Exp32022,3,0,2022,32022,9/19/2022,Day0,1,21.58495935,Chrysosphaerella sp.,1831.969293,1.178238054,17.482,188.3,0.09,7.65,7.48,9.21,6.34
9,D7MTP9Exp32022,3,7,2022,32022,9/26/2022,Week1,1,8.704754098,Chrysosphaerella sp.,11207.83851,0.077666662,18.286,191.8,0.09,8.4,5.59,9.31,39.67
9,D14MTP9Exp32022,3,14,2022,32022,10/3/2022,Week2,1,0,Chrysosphaerella sp.,4053.223667,0,18.705,193.8,0.09,8.1,8.92,8.94,12.73
9,D21MTP9Exp32022,3,21,2022,32022,10/10/2022,Week3,1,0,Chrysosphaerella sp.,4871.550809,0,18.165,196,0.09,8.34,3.37,8.91,6.85
9,D28MTP9Exp32022,3,28,2022,32022,10/17/2022,Week4,1,0,Chrysosphaerella sp.,4572.015041,0,18.021,200.4,0.09,7.96,1.17,9.12,7.05
10,D0MTP10Exp32022,3,0,2022,32022,9/19/2022,Day0,10,21.94173554,Chrysosphaerella sp.,1215.890145,1.804582069,17.447,188.2,0.09,7.73,7.93,9.44,6.12
10,D7MTP10Exp32022,3,7,2022,32022,9/26/2022,Week1,10,0,Chrysosphaerella sp.,71499.93911,0,18.015,192.7,0.09,8.06,7.52,9.23,47.89
10,D14MTP10Exp32022,3,14,2022,32022,10/3/2022,Week2,10,13.03042945,Chrysosphaerella sp.,20285.98531,0.064233653,18.084,196.6,0.09,7.76,5.08,8.83,35.91
10,D21MTP10Exp32022,3,21,2022,32022,10/10/2022,Week3,10,0,Chrysosphaerella sp.,5142.218947,0,18.191,195.9,0.09,8.19,3.35,8.85,5.35
10,D28MTP10Exp32022,3,28,2022,32022,10/17/2022,Week4,10,0,Chrysosphaerella sp.,1461.301748,0,17.253,228.1,0.1,8,1.96,9.36,11.91
12,D0MTP12Exp32022,3,0,2022,32022,9/19/2022,Day0,30,38.61745455,Chrysosphaerella sp.,1335.396278,2.891834819,17.466,188.1,0.09,7.75,7.4,9.42,5.55
12,D7MTP12Exp32022,3,7,2022,32022,9/26/2022,Week1,30,4.31699187,Chrysosphaerella sp.,13352.45585,0.03233107,18.08,191.8,0.09,7.91,7.38,9.29,75.08
12,D14MTP12Exp32022,3,14,2022,32022,10/3/2022,Week2,30,0,Chrysosphaerella sp.,19237.00914,0,18.512,234.1,0.12,8.35,3.69,9.26,25.12
12,D21MTP12Exp32022,3,21,2022,32022,10/10/2022,Week3,30,0,Chrysosphaerella sp.,8201.341345,0,17.577,199.2,0.09,8.13,3.62,9.12,8.35
12,D28MTP12Exp32022,3,28,2022,32022,10/17/2022,Week4,30,0,Chrysosphaerella sp.,5103.403889,0,17.475,216.6,0.1,8.09,0.94,9.23,19.46
13,D0MTP13Exp32022,3,0,2022,32022,9/19/2022,Day0,1,4.230996016,Chrysosphaerella sp.,1390.771176,0.304219421,17.484,188.3,0.09,7.68,7.36,9.28,5.69
13,D7MTP13Exp32022,3,7,2022,32022,9/26/2022,Week1,1,0,Chrysosphaerella sp.,21398.23602,0,18.261,191.8,0.09,8.13,7.62,9.26,67.21
13,D14MTP13Exp32022,3,14,2022,32022,10/3/2022,Week2,1,0,Chrysosphaerella sp.,5607.609874,0,18.321,196.5,0.09,8.22,2.57,9.07,5.81
13,D21MTP13Exp32022,3,21,2022,32022,10/10/2022,Week3,1,0,Chrysosphaerella sp.,5199.45408,0,17.739,206.9,0.1,8.11,2.32,9.08,10.16
13,D28MTP13Exp32022,3,28,2022,32022,10/17/2022,Week4,1,0,Chrysosphaerella sp.,4247.92,0,17.921,203.4,0.1,8.07,1.27,9.16,11.13
14,D0MTP14Exp32022,3,0,2022,32022,9/19/2022,Day0,100,87.04754098,Chrysosphaerella sp.,1174.772511,7.409735944,17.472,188.3,0.09,7.69,7.55,9.23,6.34
14,D7MTP14Exp32022,3,7,2022,32022,9/26/2022,Week1,100,4.52869936,Chrysosphaerella sp.,10208.20592,0.044363323,18.239,190,0.09,8,7.75,9.42,64.23
14,D14MTP14Exp32022,3,14,2022,32022,10/3/2022,Week2,100,4.557854077,Chrysosphaerella sp.,6777.529013,0.067249496,18.548,191.9,0.09,8.06,2.32,9.09,10.86
14,D21MTP14Exp32022,3,21,2022,32022,10/10/2022,Week3,100,0,Chrysosphaerella sp.,4685.473991,0,18.071,199.5,0.09,8.07,1.94,8.93,6.42
14,D28MTP14Exp32022,3,28,2022,32022,10/17/2022,Week4,100,0,Chrysosphaerella sp.,2998.531765,0,17.892,202.7,0.1,7.98,1.2,9.12,7.38
15,D0MTP15Exp32022,3,0,2022,32022,9/19/2022,Day0,30,35.39933333,Chrysosphaerella sp.,1520.025919,2.328863797,17.378,188.1,0.09,7.8,7.54,9.44,5.9
15,D7MTP15Exp32022,3,7,2022,32022,9/26/2022,Week1,30,0,Chrysosphaerella sp.,13656.5362,0,17.65,193.5,0.09,7.9,7.66,9.32,47.29
15,D14MTP15Exp32022,3,14,2022,32022,10/3/2022,Week2,30,0,Chrysosphaerella sp.,8453.018226,0,17.93,200.3,0.09,7.81,4.74,9.32,37.43
15,D21MTP15Exp32022,3,21,2022,32022,10/10/2022,Week3,30,0,Chrysosphaerella sp.,7820.034545,0,17.972,197.6,0.09,8.17,1.86,8.92,5.82
15,D28MTP15Exp32022,3,28,2022,32022,10/17/2022,Week4,30,0,Chrysosphaerella sp.,751.1565854,0,17.166,215.1,0.1,7.97,1.18,9.23,10.5
16,D0MTP16Exp32022,3,0,2022,32022,9/19/2022,Day0,1,8.63398374,Chrysosphaerella sp.,1041.911822,0.828667413,17.373,188.3,0.09,7.78,7.26,9.45,5.48
16,D7MTP16Exp32022,3,7,2022,32022,9/26/2022,Week1,1,0,Chrysosphaerella sp.,22248.03479,0,17.996,193.1,0.09,8.13,7.14,9.14,71.73
16,D14MTP16Exp32022,3,14,2022,32022,10/3/2022,Week2,1,4.273561368,Chrysosphaerella sp.,12587.89372,0.033949773,18.107,198.5,0.09,7.78,4.46,9.15,33.15
16,D21MTP16Exp32022,3,21,2022,32022,10/10/2022,Week3,1,0,Chrysosphaerella sp.,5156.939918,0,17.443,207.5,0.1,8.09,2.48,9.16,11.74
16,D28MTP16Exp32022,3,28,2022,32022,10/17/2022,Week4,1,0,Chrysosphaerella sp.,2367.232952,0,17.448,212.5,0.1,7.85,1.36,9.22,7.39
17,D0MTP17Exp32022,3,0,2022,32022,9/19/2022,Day0,10,17.37390593,Chrysosphaerella sp.,802.5954817,2.164715143,17.407,188.4,0.09,7.79,7.69,9.43,6.6
17,D7MTP17Exp32022,3,7,2022,32022,9/26/2022,Week1,10,0,Chrysosphaerella sp.,25880.84593,0,18.151,193,0.09,7.83,7.27,9.13,71.91
17,D14MTP17Exp32022,3,14,2022,32022,10/3/2022,Week2,10,0,Chrysosphaerella sp.,19461.20492,0,18.101,198.5,0.09,7.71,3.22,9.11,19.72
17,D21MTP17Exp32022,3,21,2022,32022,10/10/2022,Week3,10,0,Chrysosphaerella sp.,12685.68297,0,17.613,203.9,0.1,8.15,2.75,9.07,7.23
17,D28MTP17Exp32022,3,28,2022,32022,10/17/2022,Week4,10,0,Chrysosphaerella sp.,10488.69136,0,17.618,208,0.1,8.05,1.12,9.24,13.95
18,D0MTP18Exp32022,3,0,2022,32022,9/19/2022,Day0,0,0,Chrysosphaerella sp.,1204.440732,0,17.452,188.2,0.09,7.77,7.59,9.44,6.86
18,D7MTP18Exp32022,3,7,2022,32022,9/26/2022,Week1,0,0,Chrysosphaerella sp.,11426.9048,0,18.134,194,0.09,7.74,7.21,9.16,56.61
18,D14MTP18Exp32022,3,14,2022,32022,10/3/2022,Week2,0,0,Chrysosphaerella sp.,11619.31059,0,18.349,197.1,0.09,7.97,4,9.24,34.03
18,D21MTP18Exp32022,3,21,2022,32022,10/10/2022,Week3,0,0,Chrysosphaerella sp.,5737.335934,0,17.938,206.7,0.1,8.12,2.71,8.94,8.62
18,D28MTP18Exp32022,3,28,2022,32022,10/17/2022,Week4,0,0,Chrysosphaerella sp.,12342.85189,0,17.479,210.4,0.1,7.71,1.7,9.38,19.39
19,D0MTP19Exp32022,3,0,2022,32022,9/19/2022,Day0,30,35.1794617,Chrysosphaerella sp.,1256.401551,2.800017373,17.553,188.1,0.09,7.7,7.13,9.31,5.79
19,D7MTP19Exp32022,3,7,2022,32022,9/26/2022,Week1,30,0,Chrysosphaerella sp.,16408.46148,0,18.203,192.1,0.09,7.96,7.46,9.26,63.67
19,D14MTP19Exp32022,3,14,2022,32022,10/3/2022,Week2,30,0,Chrysosphaerella sp.,24343.145,0,18.351,197.7,0.09,7.79,3.31,9.15,11.23
19,D21MTP19Exp32022,3,21,2022,32022,10/10/2022,Week3,30,0,Chrysosphaerella sp.,6930.816842,0,17.688,203.2,0.1,8.16,3.17,9.05,10.02
19,D28MTP19Exp32022,3,28,2022,32022,10/17/2022,Week4,30,0,Chrysosphaerella sp.,4283.616807,0,17.269,210,0.1,8.02,2.15,9.37,15.78
20,D0MTP20Exp32022,3,0,2022,32022,9/19/2022,Day0,1,4.308235294,Chrysosphaerella sp.,1106.482697,0.389363097,17.526,188.2,0.09,7.4,7.44,9.39,6.01
20,D7MTP20Exp32022,3,7,2022,32022,9/26/2022,Week1,1,0,Chrysosphaerella sp.,19115.64,0,18.221,193.1,0.09,7.88,7.76,8.9,78.6
20,D14MTP20Exp32022,3,14,2022,32022,10/10/2022,Week2,1,0,Chrysosphaerella sp.,9200.888963,0,17.581,201.8,0.1,8.05,3.24,9.07,7.54
20,D21MTP20Exp32022,3,21,2022,32022,10/10/2022,Week3,1,0,Chrysosphaerella sp.,9722.226946,0,17.731,201.3,0.1,8.02,3.14,9.09,9.13
20,D28MTP20Exp32022,3,28,2022,32022,10/17/2022,Week4,1,0,Chrysosphaerella sp.,6760.519489,0,17.226,209.4,0.1,7.92,1.75,9.24,15.61
21,D0MTP21Exp32022,3,0,2022,32022,9/19/2022,Day0,30,13.00383673,Chrysosphaerella sp.,1425.327754,0.912340105,17.648,188.3,0.09,7.86,7.36,9.4,6.14
21,D7MTP21Exp32022,3,7,2022,32022,9/26/2022,Week1,30,4.290828283,Chrysosphaerella sp.,18569.59301,0.023106744,18.042,193.5,0.09,7.97,7.71,9.12,87.12
21,D14MTP21Exp32022,3,14,2022,32022,10/3/2022,Week2,30,4.256432866,Chrysosphaerella sp.,11133.1047,0.038232218,18.294,197.2,0.09,7.63,3.54,9.29,11.97
21,D21MTP21Exp32022,3,21,2022,32022,10/10/2022,Week3,30,0,Chrysosphaerella sp.,8719.886414,0,17.662,202,0.1,8.08,2.26,9.11,6.89
21,D28MTP21Exp32022,3,28,2022,32022,10/17/2022,Week4,30,0,Chrysosphaerella sp.,2412.81856,0,17.387,209.2,0.1,7.69,0.98,9.4,10.91
