Day,Tankno,Experiment,Year,Diluted,DilutionFactor,Ct,Replicate,Run,Conversion,VolumeFilteredL
2,1,3,2021,Y,1,NA,1,11.29.23,0.86,1
2,1,3,2021,Y,1,NA,2,11.29.23,0.86,1
2,1,3,2021,Y,1,NA,3,11.29.23,0.86,1
2,1,3,2021,Y,1,NA,4,11.29.23,0.86,1
2,1,3,2021,Y,1,NA,5,11.29.23,0.86,1
2,1,3,2021,Y,1,NA,6,11.29.23,0.86,1
2,2,3,2021,Y,1,NA,1,11.29.23,0.86,1
2,2,3,2021,Y,1,NA,2,11.29.23,0.86,1
2,2,3,2021,Y,1,NA,3,11.29.23,0.86,1
2,2,3,2021,Y,1,NA,4,11.29.23,0.86,1
2,2,3,2021,Y,1,NA,5,11.29.23,0.86,1
2,2,3,2021,Y,1,NA,6,11.29.23,0.86,1
2,3,3,2021,Y,1,NA,1,11.29.23,0.86,1
2,3,3,2021,Y,1,NA,2,11.29.23,0.86,1
2,3,3,2021,Y,1,NA,3,11.29.23,0.86,1
2,3,3,2021,Y,1,NA,4,11.29.23,0.86,1
2,3,3,2021,Y,1,NA,5,11.29.23,0.86,1
2,3,3,2021,Y,1,NA,6,11.29.23,0.86,1
2,4,3,2021,Y,1,NA,1,11.29.23,0.86,1
2,4,3,2021,Y,1,NA,2,11.29.23,0.86,1
2,4,3,2021,Y,1,NA,3,11.29.23,0.86,1
2,4,3,2021,Y,1,NA,4,11.29.23,0.86,1
2,4,3,2021,Y,1,NA,5,11.29.23,0.86,1
2,4,3,2021,Y,1,NA,6,11.29.23,0.86,1
2,5,3,2021,N,1,NA,1,11.29.23,0.86,1
2,5,3,2021,N,1,NA,2,11.29.23,0.86,1
2,5,3,2021,N,1,NA,3,11.29.23,0.86,1
2,5,3,2021,N,1,NA,4,11.29.23,0.86,1
2,5,3,2021,N,1,NA,5,11.29.23,0.86,1
2,5,3,2021,N,1,NA,6,11.29.23,0.86,1
2,6,3,2021,N,1,NA,1,11.29.23,0.86,1
2,6,3,2021,N,1,NA,2,11.29.23,0.86,1
2,6,3,2021,N,1,NA,3,11.29.23,0.86,1
2,6,3,2021,N,1,NA,4,11.29.23,0.86,1
2,6,3,2021,N,1,NA,5,11.29.23,0.86,1
2,6,3,2021,N,1,NA,6,11.29.23,0.86,1
2,7,3,2021,N,1,NA,1,11.29.23,0.86,1
2,7,3,2021,N,1,NA,2,11.29.23,0.86,1
2,7,3,2021,N,1,NA,3,11.29.23,0.86,1
2,7,3,2021,N,1,NA,4,11.29.23,0.86,1
2,7,3,2021,N,1,NA,5,11.29.23,0.86,1
2,7,3,2021,N,1,NA,6,11.29.23,0.86,1
2,8,3,2021,N,1,NA,1,11.29.23,0.86,1
2,8,3,2021,N,1,NA,2,11.29.23,0.86,1
2,8,3,2021,N,1,NA,3,11.29.23,0.86,1
2,8,3,2021,N,1,NA,4,11.29.23,0.86,1
2,8,3,2021,N,1,NA,5,11.29.23,0.86,1
2,8,3,2021,N,1,NA,6,11.29.23,0.86,1
2,9,3,2021,N,1,NA,1,11.30.23,0.36,1
2,9,3,2021,N,1,NA,2,11.30.23,0.36,1
2,9,3,2021,N,1,NA,3,11.30.23,0.36,1
2,9,3,2021,N,1,NA,4,11.30.23,0.36,1
2,9,3,2021,N,1,NA,5,11.30.23,0.36,1
2,9,3,2021,N,1,NA,6,11.30.23,0.36,1
2,10,3,2021,N,1,NA,1,11.29.23,0.86,1
2,10,3,2021,N,1,NA,2,11.29.23,0.86,1
2,10,3,2021,N,1,NA,3,11.29.23,0.86,1
2,10,3,2021,N,1,NA,4,11.29.23,0.86,1
2,10,3,2021,N,1,NA,5,11.29.23,0.86,1
2,10,3,2021,N,1,NA,6,11.29.23,0.86,1
2,11,3,2021,N,1,NA,1,11.29.23,0.86,1
2,11,3,2021,N,1,NA,2,11.29.23,0.86,1
2,11,3,2021,N,1,NA,3,11.29.23,0.86,1
2,11,3,2021,N,1,NA,4,11.29.23,0.86,1
2,11,3,2021,N,1,NA,5,11.29.23,0.86,1
2,11,3,2021,N,1,NA,6,11.29.23,0.86,1
2,11,3,2021,N,1,NA,1,U3,-0.74,1
2,11,3,2021,N,1,NA,2,U3,-0.74,1
2,11,3,2021,N,1,NA,3,U3,-0.74,1
2,11,3,2021,N,1,NA,4,U3,-0.74,1
2,11,3,2021,N,1,NA,5,U3,-0.74,1
2,11,3,2021,N,1,NA,6,U3,-0.74,1
2,11,3,2021,N,1,NA,7,U3,-0.74,1
2,12,3,2021,N,1,NA,1,11.29.23,0.86,1
2,12,3,2021,N,1,NA,2,11.29.23,0.86,1
2,12,3,2021,N,1,NA,3,11.29.23,0.86,1
2,12,3,2021,N,1,NA,4,11.29.23,0.86,1
2,12,3,2021,N,1,NA,5,11.29.23,0.86,1
2,12,3,2021,N,1,NA,6,11.29.23,0.86,1
2,13,3,2021,Y,1,NA,1,11.30.23,0.36,1
2,13,3,2021,Y,1,NA,2,11.30.23,0.36,1
2,13,3,2021,Y,1,NA,3,11.30.23,0.36,1
2,13,3,2021,Y,1,NA,4,11.30.23,0.36,1
2,13,3,2021,Y,1,NA,5,11.30.23,0.36,1
2,13,3,2021,Y,1,NA,6,11.30.23,0.36,1
2,14,3,2021,N,1,NA,1,11.30.23,0.36,1
2,14,3,2021,N,1,NA,2,11.30.23,0.36,1
2,14,3,2021,N,1,NA,3,11.30.23,0.36,1
2,14,3,2021,N,1,NA,4,11.30.23,0.36,1
2,14,3,2021,N,1,NA,5,11.30.23,0.36,1
2,14,3,2021,N,1,NA,6,11.30.23,0.36,1
2,14,3,2021,N,1,NA,1,U3,-0.74,1
2,14,3,2021,N,1,NA,2,U3,-0.74,1
2,14,3,2021,N,1,NA,3,U3,-0.74,1
2,14,3,2021,N,1,NA,4,U3,-0.74,1
2,14,3,2021,N,1,NA,5,U3,-0.74,1
2,14,3,2021,N,1,NA,6,U3,-0.74,1
2,14,3,2021,N,1,NA,7,U3,-0.74,1
2,15,3,2021,N,1,NA,1,11.30.23,0.36,1
2,15,3,2021,N,1,NA,2,11.30.23,0.36,1
2,15,3,2021,N,1,NA,3,11.30.23,0.36,1
2,15,3,2021,N,1,NA,4,11.30.23,0.36,1
2,15,3,2021,N,1,NA,5,11.30.23,0.36,1
2,15,3,2021,N,1,NA,6,11.30.23,0.36,1
2,16,3,2021,N,1,NA,1,12.1.23,-1.2,1
2,16,3,2021,N,1,NA,2,12.1.23,-1.2,1
2,16,3,2021,N,1,NA,3,12.1.23,-1.2,1
2,16,3,2021,N,1,NA,4,12.1.23,-1.2,1
2,16,3,2021,N,1,NA,5,12.1.23,-1.2,1
2,16,3,2021,N,1,NA,6,12.1.23,-1.2,1
2,17,3,2021,Y,1,NA,1,11.30.23,0.36,1
2,17,3,2021,Y,1,NA,2,11.30.23,0.36,1
2,17,3,2021,Y,1,NA,3,11.30.23,0.36,1
2,17,3,2021,Y,1,NA,4,11.30.23,0.36,1
2,17,3,2021,Y,1,NA,5,11.30.23,0.36,1
2,17,3,2021,Y,1,NA,6,11.30.23,0.36,1
2,18,3,2021,Y,1,NA,1,11.30.23,0.36,1
2,18,3,2021,Y,1,NA,2,11.30.23,0.36,1
2,18,3,2021,Y,1,NA,3,11.30.23,0.36,1
2,18,3,2021,Y,1,NA,4,11.30.23,0.36,1
2,18,3,2021,Y,1,NA,5,11.30.23,0.36,1
2,18,3,2021,Y,1,NA,6,11.30.23,0.36,1
2,19,3,2021,Y,1,NA,1,11.30.23,0.36,1
2,19,3,2021,Y,1,NA,2,11.30.23,0.36,1
2,19,3,2021,Y,1,NA,3,11.30.23,0.36,1
2,19,3,2021,Y,1,NA,4,11.30.23,0.36,1
2,19,3,2021,Y,1,NA,5,11.30.23,0.36,1
2,19,3,2021,Y,1,NA,6,11.30.23,0.36,1
2,20,3,2021,Y,1,NA,1,11.30.23,0.36,1
2,20,3,2021,Y,1,NA,2,11.30.23,0.36,1
2,20,3,2021,Y,1,NA,3,11.30.23,0.36,1
2,20,3,2021,Y,1,NA,4,11.30.23,0.36,1
2,20,3,2021,Y,1,NA,5,11.30.23,0.36,1
2,20,3,2021,Y,1,NA,6,11.30.23,0.36,1
2,21,3,2021,Y,1,NA,1,11.30.23,0.36,1
2,21,3,2021,Y,1,NA,2,11.30.23,0.36,1
2,21,3,2021,Y,1,NA,3,11.30.23,0.36,1
2,21,3,2021,Y,1,NA,4,11.30.23,0.36,1
2,21,3,2021,Y,1,NA,5,11.30.23,0.36,1
2,21,3,2021,Y,1,NA,6,11.30.23,0.36,1
2,22,3,2021,Y,1,NA,1,11.30.23,0.36,1
2,22,3,2021,Y,1,NA,2,11.30.23,0.36,1
2,22,3,2021,Y,1,NA,3,11.30.23,0.36,1
2,22,3,2021,Y,1,NA,4,11.30.23,0.36,1
2,22,3,2021,Y,1,NA,5,11.30.23,0.36,1
2,22,3,2021,Y,1,NA,6,11.30.23,0.36,1
3,1,3,2021,N,1,NA,1,1.19.24,-1.09,1
3,1,3,2021,N,1,NA,2,1.19.24,-1.09,1
3,1,3,2021,N,1,46.55338287,3,1.19.24,-1.09,1
3,1,3,2021,N,1,NA,4,1.19.24,-1.09,1
3,1,3,2021,N,1,NA,5,1.19.24,-1.09,1
3,1,3,2021,N,1,NA,6,1.19.24,-1.09,1
3,1,3,2021,N,1,NA,7,1.19.24,-1.09,1
3,1,3,2021,N,1,NA,8,1.19.24,-1.09,1
3,3,3,2021,N,1,NA,1,12.1.23,-1.2,1
3,3,3,2021,N,1,NA,2,12.1.23,-1.2,1
3,3,3,2021,N,1,NA,3,12.1.23,-1.2,1
3,3,3,2021,N,1,NA,4,12.1.23,-1.2,1
3,3,3,2021,N,1,NA,5,12.1.23,-1.2,1
3,3,3,2021,N,1,NA,6,12.1.23,-1.2,1
3,4,3,2021,N,1,NA,1,12.1.23,-1.2,1
3,4,3,2021,N,1,NA,2,12.1.23,-1.2,1
3,4,3,2021,N,1,NA,3,12.1.23,-1.2,1
3,4,3,2021,N,1,NA,4,12.1.23,-1.2,1
3,4,3,2021,N,1,NA,5,12.1.23,-1.2,1
3,4,3,2021,N,1,NA,6,12.1.23,-1.2,1
3,5,3,2021,N,1,NA,1,12.1.23,-1.2,1
3,5,3,2021,N,1,NA,2,12.1.23,-1.2,1
3,5,3,2021,N,1,NA,3,12.1.23,-1.2,1
3,5,3,2021,N,1,NA,4,12.1.23,-1.2,1
3,5,3,2021,N,1,NA,5,12.1.23,-1.2,1
3,5,3,2021,N,1,NA,6,12.1.23,-1.2,1
3,6,3,2021,N,1,NA,1,12.1.23,-1.2,1
3,6,3,2021,N,1,NA,2,12.1.23,-1.2,1
3,6,3,2021,N,1,NA,3,12.1.23,-1.2,1
3,6,3,2021,N,1,NA,4,12.1.23,-1.2,1
3,6,3,2021,N,1,NA,5,12.1.23,-1.2,1
3,6,3,2021,N,1,NA,6,12.1.23,-1.2,1
3,7,3,2021,Y,1,NA,1,12.1.23,-1.2,1
3,7,3,2021,Y,1,NA,2,12.1.23,-1.2,1
3,7,3,2021,Y,1,NA,3,12.1.23,-1.2,1
3,7,3,2021,Y,1,NA,4,12.1.23,-1.2,1
3,7,3,2021,Y,1,NA,5,12.1.23,-1.2,1
3,7,3,2021,Y,1,NA,6,12.1.23,-1.2,1
3,8,3,2021,N,1,NA,1,12.1.23,-1.2,1
3,8,3,2021,N,1,NA,2,12.1.23,-1.2,1
3,8,3,2021,N,1,NA,3,12.1.23,-1.2,1
3,8,3,2021,N,1,NA,4,12.1.23,-1.2,1
3,8,3,2021,N,1,NA,5,12.1.23,-1.2,1
3,8,3,2021,N,1,NA,6,12.1.23,-1.2,1
3,9,3,2021,N,1,NA,1,U2,-1.55,1
3,9,3,2021,N,1,38.81200027,2,U2,-1.55,1
3,9,3,2021,N,1,40.45107651,3,U2,-1.55,1
3,9,3,2021,N,1,45.13552475,4,U2,-1.55,1
3,9,3,2021,N,1,NA,5,U2,-1.55,1
3,9,3,2021,N,1,NA,6,U2,-1.55,1
3,9,3,2021,N,1,NA,7,U2,-1.55,1
3,10,3,2021,N,1,NA,1,12.1.23,-1.2,1
3,10,3,2021,N,1,NA,2,12.1.23,-1.2,1
3,10,3,2021,N,1,NA,3,12.1.23,-1.2,1
3,10,3,2021,N,1,NA,4,12.1.23,-1.2,1
3,10,3,2021,N,1,NA,5,12.1.23,-1.2,1
3,10,3,2021,N,1,NA,6,12.1.23,-1.2,1
3,11,3,2021,N,1,NA,1,1.22.24,-1.66,1
3,11,3,2021,N,1,NA,2,1.22.24,-1.66,1
3,11,3,2021,N,1,NA,3,1.22.24,-1.66,1
3,11,3,2021,N,1,47.56604385,4,1.22.24,-1.66,1
3,11,3,2021,N,1,NA,5,1.22.24,-1.66,1
3,11,3,2021,N,1,NA,6,1.22.24,-1.66,1
3,11,3,2021,N,1,NA,7,1.22.24,-1.66,1
3,11,3,2021,N,1,NA,8,1.22.24,-1.66,1
3,12,3,2021,N,1,NA,1,12.1.23,-1.2,1
3,12,3,2021,N,1,49.87965393,2,12.1.23,-1.2,1
3,12,3,2021,N,1,NA,3,12.1.23,-1.2,1
3,12,3,2021,N,1,NA,4,12.1.23,-1.2,1
3,12,3,2021,N,1,NA,5,12.1.23,-1.2,1
3,12,3,2021,N,1,NA,6,12.1.23,-1.2,1
3,14,3,2021,N,1,NA,1,12.1.23,-1.2,1
3,14,3,2021,N,1,NA,2,12.1.23,-1.2,1
3,14,3,2021,N,1,NA,3,12.1.23,-1.2,1
3,14,3,2021,N,1,NA,4,12.1.23,-1.2,1
3,14,3,2021,N,1,NA,5,12.1.23,-1.2,1
3,14,3,2021,N,1,NA,6,12.1.23,-1.2,1
3,15,3,2021,N,1,NA,1,12.1.23,-1.2,1
3,15,3,2021,N,1,45.66950607,2,12.1.23,-1.2,1
3,15,3,2021,N,1,NA,3,12.1.23,-1.2,1
3,15,3,2021,N,1,NA,4,12.1.23,-1.2,1
3,15,3,2021,N,1,NA,5,12.1.23,-1.2,1
3,15,3,2021,N,1,NA,6,12.1.23,-1.2,1
3,16,3,2021,N,1,NA,1,12.5.23,0.09,1
3,16,3,2021,N,1,47.96225357,2,12.5.23,0.09,1
3,16,3,2021,N,1,NA,3,12.5.23,0.09,1
3,16,3,2021,N,1,NA,4,12.5.23,0.09,1
3,16,3,2021,N,1,NA,5,12.5.23,0.09,1
3,16,3,2021,N,1,NA,6,12.5.23,0.09,1
3,18,3,2021,N,1,NA,1,1.22.24,-1.66,1
3,18,3,2021,N,1,NA,2,1.22.24,-1.66,1
3,18,3,2021,N,1,NA,3,1.22.24,-1.66,1
3,18,3,2021,N,1,NA,4,1.22.24,-1.66,1
3,18,3,2021,N,1,NA,5,1.22.24,-1.66,1
3,18,3,2021,N,1,NA,6,1.22.24,-1.66,1
3,18,3,2021,N,1,NA,7,1.22.24,-1.66,1
3,18,3,2021,N,1,NA,8,1.22.24,-1.66,1
3,19,3,2021,N,1,NA,1,12.1.23,-1.2,1
3,19,3,2021,N,1,NA,2,12.1.23,-1.2,1
3,19,3,2021,N,1,NA,3,12.1.23,-1.2,1
3,19,3,2021,N,1,NA,4,12.1.23,-1.2,1
3,19,3,2021,N,1,NA,5,12.1.23,-1.2,1
3,19,3,2021,N,1,43.39846802,6,12.1.23,-1.2,1
3,20,3,2021,N,1,NA,1,12.1.23,-1.2,1
3,20,3,2021,N,1,NA,2,12.1.23,-1.2,1
3,20,3,2021,N,1,44.14064407,3,12.1.23,-1.2,1
3,20,3,2021,N,1,NA,4,12.1.23,-1.2,1
3,20,3,2021,N,1,NA,5,12.1.23,-1.2,1
3,20,3,2021,N,1,NA,6,12.1.23,-1.2,1
3,21,3,2021,N,1,NA,1,12.1.23,-1.2,1
3,21,3,2021,N,1,NA,2,12.1.23,-1.2,1
3,21,3,2021,N,1,NA,3,12.1.23,-1.2,1
3,21,3,2021,N,1,NA,4,12.1.23,-1.2,1
3,21,3,2021,N,1,NA,5,12.1.23,-1.2,1
3,21,3,2021,N,1,NA,6,12.1.23,-1.2,1
3,22,3,2021,N,1,NA,1,12.5.23,0.09,1
3,22,3,2021,N,1,NA,2,12.5.23,0.09,1
3,22,3,2021,N,1,NA,3,12.5.23,0.09,1
3,22,3,2021,N,1,NA,4,12.5.23,0.09,1
3,22,3,2021,N,1,NA,5,12.5.23,0.09,1
3,22,3,2021,N,1,NA,6,12.5.23,0.09,1
4,1,3,2021,Y,1,NA,1,12.6.23,-0.35,1
4,1,3,2021,Y,1,NA,2,12.6.23,-0.35,1
4,1,3,2021,Y,1,NA,3,12.6.23,-0.35,1
4,1,3,2021,Y,1,NA,4,12.6.23,-0.35,1
4,1,3,2021,Y,1,NA,5,12.6.23,-0.35,1
4,1,3,2021,Y,1,NA,6,12.6.23,-0.35,1
4,3,3,2021,N,1,NA,1,1.19.24,-1.09,1
4,3,3,2021,N,1,NA,2,1.19.24,-1.09,1
4,3,3,2021,N,1,49.62581635,3,1.19.24,-1.09,1
4,3,3,2021,N,1,46.15756989,4,1.19.24,-1.09,1
4,3,3,2021,N,1,NA,5,1.19.24,-1.09,1
4,3,3,2021,N,1,NA,6,1.19.24,-1.09,1
4,3,3,2021,N,1,NA,7,1.19.24,-1.09,1
4,3,3,2021,N,1,NA,8,1.19.24,-1.09,1
4,4,3,2021,Y,1,NA,1,12.5.23,0.09,1
4,4,3,2021,Y,1,NA,2,12.5.23,0.09,1
4,4,3,2021,Y,1,NA,3,12.5.23,0.09,1
4,4,3,2021,Y,1,NA,4,12.5.23,0.09,1
4,4,3,2021,Y,1,NA,5,12.5.23,0.09,1
4,4,3,2021,Y,1,NA,6,12.5.23,0.09,1
4,5,3,2021,N,1,NA,1,12.5.23,0.09,1
4,5,3,2021,N,1,NA,2,12.5.23,0.09,1
4,5,3,2021,N,1,NA,3,12.5.23,0.09,1
4,5,3,2021,N,1,NA,4,12.5.23,0.09,1
4,5,3,2021,N,1,NA,5,12.5.23,0.09,1
4,5,3,2021,N,1,NA,6,12.5.23,0.09,1
4,6,3,2021,N,1,NA,1,12.5.23,0.09,1
4,6,3,2021,N,1,NA,2,12.5.23,0.09,1
4,6,3,2021,N,1,NA,3,12.5.23,0.09,1
4,6,3,2021,N,1,NA,4,12.5.23,0.09,1
4,6,3,2021,N,1,NA,5,12.5.23,0.09,1
4,6,3,2021,N,1,NA,6,12.5.23,0.09,1
4,7,3,2021,N,1,NA,1,12.5.23,0.09,1
4,7,3,2021,N,1,NA,2,12.5.23,0.09,1
4,7,3,2021,N,1,NA,3,12.5.23,0.09,1
4,7,3,2021,N,1,NA,4,12.5.23,0.09,1
4,7,3,2021,N,1,NA,5,12.5.23,0.09,1
4,7,3,2021,N,1,NA,6,12.5.23,0.09,1
4,8,3,2021,N,1,NA,1,12.5.23,0.09,1
4,8,3,2021,N,1,NA,2,12.5.23,0.09,1
4,8,3,2021,N,1,NA,3,12.5.23,0.09,1
4,8,3,2021,N,1,NA,4,12.5.23,0.09,1
4,8,3,2021,N,1,NA,5,12.5.23,0.09,1
4,8,3,2021,N,1,NA,6,12.5.23,0.09,1
4,9,3,2021,N,1,NA,1,12.12.23,1.22,1
4,9,3,2021,N,1,NA,2,12.12.23,1.22,1
4,9,3,2021,N,1,NA,3,12.12.23,1.22,1
4,9,3,2021,N,1,NA,4,12.12.23,1.22,1
4,9,3,2021,N,1,NA,5,12.12.23,1.22,1
4,9,3,2021,N,1,NA,6,12.12.23,1.22,1
4,10,3,2021,N,1,NA,1,1.19.24,-1.09,1
4,10,3,2021,N,1,NA,2,1.19.24,-1.09,1
4,10,3,2021,N,1,NA,3,1.19.24,-1.09,1
4,10,3,2021,N,1,NA,4,1.19.24,-1.09,1
4,10,3,2021,N,1,NA,5,1.19.24,-1.09,1
4,10,3,2021,N,1,NA,6,1.19.24,-1.09,1
4,10,3,2021,N,1,NA,7,1.19.24,-1.09,1
4,10,3,2021,N,1,NA,8,1.19.24,-1.09,1
4,11,3,2021,N,1,NA,1,1.19.24,-1.09,1
4,11,3,2021,N,1,47.36810684,2,1.19.24,-1.09,1
4,11,3,2021,N,1,NA,3,1.19.24,-1.09,1
4,11,3,2021,N,1,NA,4,1.19.24,-1.09,1
4,11,3,2021,N,1,NA,5,1.19.24,-1.09,1
4,11,3,2021,N,1,48.497509,6,1.19.24,-1.09,1
4,11,3,2021,N,1,NA,7,1.19.24,-1.09,1
4,11,3,2021,N,1,NA,8,1.19.24,-1.09,1
4,12,3,2021,Y,1,NA,1,12.5.23,0.09,1
4,12,3,2021,Y,1,NA,2,12.5.23,0.09,1
4,12,3,2021,Y,1,NA,3,12.5.23,0.09,1
4,12,3,2021,Y,1,NA,4,12.5.23,0.09,1
4,12,3,2021,Y,1,NA,5,12.5.23,0.09,1
4,12,3,2021,Y,1,NA,6,12.5.23,0.09,1
4,14,3,2021,N,1,NA,1,12.5.23,0.09,1
4,14,3,2021,N,1,46.52402878,2,12.5.23,0.09,1
4,14,3,2021,N,1,NA,3,12.5.23,0.09,1
4,14,3,2021,N,1,NA,4,12.5.23,0.09,1
4,14,3,2021,N,1,NA,5,12.5.23,0.09,1
4,14,3,2021,N,1,NA,6,12.5.23,0.09,1
4,15,3,2021,N,1,NA,1,12.5.23,0.09,1
4,15,3,2021,N,1,NA,2,12.5.23,0.09,1
4,15,3,2021,N,1,48.93653107,3,12.5.23,0.09,1
4,15,3,2021,N,1,NA,4,12.5.23,0.09,1
4,15,3,2021,N,1,NA,5,12.5.23,0.09,1
4,15,3,2021,N,1,NA,6,12.5.23,0.09,1
4,16,3,2021,Y,2.94,36.57308578,1,12.6.23,-0.35,1
4,16,3,2021,Y,2.94,NA,2,12.6.23,-0.35,1
4,16,3,2021,Y,2.94,NA,3,12.6.23,-0.35,1
4,16,3,2021,Y,2.94,NA,4,12.6.23,-0.35,1
4,16,3,2021,Y,2.94,NA,5,12.6.23,-0.35,1
4,16,3,2021,Y,2.94,NA,6,12.6.23,-0.35,1
4,18,3,2021,N,1,NA,1,1.19.24,-1.09,1
4,18,3,2021,N,1,NA,2,1.19.24,-1.09,1
4,18,3,2021,N,1,NA,3,1.19.24,-1.09,1
4,18,3,2021,N,1,NA,4,1.19.24,-1.09,1
4,18,3,2021,N,1,NA,5,1.19.24,-1.09,1
4,18,3,2021,N,1,48.8478508,6,1.19.24,-1.09,1
4,18,3,2021,N,1,37.94641113,7,1.19.24,-1.09,1
4,18,3,2021,N,1,49.8674736,8,1.19.24,-1.09,1
4,19,3,2021,N,1,NA,1,12.5.23,0.09,1
4,19,3,2021,N,1,NA,2,12.5.23,0.09,1
4,19,3,2021,N,1,NA,3,12.5.23,0.09,1
4,19,3,2021,N,1,NA,4,12.5.23,0.09,1
4,19,3,2021,N,1,NA,5,12.5.23,0.09,1
4,19,3,2021,N,1,48.57849884,6,12.5.23,0.09,1
4,20,3,2021,N,1,NA,1,12.5.23,0.09,1
4,20,3,2021,N,1,NA,2,12.5.23,0.09,1
4,20,3,2021,N,1,NA,3,12.5.23,0.09,1
4,20,3,2021,N,1,NA,4,12.5.23,0.09,1
4,20,3,2021,N,1,NA,5,12.5.23,0.09,1
4,20,3,2021,N,1,NA,6,12.5.23,0.09,1
4,20,3,2021,N,1,NA,1,1.22.24,-1.66,1
4,20,3,2021,N,1,NA,2,1.22.24,-1.66,1
4,20,3,2021,N,1,NA,3,1.22.24,-1.66,1
4,20,3,2021,N,1,NA,4,1.22.24,-1.66,1
4,20,3,2021,N,1,NA,5,1.22.24,-1.66,1
4,20,3,2021,N,1,NA,6,1.22.24,-1.66,1
4,20,3,2021,N,1,NA,7,1.22.24,-1.66,1
4,20,3,2021,N,1,NA,8,1.22.24,-1.66,1
4,21,3,2021,Y,3.48,NA,1,12.6.23,-0.35,1
4,21,3,2021,Y,3.48,NA,2,12.6.23,-0.35,1
4,21,3,2021,Y,3.48,48.77853775,3,12.6.23,-0.35,1
4,21,3,2021,Y,3.48,NA,4,12.6.23,-0.35,1
4,21,3,2021,Y,3.48,NA,5,12.6.23,-0.35,1
4,21,3,2021,Y,3.48,NA,6,12.6.23,-0.35,1
4,22,3,2021,N,1,NA,1,12.6.23,-0.35,1
4,22,3,2021,N,1,NA,2,12.6.23,-0.35,1
4,22,3,2021,N,1,NA,3,12.6.23,-0.35,1
4,22,3,2021,N,1,NA,4,12.6.23,-0.35,1
4,22,3,2021,N,1,NA,5,12.6.23,-0.35,1
4,22,3,2021,N,1,NA,6,12.6.23,-0.35,1
4,22,3,2021,N,1,NA,1,1.22.24,-1.66,1
4,22,3,2021,N,1,NA,2,1.22.24,-1.66,1
4,22,3,2021,N,1,NA,3,1.22.24,-1.66,1
4,22,3,2021,N,1,NA,4,1.22.24,-1.66,1
4,22,3,2021,N,1,NA,5,1.22.24,-1.66,1
4,22,3,2021,N,1,NA,6,1.22.24,-1.66,1
4,22,3,2021,N,1,NA,7,1.22.24,-1.66,1
4,22,3,2021,N,1,NA,8,1.22.24,-1.66,1
5,1,3,2021,N,1,36.675457,1,12.6.23,-0.35,1
5,1,3,2021,N,1,37.40796661,2,12.6.23,-0.35,1
5,1,3,2021,N,1,37.83375931,3,12.6.23,-0.35,1
5,1,3,2021,N,1,35.19010544,4,12.6.23,-0.35,1
5,1,3,2021,N,1,38.06890106,5,12.6.23,-0.35,1
5,1,3,2021,N,1,37.7250824,6,12.6.23,-0.35,1
5,3,3,2021,N,1,NA,1,1.19.24,-1.09,1
5,3,3,2021,N,1,NA,2,1.19.24,-1.09,1
5,3,3,2021,N,1,NA,3,1.19.24,-1.09,1
5,3,3,2021,N,1,NA,4,1.19.24,-1.09,1
5,3,3,2021,N,1,NA,5,1.19.24,-1.09,1
5,3,3,2021,N,1,NA,6,1.19.24,-1.09,1
5,3,3,2021,N,1,NA,7,1.19.24,-1.09,1
5,3,3,2021,N,1,NA,8,1.19.24,-1.09,1
5,4,3,2021,N,1,NA,1,12.6.23,-0.35,1
5,4,3,2021,N,1,NA,2,12.6.23,-0.35,1
5,4,3,2021,N,1,NA,3,12.6.23,-0.35,1
5,4,3,2021,N,1,NA,4,12.6.23,-0.35,1
5,4,3,2021,N,1,NA,5,12.6.23,-0.35,1
5,4,3,2021,N,1,NA,6,12.6.23,-0.35,1
5,5,3,2021,N,1,NA,1,U1,-0.68,1
5,5,3,2021,N,1,NA,2,U1,-0.68,1
5,5,3,2021,N,1,NA,3,U1,-0.68,1
5,5,3,2021,N,1,NA,4,U1,-0.68,1
5,5,3,2021,N,1,NA,5,U1,-0.68,1
5,5,3,2021,N,1,NA,6,U1,-0.68,1
5,6,3,2021,Y,1.422,NA,1,12.6.23,-0.35,1
5,6,3,2021,Y,1.422,NA,2,12.6.23,-0.35,1
5,6,3,2021,Y,1.422,NA,3,12.6.23,-0.35,1
5,6,3,2021,Y,1.422,NA,4,12.6.23,-0.35,1
5,6,3,2021,Y,1.422,34.79384232,5,12.6.23,-0.35,1
5,7,3,2021,N,1,NA,1,12.6.23,-0.35,1
5,7,3,2021,N,1,NA,2,12.6.23,-0.35,1
5,7,3,2021,N,1,NA,3,12.6.23,-0.35,1
5,7,3,2021,N,1,NA,4,12.6.23,-0.35,1
5,7,3,2021,N,1,NA,5,12.6.23,-0.35,1
5,7,3,2021,N,1,NA,6,12.6.23,-0.35,1
5,7,3,2021,N,1,NA,1,U1,-0.68,1
5,7,3,2021,N,1,NA,2,U1,-0.68,1
5,7,3,2021,N,1,NA,3,U1,-0.68,1
5,7,3,2021,N,1,NA,4,U1,-0.68,1
5,7,3,2021,N,1,NA,5,U1,-0.68,1
5,7,3,2021,N,1,NA,6,U1,-0.68,1
5,8,3,2021,N,1,NA,1,U1,-0.68,1
5,8,3,2021,N,1,NA,2,U1,-0.68,1
5,8,3,2021,N,1,NA,3,U1,-0.68,1
5,8,3,2021,N,1,NA,4,U1,-0.68,1
5,8,3,2021,N,1,NA,5,U1,-0.68,1
5,8,3,2021,N,1,NA,6,U1,-0.68,1
5,8,3,2021,N,1,NA,7,U2,-1.55,1
5,9,3,2021,N,1,42.40991974,1,U1,-0.68,1
5,9,3,2021,N,1,43.8016777,2,U1,-0.68,1
5,9,3,2021,N,1,NA,3,U1,-0.68,1
5,9,3,2021,N,1,NA,4,U1,-0.68,1
5,9,3,2021,N,1,NA,5,U1,-0.68,1
5,9,3,2021,N,1,NA,6,U1,-0.68,1
5,10,3,2021,N,1,NA,1,12.6.23,-0.35,1
5,10,3,2021,N,1,NA,2,12.6.23,-0.35,1
5,10,3,2021,N,1,NA,3,12.6.23,-0.35,1
5,10,3,2021,N,1,NA,4,12.6.23,-0.35,1
5,10,3,2021,N,1,NA,5,12.6.23,-0.35,1
5,10,3,2021,N,1,NA,6,12.6.23,-0.35,1
5,10,3,2021,N,1,NA,1,U1,-0.68,1
5,10,3,2021,N,1,NA,2,U1,-0.68,1
5,10,3,2021,N,1,NA,3,U1,-0.68,1
5,10,3,2021,N,1,NA,4,U1,-0.68,1
5,10,3,2021,N,1,NA,5,U1,-0.68,1
5,10,3,2021,N,1,NA,6,U1,-0.68,1
5,11,3,2021,N,1,38.43699646,1,U1,-0.68,1
5,11,3,2021,N,1,39.2665062,2,U1,-0.68,1
5,11,3,2021,N,1,43.56808853,3,U1,-0.68,1
5,11,3,2021,N,1,37.59277725,4,U1,-0.68,1
5,11,3,2021,N,1,37.81686401,5,U1,-0.68,1
5,11,3,2021,N,1,40.7040062,6,U1,-0.68,1
5,12,3,2021,N,1,NA,1,U1,-0.68,1
5,12,3,2021,N,1,NA,2,U1,-0.68,1
5,12,3,2021,N,1,NA,3,U1,-0.68,1
5,12,3,2021,N,1,NA,4,U1,-0.68,1
5,12,3,2021,N,1,NA,5,U1,-0.68,1
5,12,3,2021,N,1,NA,6,U1,-0.68,1
5,14,3,2021,N,1,NA,1,1.22.24,-1.66,1
5,14,3,2021,N,1,NA,2,1.22.24,-1.66,1
5,14,3,2021,N,1,NA,3,1.22.24,-1.66,1
5,14,3,2021,N,1,NA,4,1.22.24,-1.66,1
5,14,3,2021,N,1,49.95491409,5,1.22.24,-1.66,1
5,14,3,2021,N,1,NA,6,1.22.24,-1.66,1
5,14,3,2021,N,1,NA,7,1.22.24,-1.66,1
5,14,3,2021,N,1,NA,8,1.22.24,-1.66,1
5,15,3,2021,Y,1.59,NA,1,12.6.23,-0.35,1
5,15,3,2021,Y,1.59,NA,2,12.6.23,-0.35,1
5,15,3,2021,Y,1.59,NA,3,12.6.23,-0.35,1
5,15,3,2021,Y,1.59,NA,4,12.6.23,-0.35,1
5,15,3,2021,Y,1.59,NA,5,12.6.23,-0.35,1
5,15,3,2021,Y,1.59,35.97582245,6,12.6.23,-0.35,1
5,16,3,2021,N,1,NA,1,12.6.23,-0.35,1
5,16,3,2021,N,1,38.40611649,2,12.6.23,-0.35,1
5,16,3,2021,N,1,39.09706116,3,12.6.23,-0.35,1
5,16,3,2021,N,1,NA,4,12.6.23,-0.35,1
5,16,3,2021,N,1,NA,5,12.6.23,-0.35,1
5,16,3,2021,N,1,NA,6,12.6.23,-0.35,1
5,18,3,2021,N,1,NA,1,U1,-0.68,1
5,18,3,2021,N,1,NA,2,U1,-0.68,1
5,18,3,2021,N,1,NA,3,U1,-0.68,1
5,18,3,2021,N,1,NA,4,U1,-0.68,1
5,18,3,2021,N,1,NA,5,U1,-0.68,1
5,18,3,2021,N,1,25.7326107,6,U1,-0.68,1
5,19,3,2021,N,1,NA,1,U1,-0.68,1
5,19,3,2021,N,1,NA,2,U1,-0.68,1
5,19,3,2021,N,1,NA,3,U1,-0.68,1
5,19,3,2021,N,1,NA,4,U1,-0.68,1
5,19,3,2021,N,1,NA,5,U1,-0.68,1
5,19,3,2021,N,1,NA,6,U1,-0.68,1
5,20,3,2021,N,1,NA,1,1.22.24,-1.66,1
5,20,3,2021,N,1,NA,2,1.22.24,-1.66,1
5,20,3,2021,N,1,NA,3,1.22.24,-1.66,1
5,20,3,2021,N,1,NA,4,1.22.24,-1.66,1
5,20,3,2021,N,1,NA,5,1.22.24,-1.66,1
5,20,3,2021,N,1,NA,6,1.22.24,-1.66,1
5,20,3,2021,N,1,NA,7,1.22.24,-1.66,1
5,20,3,2021,N,1,38.94351959,8,1.22.24,-1.66,1
5,21,3,2021,N,1,NA,1,1.22.24,-1.66,1
5,21,3,2021,N,1,NA,2,1.22.24,-1.66,1
5,21,3,2021,N,1,NA,3,1.22.24,-1.66,1
5,21,3,2021,N,1,NA,4,1.22.24,-1.66,1
5,21,3,2021,N,1,NA,5,1.22.24,-1.66,1
5,21,3,2021,N,1,NA,6,1.22.24,-1.66,1
5,21,3,2021,N,1,NA,7,1.22.24,-1.66,1
5,21,3,2021,N,1,NA,8,1.22.24,-1.66,1
5,22,3,2021,N,1,NA,1,12.6.23,-0.35,1
5,22,3,2021,N,1,NA,2,12.6.23,-0.35,1
5,22,3,2021,N,1,NA,3,12.6.23,-0.35,1
5,22,3,2021,N,1,NA,4,12.6.23,-0.35,1
5,22,3,2021,N,1,NA,5,12.6.23,-0.35,1
5,22,3,2021,N,1,NA,6,12.6.23,-0.35,1
5,22,3,2021,N,1,NA,1,U1,-0.68,1
5,22,3,2021,N,1,NA,2,U1,-0.68,1
5,22,3,2021,N,1,NA,3,U1,-0.68,1
5,22,3,2021,N,1,NA,4,U1,-0.68,1
5,22,3,2021,N,1,NA,5,U1,-0.68,1
5,22,3,2021,N,1,NA,6,U1,-0.68,1
6,1,3,2021,N,1,38.76596832,1,1.22.24,-1.66,1
6,1,3,2021,N,1,NA,2,1.22.24,-1.66,1
6,1,3,2021,N,1,NA,3,1.22.24,-1.66,1
6,1,3,2021,N,1,NA,4,1.22.24,-1.66,1
6,1,3,2021,N,1,NA,5,1.22.24,-1.66,1
6,1,3,2021,N,1,NA,6,1.22.24,-1.66,1
6,1,3,2021,N,1,NA,7,1.22.24,-1.66,1
6,1,3,2021,N,1,NA,8,1.22.24,-1.66,1
6,3,3,2021,N,1,NA,1,12.7.23,0.44,1
6,3,3,2021,N,1,NA,2,12.7.23,0.44,1
6,3,3,2021,N,1,NA,3,12.7.23,0.44,1
6,3,3,2021,N,1,NA,4,12.7.23,0.44,1
6,3,3,2021,N,1,NA,5,12.7.23,0.44,1
6,3,3,2021,N,1,NA,6,12.7.23,0.44,1
6,4,3,2021,N,1,NA,1,12.6.23,-0.35,1
6,4,3,2021,N,1,NA,2,12.6.23,-0.35,1
6,4,3,2021,N,1,NA,3,12.6.23,-0.35,1
6,4,3,2021,N,1,NA,4,12.6.23,-0.35,1
6,4,3,2021,N,1,NA,5,12.6.23,-0.35,1
6,4,3,2021,N,1,NA,6,12.6.23,-0.35,1
6,5,3,2021,N,1,NA,1,12.12.23,1.22,1
6,5,3,2021,N,1,NA,2,12.12.23,1.22,1
6,5,3,2021,N,1,NA,3,12.12.23,1.22,1
6,5,3,2021,N,1,NA,4,12.12.23,1.22,1
6,5,3,2021,N,1,NA,5,12.12.23,1.22,1
6,5,3,2021,N,1,NA,6,12.12.23,1.22,1
6,6,3,2021,N,1,NA,1,12.7.23,0.44,1
6,6,3,2021,N,1,NA,2,12.7.23,0.44,1
6,6,3,2021,N,1,NA,3,12.7.23,0.44,1
6,6,3,2021,N,1,NA,4,12.7.23,0.44,1
6,6,3,2021,N,1,NA,5,12.7.23,0.44,1
6,6,3,2021,N,1,NA,6,12.7.23,0.44,1
6,7,3,2021,N,1,NA,1,12.12.23,1.22,1
6,7,3,2021,N,1,NA,2,12.12.23,1.22,1
6,7,3,2021,N,1,NA,3,12.12.23,1.22,1
6,7,3,2021,N,1,NA,4,12.12.23,1.22,1
6,7,3,2021,N,1,NA,5,12.12.23,1.22,1
6,7,3,2021,N,1,NA,6,12.12.23,1.22,1
6,8,3,2021,N,1,NA,1,12.12.23,1.22,1
6,8,3,2021,N,1,NA,2,12.12.23,1.22,1
6,8,3,2021,N,1,NA,3,12.12.23,1.22,1
6,8,3,2021,N,1,NA,4,12.12.23,1.22,1
6,8,3,2021,N,1,NA,5,12.12.23,1.22,1
6,8,3,2021,N,1,NA,6,12.12.23,1.22,1
6,9,3,2021,N,1,NA,1,12.12.23,1.22,1
6,9,3,2021,N,1,NA,2,12.12.23,1.22,1
6,9,3,2021,N,1,NA,3,12.12.23,1.22,1
6,9,3,2021,N,1,NA,4,12.12.23,1.22,1
6,9,3,2021,N,1,NA,5,12.12.23,1.22,1
6,9,3,2021,N,1,NA,6,12.12.23,1.22,1
6,10,3,2021,N,1,NA,1,12.12.23,1.22,1
6,10,3,2021,N,1,NA,2,12.12.23,1.22,1
6,10,3,2021,N,1,NA,3,12.12.23,1.22,1
6,10,3,2021,N,1,NA,4,12.12.23,1.22,1
6,10,3,2021,N,1,NA,5,12.12.23,1.22,1
6,10,3,2021,N,1,NA,6,12.12.23,1.22,1
6,11,3,2021,N,1,NA,1,12.12.23,1.22,1
6,11,3,2021,N,1,NA,2,12.12.23,1.22,1
6,11,3,2021,N,1,NA,3,12.12.23,1.22,1
6,11,3,2021,N,1,NA,4,12.12.23,1.22,1
6,11,3,2021,N,1,NA,5,12.12.23,1.22,1
6,11,3,2021,N,1,NA,6,12.12.23,1.22,1
6,12,3,2021,N,1,NA,1,12.12.23,1.22,1
6,12,3,2021,N,1,NA,2,12.12.23,1.22,1
6,12,3,2021,N,1,NA,3,12.12.23,1.22,1
6,12,3,2021,N,1,NA,4,12.12.23,1.22,1
6,12,3,2021,N,1,NA,5,12.12.23,1.22,1
6,12,3,2021,N,1,NA,6,12.12.23,1.22,1
6,14,3,2021,N,1,NA,1,12.12.23,1.22,1
6,14,3,2021,N,1,45.56989288,2,12.12.23,1.22,1
6,14,3,2021,N,1,49.55247879,3,12.12.23,1.22,1
6,14,3,2021,N,1,NA,4,12.12.23,1.22,1
6,14,3,2021,N,1,NA,5,12.12.23,1.22,1
6,14,3,2021,N,1,NA,6,12.12.23,1.22,1
6,15,3,2021,Y,1,NA,1,12.7.23,0.44,1
6,15,3,2021,Y,1,NA,2,12.7.23,0.44,1
6,15,3,2021,Y,1,NA,3,12.7.23,0.44,1
6,15,3,2021,Y,1,NA,4,12.7.23,0.44,1
6,15,3,2021,Y,1,NA,5,12.7.23,0.44,1
6,15,3,2021,Y,1,NA,6,12.7.23,0.44,1
6,16,3,2021,Y,3.4,NA,1,12.7.23,0.44,1
6,16,3,2021,Y,3.4,NA,2,12.7.23,0.44,1
6,16,3,2021,Y,3.4,46.17175293,3,12.7.23,0.44,1
6,16,3,2021,Y,3.4,49.41799164,4,12.7.23,0.44,1
6,16,3,2021,Y,3.4,NA,5,12.7.23,0.44,1
6,16,3,2021,Y,3.4,NA,6,12.7.23,0.44,1
6,18,3,2021,N,1,48.69026947,1,12.12.23,1.22,1
6,18,3,2021,N,1,47.91569901,2,12.12.23,1.22,1
6,18,3,2021,N,1,48.88187027,3,12.12.23,1.22,1
6,18,3,2021,N,1,NA,4,12.12.23,1.22,1
6,18,3,2021,N,1,NA,5,12.12.23,1.22,1
6,18,3,2021,N,1,49.27494049,6,12.12.23,1.22,1
6,19,3,2021,N,1,NA,1,12.12.23,1.22,1
6,19,3,2021,N,1,NA,2,12.12.23,1.22,1
6,19,3,2021,N,1,NA,3,12.12.23,1.22,1
6,19,3,2021,N,1,NA,4,12.12.23,1.22,1
6,19,3,2021,N,1,NA,5,12.12.23,1.22,1
6,19,3,2021,N,1,NA,6,12.12.23,1.22,1
6,20,3,2021,N,1,NA,1,12.12.23,1.22,1
6,20,3,2021,N,1,NA,2,12.12.23,1.22,1
6,20,3,2021,N,1,NA,3,12.12.23,1.22,1
6,20,3,2021,N,1,NA,4,12.12.23,1.22,1
6,20,3,2021,N,1,NA,5,12.12.23,1.22,1
6,20,3,2021,N,1,NA,6,12.12.23,1.22,1
6,21,3,2021,N,1,NA,1,12.12.23,1.22,1
6,21,3,2021,N,1,NA,2,12.12.23,1.22,1
6,21,3,2021,N,1,NA,3,12.12.23,1.22,1
6,21,3,2021,N,1,NA,4,12.12.23,1.22,1
6,21,3,2021,N,1,NA,5,12.12.23,1.22,1
6,21,3,2021,N,1,44.31031799,6,12.12.23,1.22,1
6,22,3,2021,N,1,39.39474869,1,12.22.23,-3.51,1
6,22,3,2021,N,1,NA,2,12.22.23,-3.51,1
6,22,3,2021,N,1,NA,3,12.22.23,-3.51,1
6,22,3,2021,N,1,NA,4,12.22.23,-3.51,1
6,22,3,2021,N,1,NA,5,12.22.23,-3.51,1
6,22,3,2021,N,1,36.33977509,6,12.22.23,-3.51,1
6,22,3,2021,N,1,NA,7,12.22.23,-3.51,1
6,22,3,2021,N,1,NA,8,12.22.23,-3.51,1
7,1,3,2021,N,1,NA,1,12.22.23,-3.51,1
7,1,3,2021,N,1,NA,2,12.22.23,-3.51,1
7,1,3,2021,N,1,NA,3,12.22.23,-3.51,1
7,1,3,2021,N,1,NA,4,12.22.23,-3.51,1
7,1,3,2021,N,1,NA,5,12.22.23,-3.51,1
7,1,3,2021,N,1,NA,6,12.22.23,-3.51,1
7,1,3,2021,N,1,NA,7,12.22.23,-3.51,1
7,1,3,2021,N,1,NA,8,12.22.23,-3.51,1
7,3,3,2021,N,1,39.56296539,1,1.22.24,-1.66,1
7,3,3,2021,N,1,NA,2,1.22.24,-1.66,1
7,3,3,2021,N,1,NA,3,1.22.24,-1.66,1
7,3,3,2021,N,1,NA,4,1.22.24,-1.66,1
7,3,3,2021,N,1,NA,5,1.22.24,-1.66,1
7,3,3,2021,N,1,38.29963303,6,1.22.24,-1.66,1
7,3,3,2021,N,1,NA,7,1.22.24,-1.66,1
7,3,3,2021,N,1,NA,8,1.22.24,-1.66,1
7,4,3,2021,N,1,NA,1,12.7.23,0.44,1
7,4,3,2021,N,1,NA,2,12.7.23,0.44,1
7,4,3,2021,N,1,NA,3,12.7.23,0.44,1
7,4,3,2021,N,1,NA,4,12.7.23,0.44,1
7,4,3,2021,N,1,NA,5,12.7.23,0.44,1
7,4,3,2021,N,1,NA,6,12.7.23,0.44,1
7,5,3,2021,N,1,NA,1,12.7.23,0.44,1
7,5,3,2021,N,1,NA,2,12.7.23,0.44,1
7,5,3,2021,N,1,NA,3,12.7.23,0.44,1
7,5,3,2021,N,1,NA,4,12.7.23,0.44,1
7,5,3,2021,N,1,NA,5,12.7.23,0.44,1
7,5,3,2021,N,1,NA,6,12.7.23,0.44,1
7,6,3,2021,N,1,NA,1,12.22.23,-3.51,1
7,6,3,2021,N,1,NA,2,12.22.23,-3.51,1
7,6,3,2021,N,1,NA,3,12.22.23,-3.51,1
7,6,3,2021,N,1,NA,4,12.22.23,-3.51,1
7,6,3,2021,N,1,NA,5,12.22.23,-3.51,1
7,6,3,2021,N,1,46.71710205,6,12.22.23,-3.51,1
7,6,3,2021,N,1,49.86689758,7,12.22.23,-3.51,1
7,6,3,2021,N,1,NA,8,12.22.23,-3.51,1
7,7,3,2021,N,1,NA,1,12.7.23,0.44,1
7,7,3,2021,N,1,NA,2,12.7.23,0.44,1
7,7,3,2021,N,1,NA,3,12.7.23,0.44,1
7,7,3,2021,N,1,NA,4,12.7.23,0.44,1
7,7,3,2021,N,1,NA,5,12.7.23,0.44,1
7,7,3,2021,N,1,NA,6,12.7.23,0.44,1
7,8,3,2021,N,1,NA,1,U2,-1.55,1
7,8,3,2021,N,1,NA,2,U2,-1.55,1
7,8,3,2021,N,1,NA,3,U2,-1.55,1
7,8,3,2021,N,1,NA,4,U2,-1.55,1
7,8,3,2021,N,1,NA,5,U2,-1.55,1
7,8,3,2021,N,1,NA,6,U2,-1.55,1
7,8,3,2021,N,1,12.94005489,7,U2,-1.55,1
7,9,3,2021,N,1,NA,1,U3,-0.74,1
7,9,3,2021,N,1,NA,2,U3,-0.74,1
7,9,3,2021,N,1,NA,3,U3,-0.74,1
7,9,3,2021,N,1,NA,4,U3,-0.74,1
7,9,3,2021,N,1,NA,5,U3,-0.74,1
7,9,3,2021,N,1,40.69812393,6,U3,-0.74,1
7,9,3,2021,N,1,41.14735413,7,U3,-0.74,1
7,10,3,2021,N,1,NA,1,12.22.23,-3.51,1
7,10,3,2021,N,1,NA,2,12.22.23,-3.51,1
7,10,3,2021,N,1,NA,3,12.22.23,-3.51,1
7,10,3,2021,N,1,NA,4,12.22.23,-3.51,1
7,10,3,2021,N,1,NA,5,12.22.23,-3.51,1
7,10,3,2021,N,1,NA,6,12.22.23,-3.51,1
7,10,3,2021,N,1,NA,7,12.22.23,-3.51,1
7,10,3,2021,N,1,NA,8,12.22.23,-3.51,1
7,11,3,2021,N,1,NA,1,U3,-0.74,1
7,11,3,2021,N,1,NA,2,U3,-0.74,1
7,11,3,2021,N,1,NA,3,U3,-0.74,1
7,11,3,2021,N,1,NA,4,U3,-0.74,1
7,11,3,2021,N,1,NA,5,U3,-0.74,1
7,11,3,2021,N,1,NA,6,U3,-0.74,1
7,11,3,2021,N,1,NA,7,U3,-0.74,1
7,12,3,2021,N,1,NA,1,12.22.23,-3.51,1
7,12,3,2021,N,1,NA,2,12.22.23,-3.51,1
7,12,3,2021,N,1,NA,3,12.22.23,-3.51,1
7,12,3,2021,N,1,NA,4,12.22.23,-3.51,1
7,12,3,2021,N,1,NA,5,12.22.23,-3.51,1
7,12,3,2021,N,1,NA,6,12.22.23,-3.51,1
7,12,3,2021,N,1,NA,7,12.22.23,-3.51,1
7,12,3,2021,N,1,NA,8,12.22.23,-3.51,1
7,14,3,2021,N,1,NA,1,U2,-1.55,1
7,14,3,2021,N,1,NA,2,U2,-1.55,1
7,14,3,2021,N,1,NA,3,U2,-1.55,1
7,14,3,2021,N,1,NA,4,U2,-1.55,1
7,14,3,2021,N,1,NA,5,U2,-1.55,1
7,14,3,2021,N,1,NA,6,U2,-1.55,1
7,14,3,2021,N,1,NA,7,U2,-1.55,1
7,15,3,2021,N,1,46.97312546,1,12.22.23,-3.51,1
7,15,3,2021,N,1,NA,2,12.22.23,-3.51,1
7,15,3,2021,N,1,NA,3,12.22.23,-3.51,1
7,15,3,2021,N,1,47.97181702,4,12.22.23,-3.51,1
7,15,3,2021,N,1,NA,5,12.22.23,-3.51,1
7,15,3,2021,N,1,NA,6,12.22.23,-3.51,1
7,15,3,2021,N,1,NA,7,12.22.23,-3.51,1
7,15,3,2021,N,1,NA,8,12.22.23,-3.51,1
7,16,3,2021,N,1,NA,1,12.22.23,-3.51,1
7,16,3,2021,N,1,NA,2,12.22.23,-3.51,1
7,16,3,2021,N,1,NA,3,12.22.23,-3.51,1
7,16,3,2021,N,1,NA,4,12.22.23,-3.51,1
7,16,3,2021,N,1,NA,5,12.22.23,-3.51,1
7,16,3,2021,N,1,NA,6,12.22.23,-3.51,1
7,16,3,2021,N,1,NA,7,12.22.23,-3.51,1
7,16,3,2021,N,1,NA,8,12.22.23,-3.51,1
7,18,3,2021,N,1,NA,1,12.22.23,-3.51,1
7,18,3,2021,N,1,NA,2,12.22.23,-3.51,1
7,18,3,2021,N,1,NA,3,12.22.23,-3.51,1
7,18,3,2021,N,1,34.29381943,4,12.22.23,-3.51,1
7,18,3,2021,N,1,NA,5,12.22.23,-3.51,1
7,18,3,2021,N,1,NA,6,12.22.23,-3.51,1
7,18,3,2021,N,1,NA,7,12.22.23,-3.51,1
7,18,3,2021,N,1,NA,8,12.22.23,-3.51,1
7,19,3,2021,N,1,NA,1,U2,-1.55,1
7,19,3,2021,N,1,NA,2,U2,-1.55,1
7,19,3,2021,N,1,NA,3,U2,-1.55,1
7,19,3,2021,N,1,NA,4,U2,-1.55,1
7,19,3,2021,N,1,NA,5,U2,-1.55,1
7,19,3,2021,N,1,NA,6,U2,-1.55,1
7,19,3,2021,N,1,NA,7,U2,-1.55,1
7,20,3,2021,N,1,NA,1,U2,-1.55,1
7,20,3,2021,N,1,NA,2,U2,-1.55,1
7,20,3,2021,N,1,NA,3,U2,-1.55,1
7,20,3,2021,N,1,NA,4,U2,-1.55,1
7,20,3,2021,N,1,NA,5,U2,-1.55,1
7,20,3,2021,N,1,NA,6,U2,-1.55,1
7,20,3,2021,N,1,NA,7,U2,-1.55,1
7,21,3,2021,N,1,NA,1,12.22.23,-3.51,1
7,21,3,2021,N,1,NA,2,12.22.23,-3.51,1
7,21,3,2021,N,1,NA,3,12.22.23,-3.51,1
7,21,3,2021,N,1,NA,4,12.22.23,-3.51,1
7,21,3,2021,N,1,NA,5,12.22.23,-3.51,1
7,21,3,2021,N,1,NA,6,12.22.23,-3.51,1
7,21,3,2021,N,1,NA,7,12.22.23,-3.51,1
7,21,3,2021,N,1,NA,8,12.22.23,-3.51,1
7,22,3,2021,N,1,37.94248962,1,12.7.23,0.44,1
7,22,3,2021,N,1,39.10942459,2,12.7.23,0.44,1
7,22,3,2021,N,1,NA,3,12.7.23,0.44,1
7,22,3,2021,N,1,NA,4,12.7.23,0.44,1
7,22,3,2021,N,1,NA,5,12.7.23,0.44,1
7,22,3,2021,N,1,38.19189835,6,12.7.23,0.44,1
16,1,3,2021,N,1,NA,1,12.14.23,-0.88,1
16,1,3,2021,N,1,NA,2,12.14.23,-0.88,1
16,1,3,2021,N,1,NA,3,12.14.23,-0.88,1
16,1,3,2021,N,1,NA,4,12.14.23,-0.88,1
16,1,3,2021,N,1,NA,5,12.14.23,-0.88,1
16,1,3,2021,N,1,NA,6,12.14.23,-0.88,1
16,3,3,2021,N,1,NA,1,12.22.23,-3.51,1
16,3,3,2021,N,1,NA,2,12.22.23,-3.51,1
16,3,3,2021,N,1,NA,3,12.22.23,-3.51,1
16,3,3,2021,N,1,NA,4,12.22.23,-3.51,1
16,3,3,2021,N,1,NA,5,12.22.23,-3.51,1
16,3,3,2021,N,1,46.84537888,6,12.22.23,-3.51,1
16,3,3,2021,N,1,NA,7,12.22.23,-3.51,1
16,3,3,2021,N,1,NA,8,12.22.23,-3.51,1
16,4,3,2021,N,1,NA,1,12.22.23,-3.51,1
16,4,3,2021,N,1,NA,2,12.22.23,-3.51,1
16,4,3,2021,N,1,NA,3,12.22.23,-3.51,1
16,4,3,2021,N,1,NA,4,12.22.23,-3.51,1
16,4,3,2021,N,1,NA,5,12.22.23,-3.51,1
16,4,3,2021,N,1,NA,6,12.22.23,-3.51,1
16,4,3,2021,N,1,NA,7,12.22.23,-3.51,1
16,4,3,2021,N,1,NA,8,12.22.23,-3.51,1
16,5,3,2021,N,1,NA,1,12.26.23,2.38,1
16,5,3,2021,N,1,NA,2,12.26.23,2.38,1
16,5,3,2021,N,1,NA,3,12.26.23,2.38,1
16,5,3,2021,N,1,NA,4,12.26.23,2.38,1
16,5,3,2021,N,1,NA,5,12.26.23,2.38,1
16,5,3,2021,N,1,NA,6,12.26.23,2.38,1
16,5,3,2021,N,1,NA,7,12.26.23,2.38,1
16,5,3,2021,N,1,NA,8,12.26.23,2.38,1
16,6,3,2021,N,1,NA,1,12.14.23,-0.88,1
16,6,3,2021,N,1,NA,2,12.14.23,-0.88,1
16,6,3,2021,N,1,NA,3,12.14.23,-0.88,1
16,6,3,2021,N,1,NA,4,12.14.23,-0.88,1
16,6,3,2021,N,1,NA,5,12.14.23,-0.88,1
16,6,3,2021,N,1,NA,6,12.14.23,-0.88,1
16,7,3,2021,N,1,NA,1,12.14.23,-0.88,1
16,7,3,2021,N,1,NA,2,12.14.23,-0.88,1
16,7,3,2021,N,1,NA,3,12.14.23,-0.88,1
16,7,3,2021,N,1,NA,4,12.14.23,-0.88,1
16,7,3,2021,N,1,NA,5,12.14.23,-0.88,1
16,7,3,2021,N,1,NA,6,12.14.23,-0.88,1
16,8,3,2021,N,1,NA,1,12.7.23,0.44,1
16,8,3,2021,N,1,NA,2,12.7.23,0.44,1
16,8,3,2021,N,1,NA,3,12.7.23,0.44,1
16,8,3,2021,N,1,NA,4,12.7.23,0.44,1
16,8,3,2021,N,1,NA,5,12.7.23,0.44,1
16,8,3,2021,N,1,NA,6,12.7.23,0.44,1
16,8,3,2021,N,1,NA,1,12.7.23,0.44,1
16,8,3,2021,N,1,NA,2,12.7.23,0.44,1
16,8,3,2021,N,1,NA,3,12.7.23,0.44,1
16,8,3,2021,N,1,NA,4,12.7.23,0.44,1
16,8,3,2021,N,1,NA,5,12.7.23,0.44,1
16,8,3,2021,N,1,NA,6,12.7.23,0.44,1
16,9,3,2021,N,1,NA,1,1.22.24,-1.66,1
16,9,3,2021,N,1,NA,2,1.22.24,-1.66,1
16,9,3,2021,N,1,NA,3,1.22.24,-1.66,1
16,9,3,2021,N,1,NA,4,1.22.24,-1.66,1
16,9,3,2021,N,1,NA,5,1.22.24,-1.66,1
16,9,3,2021,N,1,NA,6,1.22.24,-1.66,1
16,9,3,2021,N,1,NA,7,1.22.24,-1.66,1
16,9,3,2021,N,1,NA,8,1.22.24,-1.66,1
16,10,3,2021,N,1,NA,1,12.7.23,0.44,1
16,10,3,2021,N,1,NA,2,12.7.23,0.44,1
16,10,3,2021,N,1,NA,3,12.7.23,0.44,1
16,10,3,2021,N,1,NA,4,12.7.23,0.44,1
16,10,3,2021,N,1,36.6447525,5,12.7.23,0.44,1
16,10,3,2021,N,1,NA,6,12.7.23,0.44,1
16,11,3,2021,N,1,39.65256119,1,U2,-1.55,1
16,11,3,2021,N,1,37.29324341,2,U2,-1.55,1
16,11,3,2021,N,1,38.69820023,3,U2,-1.55,1
16,11,3,2021,N,1,36.68622208,4,U2,-1.55,1
16,11,3,2021,N,1,38.89988327,5,U2,-1.55,1
16,11,3,2021,N,1,NA,6,U2,-1.55,1
16,11,3,2021,N,1,37.99401474,7,U2,-1.55,1
16,12,3,2021,N,1,NA,1,12.7.23,0.44,1
16,12,3,2021,N,1,47.42747116,2,12.7.23,0.44,1
16,12,3,2021,N,1,NA,3,12.7.23,0.44,1
16,12,3,2021,N,1,NA,4,12.7.23,0.44,1
16,12,3,2021,N,1,NA,5,12.7.23,0.44,1
16,12,3,2021,N,1,37.11328506,6,12.7.23,0.44,1
16,14,3,2021,N,1,NA,1,12.7.23,0.44,1
16,14,3,2021,N,1,37.36114883,2,12.7.23,0.44,1
16,14,3,2021,N,1,NA,3,12.7.23,0.44,1
16,14,3,2021,N,1,NA,4,12.7.23,0.44,1
16,14,3,2021,N,1,NA,5,12.7.23,0.44,1
16,14,3,2021,N,1,NA,6,12.7.23,0.44,1
16,15,3,2021,N,1,NA,1,12.7.23,0.44,1
16,15,3,2021,N,1,NA,2,12.7.23,0.44,1
16,15,3,2021,N,1,45.86434937,3,12.7.23,0.44,1
16,15,3,2021,N,1,NA,4,12.7.23,0.44,1
16,15,3,2021,N,1,NA,5,12.7.23,0.44,1
16,15,3,2021,N,1,NA,6,12.7.23,0.44,1
16,16,3,2021,N,1,NA,1,1.19.24,-1.09,1
16,16,3,2021,N,1,NA,2,1.19.24,-1.09,1
16,16,3,2021,N,1,NA,3,1.19.24,-1.09,1
16,16,3,2021,N,1,NA,4,1.19.24,-1.09,1
16,16,3,2021,N,1,NA,5,1.19.24,-1.09,1
16,16,3,2021,N,1,NA,6,1.19.24,-1.09,1
16,16,3,2021,N,1,NA,7,1.19.24,-1.09,1
16,16,3,2021,N,1,NA,8,1.19.24,-1.09,1
16,18,3,2021,N,1,NA,1,U2,-1.55,1
16,18,3,2021,N,1,NA,2,U2,-1.55,1
16,18,3,2021,N,1,NA,3,U2,-1.55,1
16,18,3,2021,N,1,NA,4,U2,-1.55,1
16,18,3,2021,N,1,NA,5,U2,-1.55,1
16,18,3,2021,N,1,39.76442719,6,U2,-1.55,1
16,18,3,2021,N,1,NA,7,U2,-1.55,1
16,20,3,2021,N,1,NA,1,12.7.23,0.44,1
16,20,3,2021,N,1,NA,2,12.7.23,0.44,1
16,20,3,2021,N,1,38.0236702,3,12.7.23,0.44,1
16,20,3,2021,N,1,NA,4,12.7.23,0.44,1
16,20,3,2021,N,1,NA,5,12.7.23,0.44,1
16,20,3,2021,N,1,NA,6,12.7.23,0.44,1
16,21,3,2021,N,1,NA,1,1.19.24,-1.09,1
16,21,3,2021,N,1,NA,2,1.19.24,-1.09,1
16,21,3,2021,N,1,NA,3,1.19.24,-1.09,1
16,21,3,2021,N,1,NA,4,1.19.24,-1.09,1
16,21,3,2021,N,1,NA,5,1.19.24,-1.09,1
16,21,3,2021,N,1,NA,6,1.19.24,-1.09,1
16,21,3,2021,N,1,NA,7,1.19.24,-1.09,1
16,21,3,2021,N,1,NA,8,1.19.24,-1.09,1
16,22,3,2021,N,1,49.74918747,1,1.19.24,-1.09,1
16,22,3,2021,N,1,NA,2,1.19.24,-1.09,1
16,22,3,2021,N,1,48.28820801,3,1.19.24,-1.09,1
16,22,3,2021,N,1,NA,4,1.19.24,-1.09,1
16,22,3,2021,N,1,NA,5,1.19.24,-1.09,1
16,22,3,2021,N,1,NA,6,1.19.24,-1.09,1
16,22,3,2021,N,1,NA,7,1.19.24,-1.09,1
16,22,3,2021,N,1,NA,8,1.19.24,-1.09,1
2,1,1,2022,N,1,NA,1,12.26.23,2.38,0.775
2,1,1,2022,N,1,NA,2,12.26.23,2.38,0.775
2,1,1,2022,N,1,NA,3,12.26.23,2.38,0.775
2,1,1,2022,N,1,NA,4,12.26.23,2.38,0.775
2,1,1,2022,N,1,NA,5,12.26.23,2.38,0.775
2,1,1,2022,N,1,NA,6,12.26.23,2.38,0.775
2,1,1,2022,N,1,NA,7,12.26.23,2.38,0.775
2,1,1,2022,N,1,NA,8,12.26.23,2.38,0.775
2,1,1,2022,N,1,NA,1,12.21.23,-2.4,0.775
2,1,1,2022,N,1,NA,2,12.21.23,-2.4,0.775
2,1,1,2022,N,1,NA,3,12.21.23,-2.4,0.775
2,1,1,2022,N,1,NA,4,12.21.23,-2.4,0.775
2,1,1,2022,N,1,NA,5,12.21.23,-2.4,0.775
2,1,1,2022,N,1,NA,6,12.21.23,-2.4,0.775
2,2,1,2022,N,1,NA,1,12.26.23,2.38,0.7
2,2,1,2022,N,1,NA,2,12.26.23,2.38,0.7
2,2,1,2022,N,1,NA,3,12.26.23,2.38,0.7
2,2,1,2022,N,1,NA,4,12.26.23,2.38,0.7
2,2,1,2022,N,1,NA,5,12.26.23,2.38,0.7
2,2,1,2022,N,1,NA,6,12.26.23,2.38,0.7
2,2,1,2022,N,1,NA,7,12.26.23,2.38,0.7
2,2,1,2022,N,1,NA,8,12.26.23,2.38,0.7
2,2,1,2022,N,1,NA,1,12.21.23,-2.4,0.7
2,2,1,2022,N,1,NA,2,12.21.23,-2.4,0.7
2,2,1,2022,N,1,NA,3,12.21.23,-2.4,0.7
2,2,1,2022,N,1,NA,4,12.21.23,-2.4,0.7
2,2,1,2022,N,1,NA,5,12.21.23,-2.4,0.7
2,2,1,2022,N,1,NA,6,12.21.23,-2.4,0.7
2,3,1,2022,N,1,NA,1,12.26.23,2.38,0.625
2,3,1,2022,N,1,NA,2,12.26.23,2.38,0.625
2,3,1,2022,N,1,NA,3,12.26.23,2.38,0.625
2,3,1,2022,N,1,NA,4,12.26.23,2.38,0.625
2,3,1,2022,N,1,NA,5,12.26.23,2.38,0.625
2,3,1,2022,N,1,NA,6,12.26.23,2.38,0.625
2,3,1,2022,N,1,NA,7,12.26.23,2.38,0.625
2,3,1,2022,N,1,NA,8,12.26.23,2.38,0.625
2,3,1,2022,N,1,NA,1,12.21.23,-2.4,0.625
2,3,1,2022,N,1,NA,2,12.21.23,-2.4,0.625
2,3,1,2022,N,1,NA,3,12.21.23,-2.4,0.625
2,3,1,2022,N,1,NA,4,12.21.23,-2.4,0.625
2,3,1,2022,N,1,NA,5,12.21.23,-2.4,0.625
2,3,1,2022,N,1,NA,6,12.21.23,-2.4,0.625
2,4,1,2022,N,1,NA,1,12.21.23,-2.4,0.775
2,4,1,2022,N,1,NA,2,12.21.23,-2.4,0.775
2,4,1,2022,N,1,NA,3,12.21.23,-2.4,0.775
2,4,1,2022,N,1,NA,4,12.21.23,-2.4,0.775
2,4,1,2022,N,1,NA,5,12.21.23,-2.4,0.775
2,4,1,2022,N,1,NA,6,12.21.23,-2.4,0.775
2,5,1,2022,N,1,NA,1,12.26.23,2.38,0.725
2,5,1,2022,N,1,NA,2,12.26.23,2.38,0.725
2,5,1,2022,N,1,NA,3,12.26.23,2.38,0.725
2,5,1,2022,N,1,NA,4,12.26.23,2.38,0.725
2,5,1,2022,N,1,NA,5,12.26.23,2.38,0.725
2,5,1,2022,N,1,NA,6,12.26.23,2.38,0.725
2,5,1,2022,N,1,NA,7,12.26.23,2.38,0.725
2,5,1,2022,N,1,NA,8,12.26.23,2.38,0.725
2,5,1,2022,N,1,NA,1,12.21.23,-2.4,0.725
2,5,1,2022,N,1,NA,2,12.21.23,-2.4,0.725
2,5,1,2022,N,1,NA,3,12.21.23,-2.4,0.725
2,5,1,2022,N,1,NA,4,12.21.23,-2.4,0.725
2,5,1,2022,N,1,NA,5,12.21.23,-2.4,0.725
2,5,1,2022,N,1,NA,6,12.21.23,-2.4,0.725
2,7,1,2022,N,1,NA,1,12.26.23,2.38,0.6
2,7,1,2022,N,1,NA,2,12.26.23,2.38,0.6
2,7,1,2022,N,1,NA,3,12.26.23,2.38,0.6
2,7,1,2022,N,1,NA,4,12.26.23,2.38,0.6
2,7,1,2022,N,1,NA,5,12.26.23,2.38,0.6
2,7,1,2022,N,1,NA,6,12.26.23,2.38,0.6
2,7,1,2022,N,1,NA,7,12.26.23,2.38,0.6
2,7,1,2022,N,1,NA,8,12.26.23,2.38,0.6
2,7,1,2022,N,1,NA,1,12.21.23,-2.4,0.6
2,7,1,2022,N,1,NA,2,12.21.23,-2.4,0.6
2,7,1,2022,N,1,NA,3,12.21.23,-2.4,0.6
2,7,1,2022,N,1,NA,4,12.21.23,-2.4,0.6
2,7,1,2022,N,1,NA,5,12.21.23,-2.4,0.6
2,7,1,2022,N,1,NA,6,12.21.23,-2.4,0.6
2,8,1,2022,N,1,NA,1,12.26.23,2.38,0.775
2,8,1,2022,N,1,NA,2,12.26.23,2.38,0.775
2,8,1,2022,N,1,NA,3,12.26.23,2.38,0.775
2,8,1,2022,N,1,NA,4,12.26.23,2.38,0.775
2,8,1,2022,N,1,NA,5,12.26.23,2.38,0.775
2,8,1,2022,N,1,NA,6,12.26.23,2.38,0.775
2,8,1,2022,N,1,NA,7,12.26.23,2.38,0.775
2,8,1,2022,N,1,NA,8,12.26.23,2.38,0.775
2,8,1,2022,N,1,NA,1,12.21.23,-2.4,0.775
2,8,1,2022,N,1,NA,2,12.21.23,-2.4,0.775
2,8,1,2022,N,1,NA,3,12.21.23,-2.4,0.775
2,8,1,2022,N,1,NA,4,12.21.23,-2.4,0.775
2,8,1,2022,N,1,NA,5,12.21.23,-2.4,0.775
2,8,1,2022,N,1,NA,6,12.21.23,-2.4,0.775
2,9,1,2022,N,1,NA,1,12.26.23,2.38,0.8
2,9,1,2022,N,1,NA,2,12.26.23,2.38,0.8
2,9,1,2022,N,1,NA,3,12.26.23,2.38,0.8
2,9,1,2022,N,1,NA,4,12.26.23,2.38,0.8
2,9,1,2022,N,1,NA,5,12.26.23,2.38,0.8
2,9,1,2022,N,1,NA,6,12.26.23,2.38,0.8
2,9,1,2022,N,1,NA,7,12.26.23,2.38,0.8
2,9,1,2022,N,1,NA,8,12.26.23,2.38,0.8
2,10,1,2022,N,1,NA,1,12.26.23,2.38,0.7
2,10,1,2022,N,1,NA,2,12.26.23,2.38,0.7
2,10,1,2022,N,1,NA,3,12.26.23,2.38,0.7
2,10,1,2022,N,1,NA,4,12.26.23,2.38,0.7
2,10,1,2022,N,1,NA,5,12.26.23,2.38,0.7
2,10,1,2022,N,1,NA,6,12.26.23,2.38,0.7
2,10,1,2022,N,1,NA,7,12.26.23,2.38,0.7
2,10,1,2022,N,1,NA,8,12.26.23,2.38,0.7
1,11,1,2022,N,1,NA,1,12.15.23,-0.85,1
1,11,1,2022,N,1,NA,2,12.15.23,-0.85,1
1,11,1,2022,N,1,NA,3,12.15.23,-0.85,1
1,11,1,2022,N,1,NA,4,12.15.23,-0.85,1
1,11,1,2022,N,1,NA,5,12.15.23,-0.85,1
1,11,1,2022,N,1,NA,6,12.15.23,-0.85,1
2,12,1,2022,N,1,NA,1,12.26.23,2.38,0.65
2,12,1,2022,N,1,NA,2,12.26.23,2.38,0.65
2,12,1,2022,N,1,NA,3,12.26.23,2.38,0.65
2,12,1,2022,N,1,NA,4,12.26.23,2.38,0.65
2,12,1,2022,N,1,NA,5,12.26.23,2.38,0.65
2,12,1,2022,N,1,NA,6,12.26.23,2.38,0.65
2,12,1,2022,N,1,NA,7,12.26.23,2.38,0.65
2,12,1,2022,N,1,NA,8,12.26.23,2.38,0.65
2,14,1,2022,N,1,NA,1,12.15.23,-0.85,0.7
2,14,1,2022,N,1,NA,2,12.15.23,-0.85,0.7
2,14,1,2022,N,1,NA,3,12.15.23,-0.85,0.7
2,14,1,2022,N,1,NA,4,12.15.23,-0.85,0.7
2,14,1,2022,N,1,NA,5,12.15.23,-0.85,0.7
2,14,1,2022,N,1,NA,6,12.15.23,-0.85,0.7
2,14,1,2022,N,1,NA,1,12.14.23,-0.88,0.7
2,14,1,2022,N,1,NA,2,12.14.23,-0.88,0.7
2,14,1,2022,N,1,NA,3,12.14.23,-0.88,0.7
2,14,1,2022,N,1,NA,4,12.14.23,-0.88,0.7
2,14,1,2022,N,1,NA,5,12.14.23,-0.88,0.7
2,14,1,2022,N,1,NA,6,12.14.23,-0.88,0.7
2,15,1,2022,N,1,NA,1,12.26.23,2.38,0.8
2,15,1,2022,N,1,NA,2,12.26.23,2.38,0.8
2,15,1,2022,N,1,NA,3,12.26.23,2.38,0.8
2,15,1,2022,N,1,NA,4,12.26.23,2.38,0.8
2,15,1,2022,N,1,NA,5,12.26.23,2.38,0.8
2,15,1,2022,N,1,NA,6,12.26.23,2.38,0.8
2,15,1,2022,N,1,NA,7,12.26.23,2.38,0.8
2,15,1,2022,N,1,NA,8,12.26.23,2.38,0.8
2,17,1,2022,N,1,NA,1,1.8.24,-2.25,0.6
2,17,1,2022,N,1,NA,2,1.8.24,-2.25,0.6
2,17,1,2022,N,1,NA,3,1.8.24,-2.25,0.6
2,17,1,2022,N,1,NA,4,1.8.24,-2.25,0.6
2,17,1,2022,N,1,NA,5,1.8.24,-2.25,0.6
2,17,1,2022,N,1,NA,6,1.8.24,-2.25,0.6
2,17,1,2022,N,1,NA,7,1.8.24,-2.25,0.6
2,17,1,2022,N,1,NA,8,1.8.24,-2.25,0.6
2,18,1,2022,N,1,NA,1,12.15.23,-0.85,0.75
2,18,1,2022,N,1,NA,2,12.15.23,-0.85,0.75
2,18,1,2022,N,1,NA,3,12.15.23,-0.85,0.75
2,18,1,2022,N,1,NA,4,12.15.23,-0.85,0.75
2,18,1,2022,N,1,NA,5,12.15.23,-0.85,0.75
2,18,1,2022,N,1,NA,6,12.15.23,-0.85,0.75
2,18,1,2022,N,1,NA,1,12.14.23,-0.88,0.75
2,18,1,2022,N,1,NA,2,12.14.23,-0.88,0.75
2,18,1,2022,N,1,NA,3,12.14.23,-0.88,0.75
2,18,1,2022,N,1,NA,4,12.14.23,-0.88,0.75
2,18,1,2022,N,1,NA,5,12.14.23,-0.88,0.75
2,18,1,2022,N,1,NA,6,12.14.23,-0.88,0.75
2,19,1,2022,N,1,NA,1,1.8.24,-2.25,0.75
2,19,1,2022,N,1,NA,2,1.8.24,-2.25,0.75
2,19,1,2022,N,1,NA,3,1.8.24,-2.25,0.75
2,19,1,2022,N,1,NA,4,1.8.24,-2.25,0.75
2,19,1,2022,N,1,NA,5,1.8.24,-2.25,0.75
2,19,1,2022,N,1,NA,6,1.8.24,-2.25,0.75
2,19,1,2022,N,1,NA,7,1.8.24,-2.25,0.75
2,19,1,2022,N,1,NA,8,1.8.24,-2.25,0.75
2,20,1,2022,N,1,NA,1,1.8.24,-2.25,0.625
2,20,1,2022,N,1,NA,2,1.8.24,-2.25,0.625
2,20,1,2022,N,1,NA,3,1.8.24,-2.25,0.625
2,20,1,2022,N,1,NA,4,1.8.24,-2.25,0.625
2,20,1,2022,N,1,NA,5,1.8.24,-2.25,0.625
2,20,1,2022,N,1,NA,6,1.8.24,-2.25,0.625
2,20,1,2022,N,1,NA,7,1.8.24,-2.25,0.625
2,20,1,2022,N,1,NA,8,1.8.24,-2.25,0.625
2,21,1,2022,N,1,NA,1,12.15.23,-0.85,0.65
2,21,1,2022,N,1,NA,2,12.15.23,-0.85,0.65
2,21,1,2022,N,1,NA,3,12.15.23,-0.85,0.65
2,21,1,2022,N,1,NA,4,12.15.23,-0.85,0.65
2,21,1,2022,N,1,NA,5,12.15.23,-0.85,0.65
2,21,1,2022,N,1,NA,6,12.15.23,-0.85,0.65
2,21,1,2022,N,1,NA,1,12.14.23,-0.88,0.65
2,21,1,2022,N,1,NA,2,12.14.23,-0.88,0.65
2,21,1,2022,N,1,NA,3,12.14.23,-0.88,0.65
2,21,1,2022,N,1,NA,4,12.14.23,-0.88,0.65
2,21,1,2022,N,1,NA,5,12.14.23,-0.88,0.65
2,21,1,2022,N,1,NA,6,12.14.23,-0.88,0.65
1,22,1,2022,N,1,NA,1,12.15.23,-0.85,1
1,22,1,2022,N,1,NA,2,12.15.23,-0.85,1
1,22,1,2022,N,1,NA,3,12.15.23,-0.85,1
1,22,1,2022,N,1,NA,4,12.15.23,-0.85,1
1,22,1,2022,N,1,NA,5,12.15.23,-0.85,1
1,22,1,2022,N,1,NA,6,12.15.23,-0.85,1
4,1,1,2022,N,1,NA,1,12.15.23,-0.85,0.85
4,1,1,2022,N,1,NA,2,12.15.23,-0.85,0.85
4,1,1,2022,N,1,40.47418213,3,12.15.23,-0.85,0.85
4,1,1,2022,N,1,NA,4,12.15.23,-0.85,0.85
4,1,1,2022,N,1,NA,5,12.15.23,-0.85,0.85
4,1,1,2022,N,1,NA,6,12.15.23,-0.85,0.85
4,2,1,2022,N,1,NA,1,1.8.24,-2.25,0.8
4,2,1,2022,N,1,NA,2,1.8.24,-2.25,0.8
4,2,1,2022,N,1,NA,3,1.8.24,-2.25,0.8
4,2,1,2022,N,1,NA,4,1.8.24,-2.25,0.8
4,2,1,2022,N,1,NA,5,1.8.24,-2.25,0.8
4,2,1,2022,N,1,NA,6,1.8.24,-2.25,0.8
4,2,1,2022,N,1,NA,7,1.8.24,-2.25,0.8
4,2,1,2022,N,1,NA,8,1.8.24,-2.25,0.8
4,3,1,2022,N,1,46.89994049,1,1.8.24,-2.25,0.85
4,3,1,2022,N,1,NA,2,1.8.24,-2.25,0.85
4,3,1,2022,N,1,NA,3,1.8.24,-2.25,0.85
4,3,1,2022,N,1,NA,4,1.8.24,-2.25,0.85
4,3,1,2022,N,1,NA,5,1.8.24,-2.25,0.85
4,3,1,2022,N,1,NA,6,1.8.24,-2.25,0.85
4,3,1,2022,N,1,NA,7,1.8.24,-2.25,0.85
4,3,1,2022,N,1,NA,8,1.8.24,-2.25,0.85
4,4,1,2022,N,1,NA,1,12.14.23,-0.88,0.8
4,4,1,2022,N,1,NA,2,12.14.23,-0.88,0.8
4,4,1,2022,N,1,NA,3,12.14.23,-0.88,0.8
4,4,1,2022,N,1,NA,4,12.14.23,-0.88,0.8
4,4,1,2022,N,1,NA,5,12.14.23,-0.88,0.8
4,4,1,2022,N,1,NA,6,12.14.23,-0.88,0.8
4,5,1,2022,N,1,NA,1,1.8.24,-2.25,0.8
4,5,1,2022,N,1,NA,2,1.8.24,-2.25,0.8
4,5,1,2022,N,1,NA,3,1.8.24,-2.25,0.8
4,5,1,2022,N,1,NA,4,1.8.24,-2.25,0.8
4,5,1,2022,N,1,NA,5,1.8.24,-2.25,0.8
4,5,1,2022,N,1,NA,6,1.8.24,-2.25,0.8
4,5,1,2022,N,1,NA,7,1.8.24,-2.25,0.8
4,5,1,2022,N,1,NA,8,1.8.24,-2.25,0.8
4,6,1,2022,N,1,NA,1,1.8.24,-2.25,0.8
4,6,1,2022,N,1,NA,2,1.8.24,-2.25,0.8
4,6,1,2022,N,1,NA,3,1.8.24,-2.25,0.8
4,6,1,2022,N,1,NA,4,1.8.24,-2.25,0.8
4,6,1,2022,N,1,NA,5,1.8.24,-2.25,0.8
4,6,1,2022,N,1,NA,6,1.8.24,-2.25,0.8
4,6,1,2022,N,1,49.6891098,7,1.8.24,-2.25,0.8
4,6,1,2022,N,1,NA,8,1.8.24,-2.25,0.8
4,7,1,2022,N,1,NA,1,12.14.23,-0.88,0.85
4,7,1,2022,N,1,NA,2,12.14.23,-0.88,0.85
4,7,1,2022,N,1,NA,3,12.14.23,-0.88,0.85
4,7,1,2022,N,1,NA,4,12.14.23,-0.88,0.85
4,7,1,2022,N,1,NA,5,12.14.23,-0.88,0.85
4,7,1,2022,N,1,NA,6,12.14.23,-0.88,0.85
4,8,1,2022,N,1,NA,1,12.14.23,-0.88,0.875
4,8,1,2022,N,1,NA,2,12.14.23,-0.88,0.875
4,8,1,2022,N,1,NA,3,12.14.23,-0.88,0.875
4,8,1,2022,N,1,NA,4,12.14.23,-0.88,0.875
4,8,1,2022,N,1,NA,5,12.14.23,-0.88,0.875
4,8,1,2022,N,1,NA,6,12.14.23,-0.88,0.875
4,9,1,2022,N,1,NA,1,1.8.24,-2.25,0.8
4,9,1,2022,N,1,NA,2,1.8.24,-2.25,0.8
4,9,1,2022,N,1,37.66262054,3,1.8.24,-2.25,0.8
4,9,1,2022,N,1,NA,4,1.8.24,-2.25,0.8
4,9,1,2022,N,1,NA,5,1.8.24,-2.25,0.8
4,9,1,2022,N,1,NA,6,1.8.24,-2.25,0.8
4,9,1,2022,N,1,NA,7,1.8.24,-2.25,0.8
4,9,1,2022,N,1,NA,8,1.8.24,-2.25,0.8
4,10,1,2022,N,1,NA,1,1.8.24,-2.25,0.8
4,10,1,2022,N,1,NA,2,1.8.24,-2.25,0.8
4,10,1,2022,N,1,NA,3,1.8.24,-2.25,0.8
4,10,1,2022,N,1,NA,4,1.8.24,-2.25,0.8
4,10,1,2022,N,1,NA,5,1.8.24,-2.25,0.8
4,10,1,2022,N,1,NA,6,1.8.24,-2.25,0.8
4,10,1,2022,N,1,NA,7,1.8.24,-2.25,0.8
4,10,1,2022,N,1,NA,8,1.8.24,-2.25,0.8
4,12,1,2022,N,1,NA,1,12.14.23,-0.88,0.875
4,12,1,2022,N,1,NA,2,12.14.23,-0.88,0.875
4,12,1,2022,N,1,NA,3,12.14.23,-0.88,0.875
4,12,1,2022,N,1,NA,4,12.14.23,-0.88,0.875
4,12,1,2022,N,1,NA,5,12.14.23,-0.88,0.875
4,12,1,2022,N,1,NA,6,12.14.23,-0.88,0.875
4,13,1,2022,N,1,NA,1,12.14.23,-0.88,0.875
4,13,1,2022,N,1,NA,2,12.14.23,-0.88,0.875
4,13,1,2022,N,1,NA,3,12.14.23,-0.88,0.875
4,13,1,2022,N,1,NA,4,12.14.23,-0.88,0.875
4,13,1,2022,N,1,NA,5,12.14.23,-0.88,0.875
4,13,1,2022,N,1,NA,6,12.14.23,-0.88,0.875
4,14,1,2022,N,1,NA,1,1.8.24,-2.25,0.8
4,14,1,2022,N,1,NA,2,1.8.24,-2.25,0.8
4,14,1,2022,N,1,NA,3,1.8.24,-2.25,0.8
4,14,1,2022,N,1,NA,4,1.8.24,-2.25,0.8
4,14,1,2022,N,1,NA,5,1.8.24,-2.25,0.8
4,14,1,2022,N,1,NA,6,1.8.24,-2.25,0.8
4,14,1,2022,N,1,NA,7,1.8.24,-2.25,0.8
4,14,1,2022,N,1,NA,8,1.8.24,-2.25,0.8
4,15,1,2022,N,1,NA,1,1.8.24,-2.25,0.85
4,15,1,2022,N,1,NA,2,1.8.24,-2.25,0.85
4,15,1,2022,N,1,NA,3,1.8.24,-2.25,0.85
4,15,1,2022,N,1,NA,4,1.8.24,-2.25,0.85
4,15,1,2022,N,1,NA,5,1.8.24,-2.25,0.85
4,15,1,2022,N,1,NA,6,1.8.24,-2.25,0.85
4,15,1,2022,N,1,NA,7,1.8.24,-2.25,0.85
4,15,1,2022,N,1,NA,8,1.8.24,-2.25,0.85
4,16,1,2022,N,1,NA,1,1.9.24,0.7,0.875
4,16,1,2022,N,1,NA,2,1.9.24,0.7,0.875
4,16,1,2022,N,1,NA,3,1.9.24,0.7,0.875
4,16,1,2022,N,1,NA,4,1.9.24,0.7,0.875
4,16,1,2022,N,1,NA,5,1.9.24,0.7,0.875
4,16,1,2022,N,1,NA,6,1.9.24,0.7,0.875
4,16,1,2022,N,1,NA,7,1.9.24,0.7,0.875
4,16,1,2022,N,1,NA,8,1.9.24,0.7,0.875
4,16,1,2022,N,1,NA,1,1.9.24,0.7,0.875
4,16,1,2022,N,1,NA,2,1.9.24,0.7,0.875
4,16,1,2022,N,1,NA,3,1.9.24,0.7,0.875
4,16,1,2022,N,1,NA,4,1.9.24,0.7,0.875
4,16,1,2022,N,1,NA,5,1.9.24,0.7,0.875
4,16,1,2022,N,1,NA,6,1.9.24,0.7,0.875
4,16,1,2022,N,1,NA,7,1.9.24,0.7,0.875
4,16,1,2022,N,1,NA,8,1.9.24,0.7,0.875
4,17,1,2022,N,1,NA,1,1.9.24,0.7,0.875
4,17,1,2022,N,1,NA,2,1.9.24,0.7,0.875
4,17,1,2022,N,1,NA,3,1.9.24,0.7,0.875
4,17,1,2022,N,1,NA,4,1.9.24,0.7,0.875
4,17,1,2022,N,1,NA,5,1.9.24,0.7,0.875
4,17,1,2022,N,1,NA,6,1.9.24,0.7,0.875
4,17,1,2022,N,1,NA,7,1.9.24,0.7,0.875
4,17,1,2022,N,1,NA,8,1.9.24,0.7,0.875
4,17,1,2022,N,1,NA,1,1.9.24,0.7,0.875
4,17,1,2022,N,1,NA,2,1.9.24,0.7,0.875
4,17,1,2022,N,1,NA,3,1.9.24,0.7,0.875
4,17,1,2022,N,1,NA,4,1.9.24,0.7,0.875
4,17,1,2022,N,1,NA,5,1.9.24,0.7,0.875
4,17,1,2022,N,1,NA,6,1.9.24,0.7,0.875
4,17,1,2022,N,1,NA,7,1.9.24,0.7,0.875
4,17,1,2022,N,1,NA,8,1.9.24,0.7,0.875
4,18,1,2022,N,1,NA,1,1.9.24,0.7,0.85
4,18,1,2022,N,1,NA,2,1.9.24,0.7,0.85
4,18,1,2022,N,1,NA,3,1.9.24,0.7,0.85
4,18,1,2022,N,1,NA,4,1.9.24,0.7,0.85
4,18,1,2022,N,1,NA,5,1.9.24,0.7,0.85
4,18,1,2022,N,1,NA,6,1.9.24,0.7,0.85
4,18,1,2022,N,1,NA,7,1.9.24,0.7,0.85
4,18,1,2022,N,1,NA,8,1.9.24,0.7,0.85
4,18,1,2022,N,1,NA,1,1.9.24,0.7,0.85
4,18,1,2022,N,1,NA,2,1.9.24,0.7,0.85
4,18,1,2022,N,1,NA,3,1.9.24,0.7,0.85
4,18,1,2022,N,1,NA,4,1.9.24,0.7,0.85
4,18,1,2022,N,1,NA,5,1.9.24,0.7,0.85
4,18,1,2022,N,1,NA,6,1.9.24,0.7,0.85
4,18,1,2022,N,1,NA,7,1.9.24,0.7,0.85
4,18,1,2022,N,1,NA,8,1.9.24,0.7,0.85
4,19,1,2022,N,1,NA,1,12.14.23,-0.88,0.8
4,19,1,2022,N,1,NA,2,12.14.23,-0.88,0.8
4,19,1,2022,N,1,NA,3,12.14.23,-0.88,0.8
4,19,1,2022,N,1,NA,4,12.14.23,-0.88,0.8
4,19,1,2022,N,1,NA,5,12.14.23,-0.88,0.8
4,19,1,2022,N,1,NA,6,12.14.23,-0.88,0.8
4,20,1,2022,N,1,NA,1,1.9.24,0.7,0.85
4,20,1,2022,N,1,NA,2,1.9.24,0.7,0.85
4,20,1,2022,N,1,NA,3,1.9.24,0.7,0.85
4,20,1,2022,N,1,NA,4,1.9.24,0.7,0.85
4,20,1,2022,N,1,NA,5,1.9.24,0.7,0.85
4,20,1,2022,N,1,NA,6,1.9.24,0.7,0.85
4,20,1,2022,N,1,NA,7,1.9.24,0.7,0.85
4,20,1,2022,N,1,NA,8,1.9.24,0.7,0.85
4,20,1,2022,N,1,NA,1,1.9.24,0.7,0.85
4,20,1,2022,N,1,NA,2,1.9.24,0.7,0.85
4,20,1,2022,N,1,NA,3,1.9.24,0.7,0.85
4,20,1,2022,N,1,NA,4,1.9.24,0.7,0.85
4,20,1,2022,N,1,NA,5,1.9.24,0.7,0.85
4,20,1,2022,N,1,NA,6,1.9.24,0.7,0.85
4,20,1,2022,N,1,NA,7,1.9.24,0.7,0.85
4,20,1,2022,N,1,NA,8,1.9.24,0.7,0.85
4,21,1,2022,N,1,NA,1,1.9.24,0.7,0.875
4,21,1,2022,N,1,NA,2,1.9.24,0.7,0.875
4,21,1,2022,N,1,NA,3,1.9.24,0.7,0.875
4,21,1,2022,N,1,NA,4,1.9.24,0.7,0.875
4,21,1,2022,N,1,NA,5,1.9.24,0.7,0.875
4,21,1,2022,N,1,NA,6,1.9.24,0.7,0.875
4,21,1,2022,N,1,NA,7,1.9.24,0.7,0.875
4,21,1,2022,N,1,NA,8,1.9.24,0.7,0.875
4,21,1,2022,N,1,NA,1,1.9.24,0.7,0.875
4,21,1,2022,N,1,NA,2,1.9.24,0.7,0.875
4,21,1,2022,N,1,NA,3,1.9.24,0.7,0.875
4,21,1,2022,N,1,NA,4,1.9.24,0.7,0.875
4,21,1,2022,N,1,NA,5,1.9.24,0.7,0.875
4,21,1,2022,N,1,NA,6,1.9.24,0.7,0.875
4,21,1,2022,N,1,NA,7,1.9.24,0.7,0.875
4,21,1,2022,N,1,NA,8,1.9.24,0.7,0.875
7,1,1,2022,N,1,NA,1,12.15.23,-0.85,1
7,1,1,2022,N,1,NA,2,12.15.23,-0.85,1
7,1,1,2022,N,1,NA,3,12.15.23,-0.85,1
7,1,1,2022,N,1,NA,4,12.15.23,-0.85,1
7,1,1,2022,N,1,NA,5,12.15.23,-0.85,1
7,1,1,2022,N,1,NA,6,12.15.23,-0.85,1
7,2,1,2022,N,1,NA,1,12.15.23,-0.85,1
7,2,1,2022,N,1,NA,2,12.15.23,-0.85,1
7,2,1,2022,N,1,NA,3,12.15.23,-0.85,1
7,2,1,2022,N,1,NA,4,12.15.23,-0.85,1
7,2,1,2022,N,1,NA,5,12.15.23,-0.85,1
7,2,1,2022,N,1,NA,6,12.15.23,-0.85,1
7,3,1,2022,N,1,NA,1,1.9.24,0.7,1
7,3,1,2022,N,1,NA,2,1.9.24,0.7,1
7,3,1,2022,N,1,NA,3,1.9.24,0.7,1
7,3,1,2022,N,1,48.92899704,4,1.9.24,0.7,1
7,3,1,2022,N,1,NA,5,1.9.24,0.7,1
7,3,1,2022,N,1,NA,6,1.9.24,0.7,1
7,3,1,2022,N,1,NA,7,1.9.24,0.7,1
7,3,1,2022,N,1,NA,8,1.9.24,0.7,1
7,3,1,2022,N,1,NA,1,1.9.24,0.7,1
7,3,1,2022,N,1,NA,2,1.9.24,0.7,1
7,3,1,2022,N,1,NA,3,1.9.24,0.7,1
7,3,1,2022,N,1,48.92899704,4,1.9.24,0.7,1
7,3,1,2022,N,1,NA,5,1.9.24,0.7,1
7,3,1,2022,N,1,NA,6,1.9.24,0.7,1
7,3,1,2022,N,1,NA,7,1.9.24,0.7,1
7,3,1,2022,N,1,NA,8,1.9.24,0.7,1
7,4,1,2022,N,1,NA,1,1.9.24,0.7,1
7,4,1,2022,N,1,NA,2,1.9.24,0.7,1
7,4,1,2022,N,1,NA,3,1.9.24,0.7,1
7,4,1,2022,N,1,NA,4,1.9.24,0.7,1
7,4,1,2022,N,1,44.93502426,5,1.9.24,0.7,1
7,4,1,2022,N,1,NA,6,1.9.24,0.7,1
7,4,1,2022,N,1,NA,7,1.9.24,0.7,1
7,4,1,2022,N,1,NA,8,1.9.24,0.7,1
7,4,1,2022,N,1,NA,1,1.9.24,0.7,1
7,4,1,2022,N,1,NA,2,1.9.24,0.7,1
7,4,1,2022,N,1,NA,3,1.9.24,0.7,1
7,4,1,2022,N,1,NA,4,1.9.24,0.7,1
7,4,1,2022,N,1,44.93502426,5,1.9.24,0.7,1
7,4,1,2022,N,1,NA,6,1.9.24,0.7,1
7,4,1,2022,N,1,NA,7,1.9.24,0.7,1
7,4,1,2022,N,1,NA,8,1.9.24,0.7,1
7,5,1,2022,N,1,NA,1,1.9.24,0.7,1
7,5,1,2022,N,1,NA,2,1.9.24,0.7,1
7,5,1,2022,N,1,NA,3,1.9.24,0.7,1
7,5,1,2022,N,1,44.4263649,4,1.9.24,0.7,1
7,5,1,2022,N,1,NA,5,1.9.24,0.7,1
7,5,1,2022,N,1,NA,6,1.9.24,0.7,1
7,5,1,2022,N,1,NA,7,1.9.24,0.7,1
7,5,1,2022,N,1,47.02384567,8,1.9.24,0.7,1
7,5,1,2022,N,1,NA,1,1.9.24,0.7,1
7,5,1,2022,N,1,NA,2,1.9.24,0.7,1
7,5,1,2022,N,1,NA,3,1.9.24,0.7,1
7,5,1,2022,N,1,44.4263649,4,1.9.24,0.7,1
7,5,1,2022,N,1,NA,5,1.9.24,0.7,1
7,5,1,2022,N,1,NA,6,1.9.24,0.7,1
7,5,1,2022,N,1,NA,7,1.9.24,0.7,1
7,5,1,2022,N,1,47.02384567,8,1.9.24,0.7,1
7,6,1,2022,N,1,NA,1,1.9.24,0.7,1
7,6,1,2022,N,1,NA,2,1.9.24,0.7,1
7,6,1,2022,N,1,NA,3,1.9.24,0.7,1
7,6,1,2022,N,1,NA,4,1.9.24,0.7,1
7,6,1,2022,N,1,NA,5,1.9.24,0.7,1
7,6,1,2022,N,1,NA,6,1.9.24,0.7,1
7,6,1,2022,N,1,NA,7,1.9.24,0.7,1
7,6,1,2022,N,1,NA,8,1.9.24,0.7,1
7,6,1,2022,N,1,NA,1,1.9.24,0.7,1
7,6,1,2022,N,1,NA,2,1.9.24,0.7,1
7,6,1,2022,N,1,NA,3,1.9.24,0.7,1
7,6,1,2022,N,1,NA,4,1.9.24,0.7,1
7,6,1,2022,N,1,NA,5,1.9.24,0.7,1
7,6,1,2022,N,1,NA,6,1.9.24,0.7,1
7,6,1,2022,N,1,NA,7,1.9.24,0.7,1
7,6,1,2022,N,1,NA,8,1.9.24,0.7,1
7,7,1,2022,N,1,NA,1,1.19.24,-1.09,1
7,7,1,2022,N,1,47.04353714,2,1.19.24,-1.09,1
7,7,1,2022,N,1,NA,3,1.19.24,-1.09,1
7,7,1,2022,N,1,45.26473999,4,1.19.24,-1.09,1
7,7,1,2022,N,1,NA,5,1.19.24,-1.09,1
7,7,1,2022,N,1,38.34936905,6,1.19.24,-1.09,1
7,7,1,2022,N,1,NA,7,1.19.24,-1.09,1
7,7,1,2022,N,1,NA,8,1.19.24,-1.09,1
7,8,1,2022,N,1,NA,1,1.9.24,0.7,1
7,8,1,2022,N,1,NA,2,1.9.24,0.7,1
7,8,1,2022,N,1,NA,3,1.9.24,0.7,1
7,8,1,2022,N,1,NA,4,1.9.24,0.7,1
7,8,1,2022,N,1,NA,5,1.9.24,0.7,1
7,8,1,2022,N,1,NA,6,1.9.24,0.7,1
7,8,1,2022,N,1,NA,7,1.9.24,0.7,1
7,8,1,2022,N,1,NA,8,1.9.24,0.7,1
7,8,1,2022,N,1,NA,1,1.9.24,0.7,1
7,8,1,2022,N,1,NA,2,1.9.24,0.7,1
7,8,1,2022,N,1,NA,3,1.9.24,0.7,1
7,8,1,2022,N,1,NA,4,1.9.24,0.7,1
7,8,1,2022,N,1,NA,5,1.9.24,0.7,1
7,8,1,2022,N,1,NA,6,1.9.24,0.7,1
7,8,1,2022,N,1,NA,7,1.9.24,0.7,1
7,8,1,2022,N,1,NA,8,1.9.24,0.7,1
7,9,1,2022,N,1,NA,1,1.9.24,0.7,1
7,9,1,2022,N,1,NA,2,1.9.24,0.7,1
7,9,1,2022,N,1,NA,3,1.9.24,0.7,1
7,9,1,2022,N,1,NA,4,1.9.24,0.7,1
7,9,1,2022,N,1,NA,5,1.9.24,0.7,1
7,9,1,2022,N,1,NA,6,1.9.24,0.7,1
7,9,1,2022,N,1,NA,7,1.9.24,0.7,1
7,9,1,2022,N,1,46.33296204,8,1.9.24,0.7,1
7,9,1,2022,N,1,NA,1,1.9.24,0.7,1
7,9,1,2022,N,1,NA,2,1.9.24,0.7,1
7,9,1,2022,N,1,NA,3,1.9.24,0.7,1
7,9,1,2022,N,1,NA,4,1.9.24,0.7,1
7,9,1,2022,N,1,NA,5,1.9.24,0.7,1
7,9,1,2022,N,1,NA,6,1.9.24,0.7,1
7,9,1,2022,N,1,NA,7,1.9.24,0.7,1
7,9,1,2022,N,1,46.33296204,8,1.9.24,0.7,1
7,10,1,2022,N,1,NA,1,1.16.24,0.58,1
7,10,1,2022,N,1,NA,2,1.16.24,0.58,1
7,10,1,2022,N,1,NA,3,1.16.24,0.58,1
7,10,1,2022,N,1,NA,4,1.16.24,0.58,1
7,10,1,2022,N,1,NA,5,1.16.24,0.58,1
7,10,1,2022,N,1,NA,6,1.16.24,0.58,1
7,10,1,2022,N,1,NA,7,1.16.24,0.58,1
7,10,1,2022,N,1,NA,8,1.16.24,0.58,1
7,12,1,2022,N,1,NA,1,1.16.24,0.58,1
7,12,1,2022,N,1,NA,2,1.16.24,0.58,1
7,12,1,2022,N,1,NA,3,1.16.24,0.58,1
7,12,1,2022,N,1,NA,4,1.16.24,0.58,1
7,12,1,2022,N,1,NA,5,1.16.24,0.58,1
7,12,1,2022,N,1,NA,6,1.16.24,0.58,1
7,12,1,2022,N,1,NA,7,1.16.24,0.58,1
7,12,1,2022,N,1,NA,8,1.16.24,0.58,1
7,13,1,2022,N,1,NA,1,1.16.24,0.58,1
7,13,1,2022,N,1,NA,2,1.16.24,0.58,1
7,13,1,2022,N,1,NA,3,1.16.24,0.58,1
7,13,1,2022,N,1,NA,4,1.16.24,0.58,1
7,13,1,2022,N,1,NA,5,1.16.24,0.58,1
7,13,1,2022,N,1,NA,6,1.16.24,0.58,1
7,13,1,2022,N,1,48.06899261,7,1.16.24,0.58,1
7,13,1,2022,N,1,NA,8,1.16.24,0.58,1
7,14,1,2022,N,1,NA,1,1.16.24,0.58,1
7,14,1,2022,N,1,NA,2,1.16.24,0.58,1
7,14,1,2022,N,1,NA,3,1.16.24,0.58,1
7,14,1,2022,N,1,NA,4,1.16.24,0.58,1
7,14,1,2022,N,1,NA,5,1.16.24,0.58,1
7,14,1,2022,N,1,NA,6,1.16.24,0.58,1
7,14,1,2022,N,1,NA,7,1.16.24,0.58,1
7,14,1,2022,N,1,NA,8,1.16.24,0.58,1
7,15,1,2022,N,1,NA,1,12.15.23,-0.85,1
7,15,1,2022,N,1,NA,2,12.15.23,-0.85,1
7,15,1,2022,N,1,NA,3,12.15.23,-0.85,1
7,15,1,2022,N,1,NA,4,12.15.23,-0.85,1
7,15,1,2022,N,1,NA,5,12.15.23,-0.85,1
7,15,1,2022,N,1,NA,6,12.15.23,-0.85,1
7,16,1,2022,N,1,NA,1,12.15.23,-0.85,1
7,16,1,2022,N,1,NA,2,12.15.23,-0.85,1
7,16,1,2022,N,1,NA,3,12.15.23,-0.85,1
7,16,1,2022,N,1,NA,4,12.15.23,-0.85,1
7,16,1,2022,N,1,NA,5,12.15.23,-0.85,1
7,16,1,2022,N,1,NA,6,12.15.23,-0.85,1
7,17,1,2022,N,1,NA,1,1.16.24,0.58,1
7,17,1,2022,N,1,NA,2,1.16.24,0.58,1
7,17,1,2022,N,1,NA,3,1.16.24,0.58,1
7,17,1,2022,N,1,NA,4,1.16.24,0.58,1
7,17,1,2022,N,1,NA,5,1.16.24,0.58,1
7,17,1,2022,N,1,NA,6,1.16.24,0.58,1
7,17,1,2022,N,1,NA,7,1.16.24,0.58,1
7,17,1,2022,N,1,NA,8,1.16.24,0.58,1
7,18,1,2022,N,1,NA,1,1.16.24,0.58,1
7,18,1,2022,N,1,NA,2,1.16.24,0.58,1
7,18,1,2022,N,1,NA,3,1.16.24,0.58,1
7,18,1,2022,N,1,NA,4,1.16.24,0.58,1
7,18,1,2022,N,1,NA,5,1.16.24,0.58,1
7,18,1,2022,N,1,NA,6,1.16.24,0.58,1
7,18,1,2022,N,1,NA,7,1.16.24,0.58,1
7,18,1,2022,N,1,NA,8,1.16.24,0.58,1
7,19,1,2022,N,1,NA,1,1.16.24,0.58,1
7,19,1,2022,N,1,NA,2,1.16.24,0.58,1
7,19,1,2022,N,1,NA,3,1.16.24,0.58,1
7,19,1,2022,N,1,NA,4,1.16.24,0.58,1
7,19,1,2022,N,1,NA,5,1.16.24,0.58,1
7,19,1,2022,N,1,NA,6,1.16.24,0.58,1
7,19,1,2022,N,1,NA,7,1.16.24,0.58,1
7,19,1,2022,N,1,NA,8,1.16.24,0.58,1
7,20,1,2022,N,1,NA,1,1.16.24,0.58,1
7,20,1,2022,N,1,38.353508,2,1.16.24,0.58,1
7,20,1,2022,N,1,NA,3,1.16.24,0.58,1
7,20,1,2022,N,1,NA,4,1.16.24,0.58,1
7,20,1,2022,N,1,NA,5,1.16.24,0.58,1
7,20,1,2022,N,1,NA,6,1.16.24,0.58,1
7,20,1,2022,N,1,NA,7,1.16.24,0.58,1
7,20,1,2022,N,1,NA,8,1.16.24,0.58,1
7,21,1,2022,N,1,NA,1,12.15.23,-0.85,1
7,21,1,2022,N,1,NA,2,12.15.23,-0.85,1
7,21,1,2022,N,1,36.07445526,3,12.15.23,-0.85,1
7,21,1,2022,N,1,NA,4,12.15.23,-0.85,1
7,21,1,2022,N,1,NA,5,12.15.23,-0.85,1
7,21,1,2022,N,1,NA,6,12.15.23,-0.85,1
10,1,1,2022,N,1,NA,1,1.16.24,0.58,1
10,1,1,2022,N,1,NA,2,1.16.24,0.58,1
10,1,1,2022,N,1,NA,3,1.16.24,0.58,1
10,1,1,2022,N,1,NA,4,1.16.24,0.58,1
10,1,1,2022,N,1,NA,5,1.16.24,0.58,1
10,1,1,2022,N,1,NA,6,1.16.24,0.58,1
10,1,1,2022,N,1,NA,7,1.16.24,0.58,1
10,1,1,2022,N,1,NA,8,1.16.24,0.58,1
10,2,1,2022,N,1,NA,1,1.16.24,0.58,1
10,2,1,2022,N,1,NA,2,1.16.24,0.58,1
10,2,1,2022,N,1,NA,3,1.16.24,0.58,1
10,2,1,2022,N,1,NA,4,1.16.24,0.58,1
10,2,1,2022,N,1,NA,5,1.16.24,0.58,1
10,2,1,2022,N,1,NA,6,1.16.24,0.58,1
10,2,1,2022,N,1,NA,7,1.16.24,0.58,1
10,2,1,2022,N,1,NA,8,1.16.24,0.58,1
10,3,1,2022,N,1,NA,1,1.16.24,0.58,1
10,3,1,2022,N,1,NA,2,1.16.24,0.58,1
10,3,1,2022,N,1,NA,3,1.16.24,0.58,1
10,3,1,2022,N,1,48.62319946,4,1.16.24,0.58,1
10,3,1,2022,N,1,NA,5,1.16.24,0.58,1
10,3,1,2022,N,1,NA,6,1.16.24,0.58,1
10,3,1,2022,N,1,NA,7,1.16.24,0.58,1
10,3,1,2022,N,1,NA,8,1.16.24,0.58,1
10,4,1,2022,N,1,NA,1,1.17.24AM,-1.69,1
10,4,1,2022,N,1,NA,2,1.17.24AM,-1.69,1
10,4,1,2022,N,1,NA,3,1.17.24AM,-1.69,1
10,4,1,2022,N,1,NA,4,1.17.24AM,-1.69,1
10,4,1,2022,N,1,NA,5,1.17.24AM,-1.69,1
10,4,1,2022,N,1,NA,6,1.17.24AM,-1.69,1
10,4,1,2022,N,1,NA,7,1.17.24AM,-1.69,1
10,4,1,2022,N,1,NA,8,1.17.24AM,-1.69,1
10,5,1,2022,N,1,NA,1,1.17.24AM,-1.69,1
10,5,1,2022,N,1,NA,2,1.17.24AM,-1.69,1
10,5,1,2022,N,1,NA,3,1.17.24AM,-1.69,1
10,5,1,2022,N,1,NA,4,1.17.24AM,-1.69,1
10,5,1,2022,N,1,NA,5,1.17.24AM,-1.69,1
10,5,1,2022,N,1,NA,6,1.17.24AM,-1.69,1
10,5,1,2022,N,1,NA,7,1.17.24AM,-1.69,1
10,5,1,2022,N,1,NA,8,1.17.24AM,-1.69,1
10,6,1,2022,N,1,NA,1,1.17.24AM,-1.69,1
10,6,1,2022,N,1,NA,2,1.17.24AM,-1.69,1
10,6,1,2022,N,1,48.71681595,3,1.17.24AM,-1.69,1
10,6,1,2022,N,1,NA,4,1.17.24AM,-1.69,1
10,6,1,2022,N,1,45.96433258,5,1.17.24AM,-1.69,1
10,6,1,2022,N,1,NA,6,1.17.24AM,-1.69,1
10,6,1,2022,N,1,NA,7,1.17.24AM,-1.69,1
10,6,1,2022,N,1,NA,8,1.17.24AM,-1.69,1
10,7,1,2022,N,1,NA,1,1.17.24AM,-1.69,1.05
10,7,1,2022,N,1,NA,2,1.17.24AM,-1.69,1.05
10,7,1,2022,N,1,NA,3,1.17.24AM,-1.69,1.05
10,7,1,2022,N,1,NA,4,1.17.24AM,-1.69,1.05
10,7,1,2022,N,1,NA,5,1.17.24AM,-1.69,1.05
10,7,1,2022,N,1,NA,6,1.17.24AM,-1.69,1.05
10,7,1,2022,N,1,NA,7,1.17.24AM,-1.69,1.05
10,7,1,2022,N,1,NA,8,1.17.24AM,-1.69,1.05
10,8,1,2022,N,1,NA,1,12.15.23,-0.85,1
10,8,1,2022,N,1,NA,2,12.15.23,-0.85,1
10,8,1,2022,N,1,NA,3,12.15.23,-0.85,1
10,8,1,2022,N,1,NA,4,12.15.23,-0.85,1
10,8,1,2022,N,1,NA,5,12.15.23,-0.85,1
10,8,1,2022,N,1,NA,6,12.15.23,-0.85,1
10,9,1,2022,N,1,NA,1,1.17.24AM,-1.69,1
10,9,1,2022,N,1,NA,2,1.17.24AM,-1.69,1
10,9,1,2022,N,1,NA,3,1.17.24AM,-1.69,1
10,9,1,2022,N,1,NA,4,1.17.24AM,-1.69,1
10,9,1,2022,N,1,NA,5,1.17.24AM,-1.69,1
10,9,1,2022,N,1,NA,6,1.17.24AM,-1.69,1
10,9,1,2022,N,1,NA,7,1.17.24AM,-1.69,1
10,9,1,2022,N,1,NA,8,1.17.24AM,-1.69,1
10,10,1,2022,N,1,NA,1,1.17.24AM,-1.69,1
10,10,1,2022,N,1,NA,2,1.17.24AM,-1.69,1
10,10,1,2022,N,1,NA,3,1.17.24AM,-1.69,1
10,10,1,2022,N,1,NA,4,1.17.24AM,-1.69,1
10,10,1,2022,N,1,NA,5,1.17.24AM,-1.69,1
10,10,1,2022,N,1,NA,6,1.17.24AM,-1.69,1
10,10,1,2022,N,1,NA,7,1.17.24AM,-1.69,1
10,10,1,2022,N,1,NA,8,1.17.24AM,-1.69,1
10,12,1,2022,N,1,NA,1,1.17.24AM,-1.69,1
10,12,1,2022,N,1,NA,2,1.17.24AM,-1.69,1
10,12,1,2022,N,1,47.30348587,3,1.17.24AM,-1.69,1
10,12,1,2022,N,1,NA,4,1.17.24AM,-1.69,1
10,12,1,2022,N,1,NA,5,1.17.24AM,-1.69,1
10,12,1,2022,N,1,NA,6,1.17.24AM,-1.69,1
10,12,1,2022,N,1,NA,7,1.17.24AM,-1.69,1
10,12,1,2022,N,1,NA,8,1.17.24AM,-1.69,1
10,13,1,2022,N,1,NA,1,1.17.24AM,-1.69,1
10,13,1,2022,N,1,NA,2,1.17.24AM,-1.69,1
10,13,1,2022,N,1,NA,3,1.17.24AM,-1.69,1
10,13,1,2022,N,1,NA,4,1.17.24AM,-1.69,1
10,13,1,2022,N,1,38.25033569,5,1.17.24AM,-1.69,1
10,13,1,2022,N,1,39.29874039,6,1.17.24AM,-1.69,1
10,13,1,2022,N,1,NA,7,1.17.24AM,-1.69,1
10,13,1,2022,N,1,NA,8,1.17.24AM,-1.69,1
10,14,1,2022,N,1,NA,1,1.17.24AM,-1.69,1
10,14,1,2022,N,1,NA,2,1.17.24AM,-1.69,1
10,14,1,2022,N,1,NA,3,1.17.24AM,-1.69,1
10,14,1,2022,N,1,NA,4,1.17.24AM,-1.69,1
10,14,1,2022,N,1,46.99697876,5,1.17.24AM,-1.69,1
10,14,1,2022,N,1,NA,6,1.17.24AM,-1.69,1
10,14,1,2022,N,1,NA,7,1.17.24AM,-1.69,1
10,14,1,2022,N,1,46.34043121,8,1.17.24AM,-1.69,1
10,15,1,2022,N,1,NA,1,12.15.23,-0.85,1
10,15,1,2022,N,1,NA,2,12.15.23,-0.85,1
10,15,1,2022,N,1,NA,3,12.15.23,-0.85,1
10,15,1,2022,N,1,NA,4,12.15.23,-0.85,1
10,15,1,2022,N,1,NA,5,12.15.23,-0.85,1
10,15,1,2022,N,1,NA,6,12.15.23,-0.85,1
10,16,1,2022,N,1,NA,1,12.15.23,-0.85,1
10,16,1,2022,N,1,NA,2,12.15.23,-0.85,1
10,16,1,2022,N,1,NA,3,12.15.23,-0.85,1
10,16,1,2022,N,1,NA,4,12.15.23,-0.85,1
10,16,1,2022,N,1,NA,5,12.15.23,-0.85,1
10,16,1,2022,N,1,NA,6,12.15.23,-0.85,1
10,17,1,2022,N,1,NA,1,1.17.24AM,-1.69,1
10,17,1,2022,N,1,NA,2,1.17.24AM,-1.69,1
10,17,1,2022,N,1,NA,3,1.17.24AM,-1.69,1
10,17,1,2022,N,1,NA,4,1.17.24AM,-1.69,1
10,17,1,2022,N,1,NA,5,1.17.24AM,-1.69,1
10,17,1,2022,N,1,NA,6,1.17.24AM,-1.69,1
10,17,1,2022,N,1,NA,7,1.17.24AM,-1.69,1
10,17,1,2022,N,1,NA,8,1.17.24AM,-1.69,1
10,18,1,2022,N,1,NA,1,1.17.24AM,-1.69,1
10,18,1,2022,N,1,NA,2,1.17.24AM,-1.69,1
10,18,1,2022,N,1,NA,3,1.17.24AM,-1.69,1
10,18,1,2022,N,1,NA,4,1.17.24AM,-1.69,1
10,18,1,2022,N,1,NA,5,1.17.24AM,-1.69,1
10,18,1,2022,N,1,NA,6,1.17.24AM,-1.69,1
10,18,1,2022,N,1,NA,7,1.17.24AM,-1.69,1
10,18,1,2022,N,1,NA,8,1.17.24AM,-1.69,1
10,19,1,2022,N,1,NA,1,1.17.24PM,-0.44,1
10,19,1,2022,N,1,NA,2,1.17.24PM,-0.44,1
10,19,1,2022,N,1,NA,3,1.17.24PM,-0.44,1
10,19,1,2022,N,1,NA,4,1.17.24PM,-0.44,1
10,19,1,2022,N,1,NA,5,1.17.24PM,-0.44,1
10,19,1,2022,N,1,NA,6,1.17.24PM,-0.44,1
10,19,1,2022,N,1,NA,7,1.17.24PM,-0.44,1
10,19,1,2022,N,1,NA,8,1.17.24PM,-0.44,1
10,20,1,2022,N,1,NA,1,12.18.23,-0.26,1
10,20,1,2022,N,1,NA,2,12.18.23,-0.26,1
10,20,1,2022,N,1,NA,3,12.18.23,-0.26,1
10,20,1,2022,N,1,NA,4,12.18.23,-0.26,1
10,20,1,2022,N,1,NA,5,12.18.23,-0.26,1
10,20,1,2022,N,1,NA,6,12.18.23,-0.26,1
10,21,1,2022,N,1,NA,1,1.17.24PM,-0.44,1
10,21,1,2022,N,1,NA,2,1.17.24PM,-0.44,1
10,21,1,2022,N,1,NA,3,1.17.24PM,-0.44,1
10,21,1,2022,N,1,NA,4,1.17.24PM,-0.44,1
10,21,1,2022,N,1,NA,5,1.17.24PM,-0.44,1
10,21,1,2022,N,1,NA,6,1.17.24PM,-0.44,1
10,21,1,2022,N,1,NA,7,1.17.24PM,-0.44,1
10,21,1,2022,N,1,NA,8,1.17.24PM,-0.44,1
14,1,1,2022,N,1,NA,1,1.17.24PM,-0.44,1
14,1,1,2022,N,1,NA,2,1.17.24PM,-0.44,1
14,1,1,2022,N,1,NA,3,1.17.24PM,-0.44,1
14,1,1,2022,N,1,NA,4,1.17.24PM,-0.44,1
14,1,1,2022,N,1,NA,5,1.17.24PM,-0.44,1
14,1,1,2022,N,1,NA,6,1.17.24PM,-0.44,1
14,1,1,2022,N,1,NA,7,1.17.24PM,-0.44,1
14,1,1,2022,N,1,NA,8,1.17.24PM,-0.44,1
14,2,1,2022,N,1,37.5368309,1,1.18.24,-0.37,1
14,2,1,2022,N,1,36.98191071,2,1.18.24,-0.37,1
14,2,1,2022,N,1,38.80459213,3,1.18.24,-0.37,1
14,2,1,2022,N,1,36.78909683,4,1.18.24,-0.37,1
14,2,1,2022,N,1,36.60276794,5,1.18.24,-0.37,1
14,2,1,2022,N,1,38.38950348,6,1.18.24,-0.37,1
14,2,1,2022,N,1,37.29478073,7,1.18.24,-0.37,1
14,2,1,2022,N,1,NA,8,1.18.24,-0.37,1
14,3,1,2022,N,1,NA,1,12.18.23,-0.26,1
14,3,1,2022,N,1,39.29915237,2,12.18.23,-0.26,1
14,3,1,2022,N,1,NA,3,12.18.23,-0.26,1
14,3,1,2022,N,1,42.37205124,4,12.18.23,-0.26,1
14,3,1,2022,N,1,NA,5,12.18.23,-0.26,1
14,3,1,2022,N,1,NA,6,12.18.23,-0.26,1
14,4,1,2022,N,1,NA,1,12.18.23,-0.26,1
14,4,1,2022,N,1,NA,2,12.18.23,-0.26,1
14,4,1,2022,N,1,NA,3,12.18.23,-0.26,1
14,4,1,2022,N,1,NA,4,12.18.23,-0.26,1
14,4,1,2022,N,1,NA,5,12.18.23,-0.26,1
14,4,1,2022,N,1,NA,6,12.18.23,-0.26,1
14,5,1,2022,N,1,NA,1,12.18.23,-0.26,1
14,5,1,2022,N,1,NA,2,12.18.23,-0.26,1
14,5,1,2022,N,1,37.34386444,3,12.18.23,-0.26,1
14,5,1,2022,N,1,37.27932358,4,12.18.23,-0.26,1
14,5,1,2022,N,1,NA,5,12.18.23,-0.26,1
14,5,1,2022,N,1,NA,6,12.18.23,-0.26,1
14,6,1,2022,N,1,NA,1,1.17.24PM,-0.44,1
14,6,1,2022,N,1,NA,2,1.17.24PM,-0.44,1
14,6,1,2022,N,1,NA,3,1.17.24PM,-0.44,1
14,6,1,2022,N,1,NA,4,1.17.24PM,-0.44,1
14,6,1,2022,N,1,NA,5,1.17.24PM,-0.44,1
14,6,1,2022,N,1,NA,6,1.17.24PM,-0.44,1
14,6,1,2022,N,1,NA,7,1.17.24PM,-0.44,1
14,6,1,2022,N,1,NA,8,1.17.24PM,-0.44,1
14,7,1,2022,N,1,NA,1,1.19.24,-1.09,1
14,7,1,2022,N,1,39.30889511,2,1.19.24,-1.09,1
14,7,1,2022,N,1,38.35361099,3,1.19.24,-1.09,1
14,7,1,2022,N,1,NA,4,1.19.24,-1.09,1
14,7,1,2022,N,1,39.1638298,5,1.19.24,-1.09,1
14,7,1,2022,N,1,39.9348526,6,1.19.24,-1.09,1
14,7,1,2022,N,1,NA,7,1.19.24,-1.09,1
14,7,1,2022,N,1,37.39456558,8,1.19.24,-1.09,1
14,8,1,2022,N,1,NA,1,12.18.23,-0.26,1
14,8,1,2022,N,1,NA,2,12.18.23,-0.26,1
14,8,1,2022,N,1,NA,3,12.18.23,-0.26,1
14,8,1,2022,N,1,NA,4,12.18.23,-0.26,1
14,8,1,2022,N,1,NA,5,12.18.23,-0.26,1
14,8,1,2022,N,1,NA,6,12.18.23,-0.26,1
14,9,1,2022,N,1,36.3595047,1,1.17.24PM,-0.44,1
14,9,1,2022,N,1,NA,2,1.17.24PM,-0.44,1
14,9,1,2022,N,1,37.80210114,3,1.17.24PM,-0.44,1
14,9,1,2022,N,1,NA,4,1.17.24PM,-0.44,1
14,9,1,2022,N,1,NA,5,1.17.24PM,-0.44,1
14,9,1,2022,N,1,NA,6,1.17.24PM,-0.44,1
14,9,1,2022,N,1,NA,7,1.17.24PM,-0.44,1
14,9,1,2022,N,1,NA,8,1.17.24PM,-0.44,1
14,10,1,2022,N,1,NA,1,1.17.24PM,-0.44,1
14,10,1,2022,N,1,NA,2,1.17.24PM,-0.44,1
14,10,1,2022,N,1,NA,3,1.17.24PM,-0.44,1
14,10,1,2022,N,1,NA,4,1.17.24PM,-0.44,1
14,10,1,2022,N,1,NA,5,1.17.24PM,-0.44,1
14,10,1,2022,N,1,NA,6,1.17.24PM,-0.44,1
14,10,1,2022,N,1,NA,7,1.17.24PM,-0.44,1
14,10,1,2022,N,1,NA,8,1.17.24PM,-0.44,1
14,12,1,2022,N,1,NA,1,12.18.23,-0.26,1
14,12,1,2022,N,1,45.95586777,2,12.18.23,-0.26,1
14,12,1,2022,N,1,NA,3,12.18.23,-0.26,1
14,12,1,2022,N,1,NA,4,12.18.23,-0.26,1
14,12,1,2022,N,1,NA,5,12.18.23,-0.26,1
14,12,1,2022,N,1,NA,6,12.18.23,-0.26,1
14,13,1,2022,N,1,NA,1,12.18.23,-0.26,1
14,13,1,2022,N,1,NA,2,12.18.23,-0.26,1
14,13,1,2022,N,1,NA,3,12.18.23,-0.26,1
14,13,1,2022,N,1,NA,4,12.18.23,-0.26,1
14,13,1,2022,N,1,NA,5,12.18.23,-0.26,1
14,13,1,2022,N,1,43.82391357,6,12.18.23,-0.26,1
14,14,1,2022,N,1,NA,1,1.17.24PM,-0.44,1
14,14,1,2022,N,1,NA,2,1.17.24PM,-0.44,1
14,14,1,2022,N,1,NA,3,1.17.24PM,-0.44,1
14,14,1,2022,N,1,NA,4,1.17.24PM,-0.44,1
14,14,1,2022,N,1,NA,5,1.17.24PM,-0.44,1
14,14,1,2022,N,1,NA,6,1.17.24PM,-0.44,1
14,14,1,2022,N,1,NA,7,1.17.24PM,-0.44,1
14,14,1,2022,N,1,49.81385422,8,1.17.24PM,-0.44,1
14,15,1,2022,N,1,49.57549667,1,12.18.23,-0.26,1
14,15,1,2022,N,1,44.90239716,2,12.18.23,-0.26,1
14,15,1,2022,N,1,NA,3,12.18.23,-0.26,1
14,15,1,2022,N,1,NA,4,12.18.23,-0.26,1
14,15,1,2022,N,1,NA,5,12.18.23,-0.26,1
14,15,1,2022,N,1,NA,6,12.18.23,-0.26,1
14,16,1,2022,N,1,NA,1,1.17.24PM,-0.44,1
14,16,1,2022,N,1,45.68161392,2,1.17.24PM,-0.44,1
14,16,1,2022,N,1,44.23754883,3,1.17.24PM,-0.44,1
14,16,1,2022,N,1,NA,4,1.17.24PM,-0.44,1
14,16,1,2022,N,1,NA,5,1.17.24PM,-0.44,1
14,16,1,2022,N,1,NA,6,1.17.24PM,-0.44,1
14,16,1,2022,N,1,NA,7,1.17.24PM,-0.44,1
14,16,1,2022,N,1,NA,8,1.17.24PM,-0.44,1
14,17,1,2022,N,1,NA,1,12.18.23,-0.26,1
14,17,1,2022,N,1,NA,2,12.18.23,-0.26,1
14,17,1,2022,N,1,NA,3,12.18.23,-0.26,1
14,17,1,2022,N,1,NA,4,12.18.23,-0.26,1
14,17,1,2022,N,1,NA,5,12.18.23,-0.26,1
14,17,1,2022,N,1,NA,6,12.18.23,-0.26,1
14,18,1,2022,N,1,NA,1,1.17.24PM,-0.44,1
14,18,1,2022,N,1,NA,2,1.17.24PM,-0.44,1
14,18,1,2022,N,1,NA,3,1.17.24PM,-0.44,1
14,18,1,2022,N,1,NA,4,1.17.24PM,-0.44,1
14,18,1,2022,N,1,NA,5,1.17.24PM,-0.44,1
14,18,1,2022,N,1,NA,6,1.17.24PM,-0.44,1
14,18,1,2022,N,1,NA,7,1.17.24PM,-0.44,1
14,18,1,2022,N,1,NA,8,1.17.24PM,-0.44,1
14,19,1,2022,N,1,NA,1,12.18.23,-0.26,1
14,19,1,2022,N,1,NA,2,12.18.23,-0.26,1
14,19,1,2022,N,1,NA,3,12.18.23,-0.26,1
14,19,1,2022,N,1,NA,4,12.18.23,-0.26,1
14,19,1,2022,N,1,39.33617783,5,12.18.23,-0.26,1
14,19,1,2022,N,1,NA,6,12.18.23,-0.26,1
14,20,1,2022,N,1,NA,1,12.18.23,-0.26,1
14,20,1,2022,N,1,NA,2,12.18.23,-0.26,1
14,20,1,2022,N,1,NA,3,12.18.23,-0.26,1
14,20,1,2022,N,1,NA,4,12.18.23,-0.26,1
14,20,1,2022,N,1,NA,5,12.18.23,-0.26,1
14,20,1,2022,N,1,NA,6,12.18.23,-0.26,1
14,21,1,2022,N,1,NA,1,12.18.23,-0.26,1
14,21,1,2022,N,1,NA,2,12.18.23,-0.26,1
14,21,1,2022,N,1,NA,3,12.18.23,-0.26,1
14,21,1,2022,N,1,NA,4,12.18.23,-0.26,1
14,21,1,2022,N,1,NA,5,12.18.23,-0.26,1
14,21,1,2022,N,1,NA,6,12.18.23,-0.26,1
16,1,1,2022,N,1,NA,1,12.18.23,-0.26,1
16,1,1,2022,N,1,NA,2,12.18.23,-0.26,1
16,1,1,2022,N,1,NA,3,12.18.23,-0.26,1
16,1,1,2022,N,1,NA,4,12.18.23,-0.26,1
16,1,1,2022,N,1,NA,5,12.18.23,-0.26,1
16,1,1,2022,N,1,NA,6,12.18.23,-0.26,1
16,2,1,2022,N,1,NA,1,12.18.23,-0.26,1
16,2,1,2022,N,1,NA,2,12.18.23,-0.26,1
16,2,1,2022,N,1,NA,3,12.18.23,-0.26,1
16,2,1,2022,N,1,NA,4,12.18.23,-0.26,1
16,2,1,2022,N,1,NA,5,12.18.23,-0.26,1
16,2,1,2022,N,1,NA,6,12.18.23,-0.26,1
16,3,1,2022,N,1,41.98674774,1,1.22.24,-1.66,1
16,3,1,2022,N,1,NA,2,1.22.24,-1.66,1
16,3,1,2022,N,1,NA,3,1.22.24,-1.66,1
16,3,1,2022,N,1,38.6694603,4,1.22.24,-1.66,1
16,3,1,2022,N,1,38.61249924,5,1.22.24,-1.66,1
16,3,1,2022,N,1,NA,6,1.22.24,-1.66,1
16,3,1,2022,N,1,NA,7,1.22.24,-1.66,1
16,3,1,2022,N,1,NA,8,1.22.24,-1.66,1
16,4,1,2022,N,1,NA,1,1.17.24PM,-0.44,1
16,4,1,2022,N,1,NA,2,1.17.24PM,-0.44,1
16,4,1,2022,N,1,NA,3,1.17.24PM,-0.44,1
16,4,1,2022,N,1,37.78399658,4,1.17.24PM,-0.44,1
16,4,1,2022,N,1,NA,5,1.17.24PM,-0.44,1
16,4,1,2022,N,1,NA,6,1.17.24PM,-0.44,1
16,4,1,2022,N,1,NA,7,1.17.24PM,-0.44,1
16,4,1,2022,N,1,NA,8,1.17.24PM,-0.44,1
16,5,1,2022,N,1,NA,1,1.18.24,-0.37,1
16,5,1,2022,N,1,NA,2,1.18.24,-0.37,1
16,5,1,2022,N,1,NA,3,1.18.24,-0.37,1
16,5,1,2022,N,1,NA,4,1.18.24,-0.37,1
16,5,1,2022,N,1,NA,5,1.18.24,-0.37,1
16,5,1,2022,N,1,NA,6,1.18.24,-0.37,1
16,5,1,2022,N,1,NA,7,1.18.24,-0.37,1
16,5,1,2022,N,1,NA,8,1.18.24,-0.37,1
16,6,1,2022,N,1,NA,1,12.21.23,-2.4,1
16,6,1,2022,N,1,NA,2,12.21.23,-2.4,1
16,6,1,2022,N,1,NA,3,12.21.23,-2.4,1
16,6,1,2022,N,1,NA,4,12.21.23,-2.4,1
16,6,1,2022,N,1,NA,5,12.21.23,-2.4,1
16,6,1,2022,N,1,NA,6,12.21.23,-2.4,1
16,7,1,2022,N,1,NA,1,1.18.24,-0.37,1
16,7,1,2022,N,1,NA,2,1.18.24,-0.37,1
16,7,1,2022,N,1,NA,3,1.18.24,-0.37,1
16,7,1,2022,N,1,NA,4,1.18.24,-0.37,1
16,7,1,2022,N,1,NA,5,1.18.24,-0.37,1
16,7,1,2022,N,1,NA,6,1.18.24,-0.37,1
16,7,1,2022,N,1,NA,7,1.18.24,-0.37,1
16,7,1,2022,N,1,NA,8,1.18.24,-0.37,1
16,8,1,2022,N,1,NA,1,1.18.24,-0.37,1
16,8,1,2022,N,1,NA,2,1.18.24,-0.37,1
16,8,1,2022,N,1,NA,3,1.18.24,-0.37,1
16,8,1,2022,N,1,NA,4,1.18.24,-0.37,1
16,8,1,2022,N,1,NA,5,1.18.24,-0.37,1
16,8,1,2022,N,1,NA,6,1.18.24,-0.37,1
16,8,1,2022,N,1,NA,7,1.18.24,-0.37,1
16,8,1,2022,N,1,NA,8,1.18.24,-0.37,1
16,9,1,2022,N,1,NA,1,1.18.24,-0.37,1
16,9,1,2022,N,1,38.18510437,2,1.18.24,-0.37,1
16,9,1,2022,N,1,NA,3,1.18.24,-0.37,1
16,9,1,2022,N,1,NA,4,1.18.24,-0.37,1
16,9,1,2022,N,1,NA,5,1.18.24,-0.37,1
16,9,1,2022,N,1,NA,6,1.18.24,-0.37,1
16,9,1,2022,N,1,NA,7,1.18.24,-0.37,1
16,9,1,2022,N,1,NA,8,1.18.24,-0.37,1
16,10,1,2022,N,1,NA,1,12.21.23,-2.4,1
16,10,1,2022,N,1,NA,2,12.21.23,-2.4,1
16,10,1,2022,N,1,NA,3,12.21.23,-2.4,1
16,10,1,2022,N,1,NA,4,12.21.23,-2.4,1
16,10,1,2022,N,1,NA,5,12.21.23,-2.4,1
16,10,1,2022,N,1,NA,6,12.21.23,-2.4,1
16,12,1,2022,N,1,NA,1,1.18.24,-0.37,1
16,12,1,2022,N,1,NA,2,1.18.24,-0.37,1
16,12,1,2022,N,1,NA,3,1.18.24,-0.37,1
16,12,1,2022,N,1,NA,4,1.18.24,-0.37,1
16,12,1,2022,N,1,NA,5,1.18.24,-0.37,1
16,12,1,2022,N,1,NA,6,1.18.24,-0.37,1
16,12,1,2022,N,1,NA,7,1.18.24,-0.37,1
16,12,1,2022,N,1,NA,8,1.18.24,-0.37,1
16,13,1,2022,N,1,NA,1,1.18.24,-0.37,1
16,13,1,2022,N,1,37.65768051,2,1.18.24,-0.37,1
16,13,1,2022,N,1,37.34121323,3,1.18.24,-0.37,1
16,13,1,2022,N,1,NA,4,1.18.24,-0.37,1
16,13,1,2022,N,1,NA,5,1.18.24,-0.37,1
16,13,1,2022,N,1,40.56602478,6,1.18.24,-0.37,1
16,13,1,2022,N,1,NA,7,1.18.24,-0.37,1
16,13,1,2022,N,1,37.67234802,8,1.18.24,-0.37,1
16,14,1,2022,N,1,NA,1,1.18.24,-0.37,1
16,14,1,2022,N,1,NA,2,1.18.24,-0.37,1
16,14,1,2022,N,1,NA,3,1.18.24,-0.37,1
16,14,1,2022,N,1,NA,4,1.18.24,-0.37,1
16,14,1,2022,N,1,NA,5,1.18.24,-0.37,1
16,14,1,2022,N,1,39.52051544,6,1.18.24,-0.37,1
16,14,1,2022,N,1,NA,7,1.18.24,-0.37,1
16,14,1,2022,N,1,NA,8,1.18.24,-0.37,1
16,15,1,2022,N,1,NA,1,12.21.23,-2.4,1
16,15,1,2022,N,1,NA,2,12.21.23,-2.4,1
16,15,1,2022,N,1,NA,3,12.21.23,-2.4,1
16,15,1,2022,N,1,NA,4,12.21.23,-2.4,1
16,15,1,2022,N,1,NA,5,12.21.23,-2.4,1
16,15,1,2022,N,1,NA,6,12.21.23,-2.4,1
16,16,1,2022,N,1,NA,1,12.21.23,-2.4,1
16,16,1,2022,N,1,NA,2,12.21.23,-2.4,1
16,16,1,2022,N,1,NA,3,12.21.23,-2.4,1
16,16,1,2022,N,1,NA,4,12.21.23,-2.4,1
16,16,1,2022,N,1,NA,5,12.21.23,-2.4,1
16,16,1,2022,N,1,NA,6,12.21.23,-2.4,1
16,17,1,2022,N,1,NA,1,12.21.23,-2.4,1
16,17,1,2022,N,1,NA,2,12.21.23,-2.4,1
16,17,1,2022,N,1,NA,3,12.21.23,-2.4,1
16,17,1,2022,N,1,NA,4,12.21.23,-2.4,1
16,17,1,2022,N,1,NA,5,12.21.23,-2.4,1
16,17,1,2022,N,1,NA,6,12.21.23,-2.4,1
16,18,1,2022,N,1,NA,1,1.18.24,-0.37,1
16,18,1,2022,N,1,NA,2,1.18.24,-0.37,1
16,18,1,2022,N,1,NA,3,1.18.24,-0.37,1
16,18,1,2022,N,1,NA,4,1.18.24,-0.37,1
16,18,1,2022,N,1,NA,5,1.18.24,-0.37,1
16,18,1,2022,N,1,NA,6,1.18.24,-0.37,1
16,18,1,2022,N,1,NA,7,1.18.24,-0.37,1
16,18,1,2022,N,1,NA,8,1.18.24,-0.37,1
16,19,1,2022,N,1,NA,1,12.21.23,-2.4,1
16,19,1,2022,N,1,NA,2,12.21.23,-2.4,1
16,19,1,2022,N,1,NA,3,12.21.23,-2.4,1
16,19,1,2022,N,1,NA,4,12.21.23,-2.4,1
16,19,1,2022,N,1,NA,5,12.21.23,-2.4,1
16,19,1,2022,N,1,NA,6,12.21.23,-2.4,1
16,20,1,2022,N,1,NA,1,1.18.24,-0.37,1
16,20,1,2022,N,1,NA,2,1.18.24,-0.37,1
16,20,1,2022,N,1,41.33992386,3,1.18.24,-0.37,1
16,20,1,2022,N,1,NA,4,1.18.24,-0.37,1
16,20,1,2022,N,1,NA,5,1.18.24,-0.37,1
16,20,1,2022,N,1,NA,6,1.18.24,-0.37,1
16,20,1,2022,N,1,37.68078613,7,1.18.24,-0.37,1
16,20,1,2022,N,1,NA,8,1.18.24,-0.37,1
16,21,1,2022,N,1,NA,1,12.21.23,-2.4,1
16,21,1,2022,N,1,NA,2,12.21.23,-2.4,1
16,21,1,2022,N,1,NA,3,12.21.23,-2.4,1
16,21,1,2022,N,1,NA,4,12.21.23,-2.4,1
16,21,1,2022,N,1,45.07376099,5,12.21.23,-2.4,1
16,21,1,2022,N,1,NA,6,12.21.23,-2.4,1
