sample.id,Tank,Experiment,Day,Year,ExpYear,sample_date,SampleEvent,treatment_cellsperml,observed_treatment_cellperml,Species,total_density,relative_inoculant_density_percent,d__Eukaryota.p__Euglenozoa.c__Euglenida.o__Euglenophyceae.f__Euglenaceae.g__Trachelomonas.s__Trachelomonas_sp.,d__Eukaryota.p__Ochrophyta.c__Chrysophyceae.o__Synurales.f__Synurales.g__Synura.__,d__Eukaryota.p__Ochrophyta.c__Chrysophyceae.o__Synurales.f__Synurales.g__Mallomonas.s__Mallomonas_caudata,d__Eukaryota.p__Chlorophyta.c__Chlorophyceae.o__Chlorophyceae.f__Chlorophyceae.g__Chlorophyceae.s__Haematococcus_lacustris,d__Eukaryota.p__Euglenozoa.c__Euglenida.o__Euglenophyceae.f__Euglenaceae.g__Trachelomonas.__
D0MTP10Exp12021,10,1,0,2021,12021,6/14/2021,Day0,100,66.69439614,Haematococcus pluvialis,2483.083672,2.685950413,0,0,0,84,0
D0MTP10Exp12022,10,1,0,2022,12022,6/1/2022,Day0,10,16.8568254,Chrysosphaerella sp.,287.1403124,5.870588235,0,71,1,0,7
D0MTP10Exp22021,10,2,0,2021,22021,7/26/2021,Day0,100,107.4878543,Trachelomonas abrupta,4355.407854,2.467917078,2,0,6,0,0
D0MTP10Exp32022,10,3,0,2022,32022,9/19/2022,Day0,10,21.94173554,Chrysosphaerella sp.,1215.890145,1.804582069,3,17,11,0,0
D0MTP11Exp12021,11,1,0,2021,12021,6/14/2021,Day0,30,5.411363057,Haematococcus pluvialis,365.2670063,1.481481482,3,0,12,28,0
D0MTP11Exp12022,11,1,0,2022,12022,6/1/2022,Day0,100,59.1161829,Chrysosphaerella sp.,578.7783962,10.2139581,3,143,4,0,4
D0MTP11Exp22021,11,2,0,2021,22021,7/26/2021,Day0,30,34.96230453,Trachelomonas abrupta,7604.301234,0.459770115,1,0,4,0,0
D0MTP12Exp12021,12,1,0,2021,12021,6/14/2021,Day0,10,6.769593625,Haematococcus pluvialis,302.9393147,2.234636872,2,0,9,19,0
D0MTP12Exp12022,12,1,0,2022,12022,6/1/2022,Day0,1,13.03042945,Chrysosphaerella sp.,734.5773246,1.773867639,2,69,5,0,2
D0MTP12Exp22021,12,2,0,2021,22021,7/26/2021,Day0,10,8.704754098,Trachelomonas abrupta,6641.727377,0.131061599,2,0,1,0,0
D0MTP12Exp32022,12,3,0,2022,32022,9/19/2022,Day0,30,38.61745455,Chrysosphaerella sp.,1335.396278,2.891834819,2,85,11,0,0
D0MTP13Exp12021,13,1,0,2021,12021,6/14/2021,Day0,0,2.9296,Haematococcus pluvialis,278.312,1.052631579,0,0,18,0,0
D0MTP13Exp12022,13,1,0,2022,12022,6/1/2022,Day0,30,12.71832335,Chrysosphaerella sp.,482.5242904,2.635789245,1,104,2,0,6
D0MTP13Exp22021,13,2,0,2021,22021,7/26/2021,Day0,0,0,Trachelomonas abrupta,3947.605984,0,4,0,4,0,0
D0MTP13Exp32022,13,3,0,2022,32022,9/19/2022,Day0,1,4.230996016,Chrysosphaerella sp.,1390.771176,0.304219421,0,5,18,0,0
D0MTP14Exp12021,14,1,0,2021,12021,6/14/2021,Day0,10,21.12225414,Haematococcus pluvialis,537.444022,3.930131005,6,12,21,10,0
D0MTP14Exp12022,14,1,0,2022,12022,6/1/2022,Day0,10,30.10768041,Chrysosphaerella sp.,812.9073711,3.703703704,0,132,2,0,2
D0MTP14Exp22021,14,2,0,2021,22021,7/26/2021,Day0,10,4.29951417,Trachelomonas abrupta,4897.14664,0.087796313,5,0,3,0,0
D0MTP14Exp32022,14,3,0,2022,32022,9/19/2022,Day0,100,87.04754098,Chrysosphaerella sp.,1174.772511,7.409735944,0,127,10,0,0
D0MTP15Exp12021,15,1,0,2021,12021,6/14/2021,Day0,1,5.689178571,Haematococcus pluvialis,407.7244643,1.395348837,0,0,14,0,0
D0MTP15Exp12022,15,1,0,2022,12022,6/1/2022,Day0,0,4.230996016,Chrysosphaerella sp.,566.9534661,0.746268657,0,50,2,0,3
D0MTP15Exp22021,15,2,0,2021,22021,7/26/2021,Day0,1,4.197549407,Trachelomonas abrupta,4776.811226,0.087873462,4,0,9,0,0
D0MTP15Exp32022,15,3,0,2022,32022,9/19/2022,Day0,30,35.39933333,Chrysosphaerella sp.,1520.025919,2.328863797,1,73,9,0,0
D0MTP16Exp12021,16,1,0,2021,12021,6/14/2021,Day0,100,18.6040292,Haematococcus pluvialis,209.2953285,8.888888889,1,2,15,43,0
D0MTP16Exp12022,16,1,0,2022,12022,6/1/2022,Day0,100,108.5869121,Chrysosphaerella sp.,620.1504487,17.50976917,0,140,3,0,2
D0MTP16Exp22021,16,2,0,2021,22021,7/26/2021,Day0,100,70.79866667,Trachelomonas abrupta,3681.530667,1.923076923,0,0,7,0,0
D0MTP16Exp32022,16,3,0,2022,32022,9/19/2022,Day0,1,8.63398374,Chrysosphaerella sp.,1041.911822,0.828667413,1,4,12,0,0
D0MTP17Exp12021,17,1,0,2021,12021,6/14/2021,Day0,1,3.336062827,Haematococcus pluvialis,633.8519371,0.52631579,1,0,16,1,0
D0MTP17Exp12022,17,1,0,2022,12022,6/1/2022,Day0,1,4.370288066,Chrysosphaerella sp.,705.8814669,0.61912492,1,70,1,0,6
D0MTP17Exp22021,17,2,0,2021,22021,7/26/2021,Day0,1,0,Trachelomonas abrupta,4635.69693,0,3,0,7,0,0
D0MTP17Exp32022,17,3,0,2022,32022,9/19/2022,Day0,10,17.37390593,Chrysosphaerella sp.,802.5954817,2.164715143,0,37,21,0,0
D0MTP18Exp12021,18,1,0,2021,12021,6/14/2021,Day0,100,35.17385987,Haematococcus pluvialis,304.389172,11.55555556,2,0,16,42,0
D0MTP18Exp12022,18,1,0,2022,12022,6/1/2022,Day0,1,0,Chrysosphaerella sp.,374.0577329,0,1,58,2,0,1
D0MTP18Exp22021,18,2,0,2021,22021,7/26/2021,Day0,100,71.35833992,Trachelomonas abrupta,5561.752965,1.283018868,1,0,6,0,0
D0MTP18Exp32022,18,3,0,2022,32022,9/19/2022,Day0,0,0,Chrysosphaerella sp.,1204.440732,0,1,2,15,0,0
D0MTP19Exp12021,19,1,0,2021,12021,6/14/2021,Day0,30,25.36071642,Haematococcus pluvialis,361.390209,7.017543859,2,0,5,26,0
D0MTP19Exp12022,19,1,0,2022,12022,6/1/2022,Day0,10,17.4095082,Chrysosphaerella sp.,821.7804982,2.11851075,1,61,4,0,2
D0MTP19Exp22021,19,2,0,2021,22021,7/26/2021,Day0,30,29.97524194,Trachelomonas abrupta,4864.553548,0.616197183,1,0,2,0,0
D0MTP19Exp32022,19,3,0,2022,32022,9/19/2022,Day0,30,35.1794617,Chrysosphaerella sp.,1256.401551,2.800017373,0,80,6,0,0
D0MTP1Exp12021,1,1,0,2021,12021,6/14/2021,Day0,30,31.8594,Haematococcus pluvialis,725.6863332,4.390243903,0,0,22,23,0
D0MTP1Exp12022,1,1,0,2022,12022,6/1/2022,Day0,100,80.22910537,Chrysosphaerella sp.,425.6924789,18.84672841,0,173,2,0,7
D0MTP1Exp22021,1,2,0,2021,22021,7/26/2021,Day0,30,26.4393361,Trachelomonas abrupta,4278.765892,0.61791967,12,0,3,0,0
D0MTP1Exp32022,1,3,0,2022,32022,9/19/2022,Day0,0,0,Chrysosphaerella sp.,1712.357473,0,1,2,22,0,0
D0MTP20Exp12021,20,1,0,2021,12021,6/14/2021,Day0,0,2.134633166,Haematococcus pluvialis,392.7725025,0.543478261,0,0,12,0,0
D0MTP20Exp12022,20,1,0,2022,12022,6/1/2022,Day0,30,4.273561368,Chrysosphaerella sp.,632.7237512,0.675422941,0,64,2,0,1
D0MTP20Exp22021,20,2,0,2021,22021,7/26/2021,Day0,0,0,Trachelomonas abrupta,4529.408675,0,7,0,4,0,0
D0MTP20Exp32022,20,3,0,2022,32022,9/19/2022,Day0,1,4.308235294,Chrysosphaerella sp.,1106.482697,0.389363097,0,3,11,0,0
D0MTP21Exp12021,21,1,0,2021,12021,6/14/2021,Day0,100,52.66016529,Haematococcus pluvialis,456.3880991,11.53846154,2,0,22,52,0
D0MTP21Exp12022,21,1,0,2022,12022,6/1/2022,Day0,0,0,Chrysosphaerella sp.,756.714494,0,1,45,0,0,0
D0MTP21Exp22021,21,2,0,2021,22021,7/26/2021,Day0,100,65.60494208,Trachelomonas abrupta,4657.950888,1.408450704,0,0,5,0,0
D0MTP21Exp32022,21,3,0,2022,32022,9/19/2022,Day0,30,13.00383673,Chrysosphaerella sp.,1425.327754,0.912340105,0,72,10,0,0
D0MTP2Exp12021,2,1,0,2021,12021,6/14/2021,Day0,10,7.53177305,Haematococcus pluvialis,3888.905485,0.193673338,2,0,12,8,0
D0MTP2Exp12022,2,1,0,2022,12022,6/1/2022,Day0,1,13.55719149,Chrysosphaerella sp.,375.4973139,3.610462974,1,67,2,0,0
D0MTP2Exp22021,2,2,0,2021,22021,7/26/2021,Day0,10,12.74376,Trachelomonas abrupta,3597.98824,0.354191263,4,0,3,0,0
D0MTP2Exp32022,2,3,0,2022,32022,9/19/2022,Day0,10,12.87248485,Chrysosphaerella sp.,1681.092565,0.76572136,2,26,15,0,0
D0MTP3Exp12021,3,1,0,2021,12021,6/14/2021,Day0,0,0,Haematococcus pluvialis,455.1342857,0,6,0,17,0,0
D0MTP3Exp12022,3,1,0,2022,12022,6/1/2022,Day0,0,6.555432099,Chrysosphaerella sp.,504.7682716,1.298701299,5,63,3,0,1
D0MTP3Exp22021,3,2,0,2021,22021,7/26/2021,Day0,0,0,Trachelomonas abrupta,6276.51853,0,15,0,8,0,0
D0MTP3Exp32022,3,3,0,2022,32022,9/19/2022,Day0,100,114.2368924,Chrysosphaerella sp.,1494.810892,7.642230399,0,240,16,0,0
D0MTP4Exp12021,4,1,0,2021,12021,6/14/2021,Day0,10,0,Haematococcus pluvialis,2189.958757,0,7,0,17,2,0
D0MTP4Exp12022,4,1,0,2022,12022,6/1/2022,Day0,30,21.02930693,Chrysosphaerella sp.,595.2394232,3.532915682,0,87,2,0,1
D0MTP4Exp22021,4,2,0,2021,22021,7/26/2021,Day0,10,99.8442735,Trachelomonas abrupta,4030.077949,2.477477477,7,0,13,0,0
D0MTP4Exp32022,4,3,0,2022,32022,9/19/2022,Day0,0,0,Chrysosphaerella sp.,1303.440716,0,2,3,28,0,0
D0MTP5Exp12021,5,1,0,2021,12021,6/14/2021,Day0,1,0,Haematococcus pluvialis,469.6192965,0,6,0,16,0,0
D0MTP5Exp12022,5,1,0,2022,12022,6/1/2022,Day0,10,34.18849095,Chrysosphaerella sp.,647.822849,5.277444443,2,60,2,0,4
D0MTP5Exp22021,5,2,0,2021,22021,7/26/2021,Day0,1,0,Trachelomonas abrupta,5611.449876,0,3,0,2,0,0
D0MTP5Exp32022,5,3,0,2022,32022,9/19/2022,Day0,0,0,Chrysosphaerella sp.,1303.042945,0,0,0,18,0,0
D0MTP6Exp32022,6,3,0,2022,32022,9/19/2022,Day0,100,81.52573737,Chrysosphaerella sp.,1223.696064,6.662253788,0,235,18,0,0
D0MTP7Exp12021,7,1,0,2021,12021,6/14/2021,Day0,0,0,Haematococcus pluvialis,173.9624381,0,3,0,9,0,0
D0MTP7Exp12022,7,1,0,2022,12022,6/1/2022,Day0,30,50.47033663,Chrysosphaerella sp.,1099.757349,4.589224768,1,79,2,0,4
D0MTP7Exp22021,7,2,0,2021,22021,7/26/2021,Day0,0,0,Trachelomonas abrupta,4431.163608,0,0,0,1,0,0
D0MTP7Exp32022,7,3,0,2022,32022,9/19/2022,Day0,10,17.73661795,Chrysosphaerella sp.,1418.892866,1.250032217,0,31,8,0,0
D0MTP8Exp12021,8,1,0,2021,12021,6/14/2021,Day0,30,18.55887379,Haematococcus pluvialis,307.252466,6.040268456,2,0,15,15,0
D0MTP8Exp12022,8,1,0,2022,12022,6/1/2022,Day0,0,0,Chrysosphaerella sp.,521.4512575,0,2,97,1,0,3
D0MTP8Exp22021,8,2,0,2021,22021,7/26/2021,Day0,30,35.25244813,Trachelomonas abrupta,4106.910208,0.858369099,0,0,2,0,0
D0MTP8Exp32022,8,3,0,2022,32022,9/19/2022,Day0,100,112.0141176,Chrysosphaerella sp.,1452.225663,7.713272154,1,153,12,0,0
D0MTP9Exp12021,9,1,0,2021,12021,6/14/2021,Day0,1,4.343476483,Haematococcus pluvialis,2249.920818,0.193050193,1,3,16,2,0
D0MTP9Exp12022,9,1,0,2022,12022,6/1/2022,Day0,100,106.4197077,Chrysosphaerella sp.,1426.663326,7.459342773,2,129,5,0,1
D0MTP9Exp22021,9,2,0,2021,22021,7/26/2021,Day0,1,0,Trachelomonas abrupta,4964.335079,0,1,0,2,0,0
D0MTP9Exp32022,9,3,0,2022,32022,9/19/2022,Day0,1,21.58495935,Chrysosphaerella sp.,1831.969293,1.178238054,0,7,18,0,0
D14MTP10Exp12021,10,1,14,2021,12021,6/28/2021,Week2,100,0,Haematococcus pluvialis,707.9866667,0,0,0,0,6,0
D14MTP10Exp12022,10,1,14,2022,12022,6/15/2022,Week2,10,4.406556017,Chrysosphaerella sp.,3634.289015,0.121249466,7,0,0,0,6
D14MTP10Exp22021,10,2,14,2021,22021,8/9/2021,Week2,100,8.886861925,Trachelomonas abrupta,44478.74393,0.01998002,0,0,0,0,0
D14MTP10Exp32022,10,3,14,2022,32022,10/3/2022,Week2,10,13.03042945,Chrysosphaerella sp.,20285.98531,0.064233653,0,0,0,0,0
D14MTP11Exp12021,11,1,14,2021,12021,6/28/2021,Week2,30,4.985821596,Haematococcus pluvialis,10275.77831,0.048520136,4,0,0,4,0
D14MTP11Exp12022,11,1,14,2022,12022,6/15/2022,Week2,100,0,Chrysosphaerella sp.,998.0053012,0,6,0,0,0,10
D14MTP11Exp22021,11,2,14,2021,22021,8/9/2021,Week2,30,0,Trachelomonas abrupta,2917.763232,0,0,0,0,0,0
D14MTP12Exp12021,12,1,14,2021,12021,6/28/2021,Week2,10,0,Haematococcus pluvialis,2336.356,0,0,0,0,0,0
D14MTP12Exp12022,12,1,14,2022,12022,6/15/2022,Week2,1,8.59902834,Chrysosphaerella sp.,5011.557776,0.171583941,0,8,0,0,0
D14MTP12Exp22021,12,2,14,2021,22021,8/9/2021,Week2,10,2.86634278,Trachelomonas abrupta,2585.441188,0.110864745,0,0,0,0,0
D14MTP12Exp32022,12,3,14,2022,32022,10/3/2022,Week2,30,0,Chrysosphaerella sp.,19237.00914,0,0,0,0,0,0
D14MTP13Exp12021,13,1,14,2021,12021,6/28/2021,Week2,0,8.09127619,Haematococcus pluvialis,5712.440991,0.141643059,0,0,0,0,0
D14MTP13Exp12022,13,1,14,2022,12022,6/15/2022,Week2,30,14.10332005,Chrysosphaerella sp.,2549.880266,0.553097345,2,0,0,1,0
D14MTP13Exp22021,13,2,14,2021,22021,8/9/2021,Week2,0,0,Trachelomonas abrupta,22208.86746,0,0,0,0,0,0
D14MTP13Exp32022,13,3,14,2022,32022,10/3/2022,Week2,1,0,Chrysosphaerella sp.,5607.609874,0,0,0,0,0,0
D14MTP14Exp12021,14,1,14,2021,12021,6/28/2021,Week2,10,0,Haematococcus pluvialis,7233.574299,0,1,0,0,0,0
D14MTP14Exp12022,14,1,14,2022,12022,6/15/2022,Week2,10,0,Chrysosphaerella sp.,6884.660466,0,0,5,0,0,0
D14MTP14Exp22021,14,2,14,2021,22021,8/9/2021,Week2,10,0,Trachelomonas abrupta,37169.3,0,0,0,0,0,0
D14MTP14Exp32022,14,3,14,2022,32022,10/3/2022,Week2,100,4.557854077,Chrysosphaerella sp.,6777.529013,0.067249496,0,0,0,0,0
D14MTP15Exp12021,15,1,14,2021,12021,6/28/2021,Week2,1,5.244345679,Haematococcus pluvialis,8569.260839,0.06119951,0,0,0,0,0
D14MTP15Exp12022,15,1,14,2022,12022,6/15/2022,Week2,0,0,Chrysosphaerella sp.,1931.134363,0,0,8,1,0,4
D14MTP15Exp22021,15,2,14,2021,22021,8/9/2021,Week2,1,0,Trachelomonas abrupta,22857.07723,0,0,0,0,0,0
D14MTP15Exp32022,15,3,14,2022,32022,10/3/2022,Week2,30,0,Chrysosphaerella sp.,8453.018226,0,0,0,0,0,0
D14MTP16Exp12022,16,1,14,2022,12022,6/15/2022,Week2,100,8.63398374,Chrysosphaerella sp.,6009.252683,0.143678161,0,12,1,0,2
D14MTP16Exp22021,16,2,14,2021,22021,8/9/2021,Week2,100,5.596732543,Trachelomonas abrupta,1525.109618,0.366972477,2,0,0,0,0
D14MTP16Exp32022,16,3,14,2022,32022,10/3/2022,Week2,1,4.273561368,Chrysosphaerella sp.,12587.89372,0.033949773,0,0,1,0,0
D14MTP17Exp12021,17,1,14,2021,12021,6/28/2021,Week2,1,0,Haematococcus pluvialis,1840.254152,0,0,0,0,0,0
D14MTP17Exp12022,17,1,14,2022,12022,6/15/2022,Week2,1,8.651568228,Chrysosphaerella sp.,7181.230774,0.120474728,4,4,0,0,0
D14MTP17Exp22021,17,2,14,2021,22021,8/9/2021,Week2,1,0,Trachelomonas abrupta,3499.12445,0,0,0,0,0,0
D14MTP17Exp32022,17,3,14,2022,32022,10/3/2022,Week2,10,0,Chrysosphaerella sp.,19461.20492,0,0,0,0,0,0
D14MTP18Exp12021,18,1,14,2021,12021,6/28/2021,Week2,100,0,Haematococcus pluvialis,5899.888888,0,0,0,0,0,0
D14MTP18Exp12022,18,1,14,2022,12022,6/15/2022,Week2,1,8.478882236,Chrysosphaerella sp.,2490.629765,0.340431258,5,7,0,0,6
D14MTP18Exp22021,18,2,14,2021,22021,8/9/2021,Week2,100,0,Trachelomonas abrupta,42597.19777,0,0,0,0,0,0
D14MTP18Exp32022,18,3,14,2022,32022,10/3/2022,Week2,0,0,Chrysosphaerella sp.,11619.31059,0,0,1,0,0,0
D14MTP19Exp12021,19,1,14,2021,12021,6/28/2021,Week2,30,2.240464135,Haematococcus pluvialis,2043.303291,0.109649123,0,0,0,0,0
D14MTP19Exp12022,19,1,14,2022,12022,6/15/2022,Week2,10,4.334612245,Chrysosphaerella sp.,3592.411039,0.120660253,3,4,1,0,2
D14MTP19Exp22021,19,2,14,2021,22021,8/9/2021,Week2,30,0,Trachelomonas abrupta,26051.69687,0,0,0,0,0,0
D14MTP19Exp32022,19,3,14,2022,32022,10/3/2022,Week2,30,0,Chrysosphaerella sp.,24343.145,0,2,0,0,0,0
D14MTP1Exp12021,1,1,14,2021,12021,6/28/2021,Week2,30,0,Haematococcus pluvialis,2754.277243,0,0,0,0,2,0
D14MTP1Exp12022,1,1,14,2022,12022,6/15/2022,Week2,100,30.03579798,Chrysosphaerella sp.,10726.99839,0.280001888,0,4,0,0,1
D14MTP1Exp22021,1,2,14,2021,22021,8/9/2021,Week2,30,0,Trachelomonas abrupta,2573.915381,0,2,0,0,0,0
D14MTP1Exp32022,1,3,14,2022,32022,10/3/2022,Week2,0,0,Chrysosphaerella sp.,10210.67656,0,0,0,0,0,0
D14MTP20Exp12021,20,1,14,2021,12021,6/28/2021,Week2,0,5.949467787,Haematococcus pluvialis,7585.571428,0.078431373,0,0,0,0,0
D14MTP20Exp12022,20,1,14,2022,12022,6/15/2022,Week2,30,0,Chrysosphaerella sp.,1488.757009,0,0,0,4,1,0
D14MTP20Exp22021,20,2,14,2021,22021,8/9/2021,Week2,0,0,Trachelomonas abrupta,19124.16996,0,0,0,0,0,0
D14MTP20Exp32022,20,3,14,2022,32022,10/10/2022,Week2,1,0,Chrysosphaerella sp.,9200.888963,0,0,5,0,0,0
D14MTP21Exp12021,21,1,14,2021,12021,6/28/2021,Week2,100,0,Haematococcus pluvialis,1587.785997,0,0,0,0,0,0
D14MTP21Exp12022,21,1,14,2022,12022,6/15/2022,Week2,0,4.31699187,Chrysosphaerella sp.,4368.813109,0.098813837,1,17,1,0,6
D14MTP21Exp22021,21,2,14,2021,22021,8/9/2021,Week2,100,0,Trachelomonas abrupta,16843.69918,0,0,0,0,0,0
D14MTP21Exp32022,21,3,14,2022,32022,10/3/2022,Week2,30,4.256432866,Chrysosphaerella sp.,11133.1047,0.038232218,1,1,0,0,0
D14MTP2Exp12022,2,1,14,2022,12022,6/15/2022,Week2,1,4.230996016,Chrysosphaerella sp.,5791.645408,0.073053437,0,5,0,0,1
D14MTP2Exp22021,2,2,14,2021,22021,8/9/2021,Week2,10,0,Trachelomonas abrupta,27225.30545,0,0,0,0,0,0
D14MTP2Exp32022,2,3,14,2022,32022,10/3/2022,Week2,10,0,Chrysosphaerella sp.,13976.18123,0,0,0,0,0,0
D14MTP3Exp12021,3,1,14,2021,12021,6/28/2021,Week2,0,0,Haematococcus pluvialis,1765.050093,0,0,0,0,0,0
D14MTP3Exp12022,3,1,14,2022,12022,6/15/2022,Week2,0,0,Chrysosphaerella sp.,3803.636869,0,0,4,0,0,1
D14MTP3Exp22021,3,2,14,2021,22021,8/9/2021,Week2,0,0,Trachelomonas abrupta,3343.27037,0,1,0,0,0,0
D14MTP3Exp32022,3,3,14,2022,32022,10/3/2022,Week2,100,4.406556017,Chrysosphaerella sp.,4265.546224,0.103305785,0,0,16,0,0
D14MTP4Exp12021,4,1,14,2021,12021,6/28/2021,Week2,10,0,Haematococcus pluvialis,2297.82706,0,3,0,0,0,0
D14MTP4Exp12022,4,1,14,2022,12022,6/15/2022,Week2,30,25.48752,Chrysosphaerella sp.,7636.344187,0.333765993,1,13,5,0,1
D14MTP4Exp22021,4,2,14,2021,22021,8/9/2021,Week2,10,0,Trachelomonas abrupta,16647.71886,0,0,0,0,0,0
D14MTP4Exp32022,4,3,14,2022,32022,10/3/2022,Week2,0,4.222584493,Chrysosphaerella sp.,19331.41239,0.021843125,0,0,0,0,0
D14MTP5Exp12021,5,1,14,2021,12021,6/28/2021,Week2,1,0,Haematococcus pluvialis,1530.70635,0,0,0,0,0,0
D14MTP5Exp12022,5,1,14,2022,12022,6/15/2022,Week2,10,4.214206349,Chrysosphaerella sp.,6843.365407,0.061580905,0,11,0,0,0
D14MTP5Exp22021,5,2,14,2021,22021,8/9/2021,Week2,1,0,Trachelomonas abrupta,11152.99328,0,0,0,0,0,0
D14MTP5Exp32022,5,3,14,2022,32022,10/2/2022,Week2,0,0,Chrysosphaerella sp.,9386.532903,0,0,0,0,0,0
D14MTP6Exp32022,6,3,14,2022,32022,10/3/2022,Week2,100,0,Chrysosphaerella sp.,6805.341224,0,0,0,2,0,0
D14MTP7Exp12021,7,1,14,2021,12021,6/28/2021,Week2,0,0,Haematococcus pluvialis,2941.335164,0,0,0,0,0,0
D14MTP7Exp12022,7,1,14,2022,12022,6/15/2022,Week2,30,34.46588235,Chrysosphaerella sp.,2058.909684,1.673987092,2,0,0,0,19
D14MTP7Exp22021,7,2,14,2021,22021,8/9/2021,Week2,0,0,Trachelomonas abrupta,20735.46942,0,6,0,0,0,0
D14MTP7Exp32022,7,3,14,2022,32022,10/3/2022,Week2,10,0,Chrysosphaerella sp.,7982.259508,0,0,0,0,0,0
D14MTP8Exp12021,8,1,14,2021,12021,6/28/2021,Week2,30,0,Haematococcus pluvialis,1750.889182,0,0,0,0,0,0
D14MTP8Exp12022,8,1,14,2022,12022,6/15/2022,Week2,0,8,Chrysosphaerella sp.,8820.396712,0.090698868,1,6,0,0,0
D14MTP8Exp22021,8,2,14,2021,22021,8/9/2021,Week2,30,0,Trachelomonas abrupta,55018.56217,0,0,0,0,0,0
D14MTP8Exp32022,8,3,14,2022,32022,10/3/2022,Week2,100,0,Chrysosphaerella sp.,7686.297869,0,0,0,0,0,0
D14MTP9Exp12021,9,1,14,2021,12021,6/28/2021,Week2,1,0,Haematococcus pluvialis,5394.597792,0,0,0,0,0,0
D14MTP9Exp12022,9,1,14,2022,12022,6/15/2022,Week2,100,12.87248485,Chrysosphaerella sp.,7559.772372,0.170276091,0,8,0,0,0
D14MTP9Exp22021,9,2,14,2021,22021,8/9/2021,Week2,1,0,Trachelomonas abrupta,7552.80176,0,0,0,0,0,0
D14MTP9Exp32022,9,3,14,2022,32022,10/3/2022,Week2,1,0,Chrysosphaerella sp.,4053.223667,0,0,0,0,0,0
D15MTP10Exp22022,10,2,15,2022,22022,8/2/2022,Week2,0,0,Haematococcus pluvialis,1228.565098,0,0,0,0,0,1
D15MTP12Exp22022,12,2,15,2022,22022,8/2/2022,Week2,100,4.452746331,Haematococcus pluvialis,1204.951877,0.369537275,0,0,0,38,0
D15MTP13Exp22022,13,2,15,2022,22022,8/2/2022,Week2,1,0,Haematococcus pluvialis,2392.679636,0,0,0,0,0,0
D15MTP14Exp22022,14,2,15,2022,22022,8/2/2022,Week2,30,50.13639485,Haematococcus pluvialis,2011.879491,2.492017792,0,0,0,34,0
D15MTP15Exp22022,15,2,15,2022,22022,8/2/2022,Week2,100,8.722628337,Haematococcus pluvialis,1730.738007,0.503983174,0,0,0,131,1
D15MTP16Exp22022,16,2,15,2022,22022,8/2/2022,Week2,0,0,Haematococcus pluvialis,1434.642353,0,2,0,0,0,0
D15MTP17Exp22022,17,2,15,2022,22022,8/2/2022,Week2,1,4.290828283,Haematococcus pluvialis,4796.815956,0.089451593,0,0,1,0,0
D15MTP18Exp22022,18,2,15,2022,22022,8/2/2022,Week2,10,89.05492662,Haematococcus pluvialis,6991.924927,1.273682535,3,0,0,686,0
D15MTP19Exp22022,19,2,15,2022,22022,8/2/2022,Week2,100,17.55338843,Haematococcus pluvialis,1579.78744,1.111123432,0,0,1,44,0
D15MTP1Exp22022,1,2,15,2022,22022,8/2/2022,Week2,10,4.397432712,Haematococcus pluvialis,2126.241935,0.206817138,0,0,36,1,0
D15MTP20Exp22022,20,2,15,2022,22022,8/2/2022,Week2,1,0,Haematococcus pluvialis,2453.1738,0,0,0,0,3,0
D15MTP21Exp22022,21,2,15,2022,22022,8/2/2022,Week2,1,4.256432866,Haematococcus pluvialis,2520.035667,0.168903676,0,0,3,2,0
D15MTP2Exp22022,2,2,15,2022,22022,8/2/2022,Week2,0,0,Haematococcus pluvialis,3429.707864,0,0,0,0,0,0
D15MTP3Exp22022,3,2,15,2022,22022,8/2/2022,Week2,10,0,Haematococcus pluvialis,2014.1,0,0,0,8,15,0
D15MTP4Exp22022,4,2,15,2022,22022,8/2/2022,Week2,30,29.55809145,Haematococcus pluvialis,9931.215878,0.297628123,0,0,0,36,0
D15MTP5Exp22022,5,2,15,2022,22022,8/2/2022,Week2,30,4.370288066,Haematococcus pluvialis,3450.387023,0.126660808,0,0,0,13,0
D15MTP6Exp22022,6,2,15,2022,22022,8/2/2022,Week2,10,12.84653226,Haematococcus pluvialis,20983.70057,0.061221481,0,0,6,3,0
D15MTP7Exp22022,7,2,15,2022,22022,8/2/2022,Week2,100,0,Haematococcus pluvialis,802.4178492,0,0,0,18,25,0
D15MTP8Exp22022,8,2,15,2022,22022,8/2/2022,Week2,30,4.273561368,Haematococcus pluvialis,3230.037811,0.132306853,0,1,6,7,0
D15MTP9Exp22022,9,2,15,2022,22022,8/2/2022,Week2,0,0,Haematococcus pluvialis,2249.407739,0,0,0,5,0,0
D1MTP10Exp22022,10,2,1,2022,22022,7/19/2022,Day0,0,0,Haematococcus pluvialis,528.7589496,0,2,3,43,0,2
D1MTP12Exp22022,12,2,1,2022,22022,7/19/2022,Day0,100,98.09453815,Haematococcus pluvialis,854.8347777,11.47526291,1,3,15,326,2
D1MTP13Exp22022,13,2,1,2022,22022,7/19/2022,Day0,1,4.308235294,Haematococcus pluvialis,568.3474054,0.758028497,7,0,64,5,0
D1MTP14Exp22022,14,2,1,2022,22022,7/19/2022,Day0,30,8.794865424,Haematococcus pluvialis,898.2031154,0.979162204,4,0,38,0,9
D1MTP15Exp22022,15,2,1,2022,22022,7/19/2022,Day0,100,31.03908142,Haematococcus pluvialis,711.7402579,4.361012473,5,1,29,201,6
D1MTP16Exp22022,16,2,1,2022,22022,7/19/2022,Day0,0,0,Haematococcus pluvialis,433.3706685,0,0,3,74,77,5
D1MTP17Exp22022,17,2,1,2022,22022,7/19/2022,Day0,1,0,Haematococcus pluvialis,689.6523506,0,11,1,23,2,3
D1MTP18Exp22022,18,2,1,2022,22022,7/19/2022,Day0,10,4.290828283,Haematococcus pluvialis,373.6126957,1.148469614,4,1,41,37,4
D1MTP19Exp22022,19,2,1,2022,22022,7/19/2022,Day0,100,26.00767347,Haematococcus pluvialis,945.1108462,2.751811978,5,10,31,164,4
D1MTP1Exp22022,1,2,1,2022,22022,7/19/2022,Day0,10,8.849833333,Haematococcus pluvialis,677.6102117,1.306036004,2,2,63,47,2
D1MTP20Exp22022,20,2,1,2022,22022,7/19/2022,Day0,1,4.308235294,Haematococcus pluvialis,624.3329222,0.690054159,8,6,37,8,0
D1MTP21Exp22022,21,2,1,2022,22022,7/19/2022,Day0,1,4.24792,Haematococcus pluvialis,1040.48295,0.408264258,1,0,44,21,0
D1MTP2Exp22022,2,2,1,2022,22022,7/19/2022,Day0,0,0,Haematococcus pluvialis,417.9976912,0,6,6,66,0,2
D1MTP3Exp22022,3,2,1,2022,22022,7/19/2022,Day0,10,9.222579244,Haematococcus pluvialis,526.1417145,1.752869805,1,0,39,59,3
D1MTP4Exp22022,4,2,1,2022,22022,7/19/2022,Day0,30,25,Haematococcus pluvialis,766.6661943,3.260871574,1,5,56,140,1
D1MTP5Exp22022,5,2,1,2022,22022,7/19/2022,Day0,30,8.581656566,Haematococcus pluvialis,481.5282153,1.782171074,6,0,59,129,2
D1MTP6Exp22022,6,2,1,2022,22022,7/19/2022,Day0,10,0,Haematococcus pluvialis,946.0893254,0,9,4,44,33,1
D1MTP7Exp22022,7,2,1,2022,22022,7/19/2022,Day0,100,12.64261905,Haematococcus pluvialis,931.0547463,1.357881381,8,0,55,178,3
D1MTP8Exp22022,8,2,1,2022,22022,7/19/2022,Day0,30,12.95097561,Haematococcus pluvialis,716.1539486,1.808406647,7,5,54,101,3
D1MTP9Exp22022,9,2,1,2022,22022,7/19/2022,Day0,0,0,Haematococcus pluvialis,866.4690377,0,15,4,29,0,2
D21MTP10Exp12022,10,1,21,2022,12022,6/22/2022,Week3,10,0,Chrysosphaerella sp.,9470.029654,0,15,0,0,0,7
D21MTP10Exp32022,10,3,21,2022,32022,10/10/2022,Week3,10,0,Chrysosphaerella sp.,5142.218947,0,0,0,0,0,0
D21MTP11Exp12022,11,1,21,2022,12022,6/22/2022,Week3,100,0,Chrysosphaerella sp.,2942.738473,0,14,0,0,0,8
D21MTP12Exp12022,12,1,21,2022,12022,6/22/2022,Week3,1,4.26497992,Chrysosphaerella sp.,7972.033055,0.053499275,0,2,1,0,2
D21MTP12Exp32022,12,3,21,2022,32022,10/10/2022,Week3,30,0,Chrysosphaerella sp.,8201.341345,0,0,0,0,0,0
D21MTP13Exp12022,13,1,21,2022,12022,6/22/2022,Week3,30,0,Chrysosphaerella sp.,5314.252377,0,0,0,0,0,0
D21MTP13Exp32022,13,3,21,2022,32022,10/10/2022,Week3,1,0,Chrysosphaerella sp.,5199.45408,0,0,0,0,0,0
D21MTP14Exp12022,14,1,21,2022,12022,6/22/2022,Week3,10,0,Chrysosphaerella sp.,4388.664337,0,0,0,0,0,0
D21MTP14Exp32022,14,3,21,2022,32022,10/10/2022,Week3,100,0,Chrysosphaerella sp.,4685.473991,0,0,0,0,0,0
D21MTP15Exp12022,15,1,21,2022,12022,6/22/2022,Week3,0,0,Chrysosphaerella sp.,1362.166347,0,0,0,12,0,0
D21MTP15Exp32022,15,3,21,2022,32022,10/10/2022,Week3,30,0,Chrysosphaerella sp.,7820.034545,0,0,0,0,0,0
D21MTP16Exp12022,16,1,21,2022,12022,6/22/2022,Week3,100,0,Chrysosphaerella sp.,4603.376115,0,0,11,0,0,0
D21MTP16Exp32022,16,3,21,2022,32022,10/10/2022,Week3,1,0,Chrysosphaerella sp.,5156.939918,0,0,0,0,0,0
D21MTP17Exp12022,17,1,21,2022,12022,6/22/2022,Week3,1,0,Chrysosphaerella sp.,2932.404234,0,1,7,0,0,0
D21MTP17Exp32022,17,3,21,2022,32022,10/10/2022,Week3,10,0,Chrysosphaerella sp.,12685.68297,0,0,0,0,0,0
D21MTP18Exp12022,18,1,21,2022,12022,6/22/2022,Week3,1,22.65557333,Chrysosphaerella sp.,4938.914987,0.458715596,2,5,0,0,2
D21MTP18Exp32022,18,3,21,2022,32022,10/10/2022,Week3,0,0,Chrysosphaerella sp.,5737.335934,0,0,0,0,0,0
D21MTP19Exp12022,19,1,21,2022,12022,6/22/2022,Week3,10,0,Chrysosphaerella sp.,2250.079082,0,0,3,1,0,0
D21MTP19Exp32022,19,3,21,2022,32022,10/10/2022,Week3,30,0,Chrysosphaerella sp.,6930.816842,0,0,0,0,0,0
D21MTP1Exp12022,1,1,21,2022,12022,6/22/2022,Week3,100,0,Chrysosphaerella sp.,12369.42222,0,0,17,0,0,0
D21MTP1Exp32022,1,3,21,2022,32022,10/10/2022,Week3,0,0,Chrysosphaerella sp.,7557.757667,0,0,3,0,0,0
D21MTP20Exp12022,20,1,21,2022,12022,6/22/2022,Week3,30,4.24792,Chrysosphaerella sp.,5624.24608,0.075528701,0,0,0,0,2
D21MTP20Exp32022,20,3,21,2022,32022,10/10/2022,Week3,1,0,Chrysosphaerella sp.,9722.226946,0,0,0,0,0,0
D21MTP21Exp12022,21,1,21,2022,12022,6/22/2022,Week3,0,0,Chrysosphaerella sp.,2722.377301,0,1,27,0,0,0
D21MTP21Exp32022,21,3,21,2022,32022,10/10/2022,Week3,30,0,Chrysosphaerella sp.,8719.886414,0,0,0,0,0,0
D21MTP2Exp12022,2,1,21,2022,12022,6/22/2022,Week3,1,0,Chrysosphaerella sp.,6698.861794,0,0,3,0,0,0
D21MTP2Exp32022,2,3,21,2022,32022,10/10/2022,Week3,10,0,Chrysosphaerella sp.,5821.223704,0,0,4,0,0,0
D21MTP3Exp12022,3,1,21,2022,12022,6/22/2022,Week3,0,0,Chrysosphaerella sp.,5147.063066,0,1,9,1,0,1
D21MTP3Exp32022,3,3,21,2022,32022,10/10/2022,Week3,100,0,Chrysosphaerella sp.,6126.482231,0,0,0,0,0,0
D21MTP4Exp12022,4,1,21,2022,12022,6/22/2022,Week3,30,0,Chrysosphaerella sp.,8048.228595,0,1,9,0,0,0
D21MTP4Exp32022,4,3,21,2022,32022,10/10/2022,Week3,0,0,Chrysosphaerella sp.,6431.35088,0,0,0,0,0,0
D21MTP5Exp12022,5,1,21,2022,12022,6/22/2022,Week3,10,0,Chrysosphaerella sp.,5542.60478,0,0,0,0,0,0
D21MTP5Exp32022,5,3,21,2022,32022,10/10/2022,Week3,0,0,Chrysosphaerella sp.,4550.091629,0,0,0,0,0,0
D21MTP6Exp32022,6,3,21,2022,32022,10/10/2022,Week3,100,0,Chrysosphaerella sp.,9413.600494,0,0,0,0,0,0
D21MTP7Exp32022,7,3,21,2022,32022,10/10/2022,Week3,10,0,Chrysosphaerella sp.,4684.465138,0,0,0,0,0,0
D21MTP8Exp12022,8,1,21,2022,12022,6/22/2022,Week3,0,0,Chrysosphaerella sp.,7992.642865,0,0,3,0,0,0
D21MTP8Exp32022,8,3,21,2022,32022,10/10/2022,Week3,100,0,Chrysosphaerella sp.,3607.221322,0,0,0,0,1,0
D21MTP9Exp12022,9,1,21,2022,12022,6/22/2022,Week3,100,0,Chrysosphaerella sp.,4925.31465,0,0,4,0,0,0
D21MTP9Exp32022,9,3,21,2022,32022,10/10/2022,Week3,1,0,Chrysosphaerella sp.,4871.550809,0,0,0,0,0,0
D22MTP10Exp12021,10,1,22,2021,12021,7/6/2021,Week3,100,0,Haematococcus pluvialis,3975.499043,0,0,0,0,2,0
D22MTP10Exp22021,10,2,22,2021,22021,8/16/2021,Week3,100,0,Trachelomonas abrupta,2514.297618,0,0,0,0,0,0
D22MTP10Exp22022,10,2,22,2022,22022,8/9/2022,Week3,0,0,Haematococcus pluvialis,4693.266452,0,0,1,0,0,0
D22MTP11Exp12021,11,1,22,2021,12021,7/6/2021,Week3,30,10.01867925,Haematococcus pluvialis,11250.97679,0.089047195,0,0,0,0,0
D22MTP12Exp12021,12,1,22,2021,12021,7/6/2021,Week3,10,5.231428571,Haematococcus pluvialis,2048.104286,0.255427842,0,0,0,0,0
D22MTP12Exp22021,12,2,22,2021,22021,8/16/2021,Week3,10,0,Trachelomonas abrupta,5129.038777,0,0,0,0,0,0
D22MTP12Exp22022,12,2,22,2022,22022,8/9/2022,Week3,100,0,Haematococcus pluvialis,7136.150126,0,0,2,0,42,0
D22MTP13Exp12021,13,1,22,2021,12021,7/6/2021,Week3,0,0,Haematococcus pluvialis,6548.876666,0,0,0,0,0,0
D22MTP13Exp22021,13,2,22,2021,22021,8/16/2021,Week3,0,0,Trachelomonas abrupta,25004.01691,0,0,1,0,0,0
D22MTP13Exp22022,13,2,22,2022,22022,8/9/2022,Week3,1,0,Haematococcus pluvialis,2809.108387,0,0,1,0,0,0
D22MTP14Exp12021,14,1,22,2021,12021,7/6/2021,Week3,10,0,Haematococcus pluvialis,6376.162177,0,0,0,0,1,0
D22MTP14Exp22021,14,2,22,2021,22021,8/16/2021,Week3,10,0,Trachelomonas abrupta,5063.831463,0,0,0,0,0,0
D22MTP14Exp22022,14,2,22,2022,22022,8/9/2022,Week4,30,12.74376,Haematococcus pluvialis,3959.06144,0.321888412,0,0,0,24,0
D22MTP15Exp12021,15,1,22,2021,12021,7/6/2021,Week3,1,0,Haematococcus pluvialis,7787.853333,0,0,0,0,0,0
D22MTP15Exp22021,15,2,22,2021,22021,8/16/2021,Week3,1,0,Trachelomonas abrupta,94640.00908,0,0,0,0,0,0
D22MTP15Exp22022,15,2,22,2022,22022,8/9/2022,Week3,100,0,Haematococcus pluvialis,8426.76813,0,0,0,0,7,0
D22MTP16Exp12021,16,1,22,2021,12021,7/6/2021,Week3,100,0,Haematococcus pluvialis,2700.523992,0,0,0,0,11,0
D22MTP16Exp22021,16,2,22,2021,22021,8/16/2021,Week3,100,0,Trachelomonas abrupta,470.0917505,0,0,2,0,0,0
D22MTP16Exp22022,16,2,22,2022,22022,8/9/2022,Week3,0,0,Haematococcus pluvialis,7585.571429,0,0,0,0,0,0
D22MTP17Exp12021,17,1,22,2021,12021,7/6/2021,Week3,1,0,Haematococcus pluvialis,7092.817642,0,0,0,0,0,0
D22MTP17Exp22021,17,2,22,2021,22021,8/16/2021,Week3,1,0,Trachelomonas abrupta,1218.981227,0,0,0,0,0,0
D22MTP17Exp22022,17,2,22,2022,22022,8/9/2022,Week3,1,0,Haematococcus pluvialis,6555.432099,0,0,0,0,0,0
D22MTP18Exp12021,18,1,22,2021,12021,7/6/2021,Week3,100,0,Haematococcus pluvialis,4230.92832,0,0,0,0,0,0
D22MTP18Exp22021,18,2,22,2021,22021,8/16/2021,Week3,100,0,Trachelomonas abrupta,19668.04088,0,0,0,0,0,0
D22MTP18Exp22022,18,2,22,2022,22022,8/9/2022,Week3,10,0,Haematococcus pluvialis,2895.52098,0,0,0,0,13,0
D22MTP19Exp12021,19,1,22,2021,12021,7/6/2021,Week3,30,0,Haematococcus pluvialis,1915.898612,0,0,0,0,0,0
D22MTP19Exp22021,19,2,22,2021,22021,8/16/2021,Week3,30,0,Trachelomonas abrupta,19894.69869,0,0,10,0,0,0
D22MTP19Exp22022,19,2,22,2022,22022,8/9/2022,Week3,100,4.406556017,Haematococcus pluvialis,4796.481597,0.091870592,0,0,0,10,0
D22MTP1Exp12021,1,1,22,2021,12021,7/6/2021,Week3,30,0,Haematococcus pluvialis,5105.502176,0,0,0,0,2,0
D22MTP1Exp22022,1,2,22,2022,22022,8/9/2022,Week3,10,0,Haematococcus pluvialis,3695.6904,0,0,0,8,2,0
D22MTP20Exp12021,20,1,22,2021,12021,7/6/2021,Week3,0,0,Haematococcus pluvialis,5862.300887,0,0,0,0,0,0
D22MTP20Exp22021,20,2,22,2021,22021,8/16/2021,Week3,0,0,Trachelomonas abrupta,693.0968521,0,0,0,0,0,0
D22MTP20Exp22022,20,2,22,2022,22022,8/9/2022,Week3,1,0,Haematococcus pluvialis,4203.48569,0,0,6,0,0,0
D22MTP21Exp12021,21,1,22,2021,12021,7/6/2021,Week3,100,0,Haematococcus pluvialis,5619.135556,0,0,0,0,0,0
D22MTP21Exp22021,21,2,22,2021,22021,8/16/2021,Week3,100,0,Trachelomonas abrupta,3522.090927,0,0,0,0,0,0
D22MTP21Exp22022,21,2,22,2022,22022,8/9/2022,Week3,1,0,Haematococcus pluvialis,4384.071282,0,0,0,1,0,0
D22MTP2Exp12021,2,1,22,2021,12021,7/6/2021,Week3,10,0,Haematococcus pluvialis,4585.136399,0,0,0,0,0,0
D22MTP2Exp22021,2,2,22,2021,22021,8/16/2021,Week3,10,0,Trachelomonas abrupta,1698.731869,0,0,0,0,0,0
D22MTP2Exp22022,2,2,22,2022,22022,8/9/2022,Week3,0,0,Haematococcus pluvialis,3319.732756,0,0,0,0,0,0
D22MTP3Exp12021,3,1,22,2021,12021,7/6/2021,Week3,0,0,Haematococcus pluvialis,4550.495307,0,0,0,0,0,0
D22MTP3Exp22021,3,2,22,2021,22021,8/16/2021,Week3,0,0,Trachelomonas abrupta,2458.208685,0,0,0,0,0,0
D22MTP3Exp22022,3,2,22,2022,22022,8/9/2022,Week3,10,0,Haematococcus pluvialis,6111.803265,0,0,0,2,1,0
D22MTP4Exp12021,4,1,22,2021,12021,7/6/2021,Week3,10,0,Haematococcus pluvialis,5744.346363,0,0,0,0,0,0
D22MTP4Exp22021,4,2,22,2021,22021,8/16/2021,Week3,10,0,Trachelomonas abrupta,17065.30467,0,0,0,0,0,0
D22MTP4Exp22022,4,2,22,2022,22022,8/9/2022,Week3,30,0,Haematococcus pluvialis,3968.221564,0,0,0,0,21,0
D22MTP5Exp12021,5,1,22,2021,12021,7/6/2021,Week3,1,0,Haematococcus pluvialis,6486.927833,0,2,0,0,0,0
D22MTP5Exp22021,5,2,22,2021,22021,8/16/2021,Week3,1,0,Trachelomonas abrupta,1820.327597,0,0,0,0,0,0
D22MTP5Exp22022,5,2,22,2022,22022,8/9/2022,Week3,30,0,Haematococcus pluvialis,4291.089919,0,0,3,0,8,0
D22MTP6Exp22022,6,2,22,2022,22022,8/9/2022,Week3,10,0,Haematococcus pluvialis,529.8996715,0,0,0,1,1,0
D22MTP7Exp12021,7,1,22,2021,12021,7/6/2021,Week3,0,4.678325991,Haematococcus pluvialis,7199.9437,0.064977258,0,0,0,0,0
D22MTP7Exp22022,7,2,22,2022,22022,8/9/2022,Week3,100,0,Haematococcus pluvialis,5301.471587,0,0,2,6,15,0
D22MTP8Exp12021,8,1,22,2021,12021,7/6/2021,Week3,30,0,Haematococcus pluvialis,6677.73024,0,2,0,0,0,0
D22MTP8Exp22021,8,2,22,2021,22021,8/16/2021,Week3,30,0,Trachelomonas abrupta,10964.09489,0,0,0,0,0,0
D22MTP8Exp22022,8,2,22,2022,22022,8/9/2022,Week3,30,0,Haematococcus pluvialis,2597.901488,0,0,0,0,25,0
D22MTP9Exp12021,9,1,22,2021,12021,7/6/2021,Week3,1,0,Haematococcus pluvialis,2687.271131,0,0,0,0,0,0
D22MTP9Exp22021,9,2,22,2021,22021,8/16/2021,Week3,1,0,Trachelomonas abrupta,4028.78127,0,0,6,0,0,0
D22MTP9Exp22022,9,2,22,2022,22022,8/9/2022,Week3,0,0,Haematococcus pluvialis,8159.546333,0,0,1,2,0,0
D28MTP10Exp12021,10,1,28,2021,12021,7/12/2021,Week4,100,0,Haematococcus pluvialis,1846.736305,0,0,0,0,1,0
D28MTP10Exp22021,10,2,28,2021,22021,8/23/2021,Week4,100,4.214206349,Trachelomonas abrupta,6207.525952,0.067888663,0,0,0,0,0
D28MTP10Exp32022,10,3,28,2022,32022,10/17/2022,Week4,10,0,Chrysosphaerella sp.,1461.301748,0,0,0,0,0,0
D28MTP11Exp12021,11,1,28,2021,12021,7/12/2021,Week4,30,0,Haematococcus pluvialis,3227.750236,0,0,0,0,0,0
D28MTP11Exp22021,11,2,28,2021,22021,8/23/2021,Week4,30,0,Trachelomonas abrupta,5389.653438,0,0,1,0,0,0
D28MTP12Exp12021,12,1,28,2021,12021,7/12/2021,Week4,10,0,Haematococcus pluvialis,1277.794849,0,0,0,0,0,0
D28MTP12Exp22021,12,2,28,2021,22021,8/23/2021,Week4,10,0,Trachelomonas abrupta,2077.326147,0,0,0,0,0,0
D28MTP12Exp32022,12,3,28,2022,32022,10/17/2022,Week4,30,0,Chrysosphaerella sp.,5103.403889,0,0,0,0,0,0
D28MTP13Exp12021,13,1,28,2021,12021,7/12/2021,Week4,0,0,Haematococcus pluvialis,856.4354839,0,0,0,0,0,0
D28MTP13Exp22021,13,2,28,2021,22021,8/23/2021,Week4,0,0,Trachelomonas abrupta,4695.289527,0,0,4,0,0,0
D28MTP13Exp32022,13,3,28,2022,32022,10/17/2022,Week4,1,0,Chrysosphaerella sp.,4247.92,0,0,0,0,0,0
D28MTP14Exp12021,14,1,28,2021,12021,7/12/2021,Week4,10,0,Haematococcus pluvialis,350.3439175,0,0,0,0,0,0
D28MTP14Exp22021,14,2,28,2021,22021,8/23/2021,Week4,10,0,Trachelomonas abrupta,4129.452111,0,0,14,0,0,0
D28MTP14Exp32022,14,3,28,2022,32022,10/17/2022,Week4,100,0,Chrysosphaerella sp.,2998.531765,0,0,0,0,0,0
D28MTP15Exp12021,15,1,28,2021,12021,7/12/2021,Week4,1,0,Haematococcus pluvialis,571.8353846,0,0,0,0,0,0
D28MTP15Exp22021,15,2,28,2021,22021,8/23/2021,Week4,1,0,Trachelomonas abrupta,19445.07053,0,0,0,0,0,0
D28MTP15Exp32022,15,3,28,2022,32022,10/17/2022,Week4,30,0,Chrysosphaerella sp.,751.1565854,0,0,0,0,0,0
D28MTP16Exp12021,16,1,28,2021,12021,7/12/2021,Week4,100,0,Haematococcus pluvialis,685.4993852,0,0,0,0,1,0
D28MTP16Exp22021,16,2,28,2021,22021,8/23/2021,Week4,100,0,Trachelomonas abrupta,4417.8368,0,0,2,0,0,0
D28MTP16Exp32022,16,3,28,2022,32022,10/17/2022,Week4,1,0,Chrysosphaerella sp.,2367.232952,0,0,0,0,0,0
D28MTP17Exp12021,17,1,28,2021,12021,7/12/2021,Week4,1,0,Haematococcus pluvialis,2208.484938,0,0,0,0,0,0
D28MTP17Exp22021,17,2,28,2021,22021,8/23/2021,Week4,1,0,Trachelomonas abrupta,1599.120463,0,0,0,0,0,0
D28MTP17Exp32022,17,3,28,2022,32022,10/17/2022,Week4,10,0,Chrysosphaerella sp.,10488.69136,0,0,0,0,0,0
D28MTP18Exp12021,18,1,28,2021,12021,7/12/2021,Week4,100,0,Haematococcus pluvialis,1130.772227,0,0,0,0,6,0
D28MTP18Exp22021,18,2,28,2021,22021,8/23/2021,Week4,100,0,Trachelomonas abrupta,11643.70104,0,0,0,0,0,0
D28MTP18Exp32022,18,3,28,2022,32022,10/17/2022,Week4,0,0,Chrysosphaerella sp.,12342.85189,0,0,0,0,0,0
D28MTP19Exp12021,19,1,28,2021,12021,7/12/2021,Week4,30,0,Haematococcus pluvialis,704.9739574,0,0,0,0,0,0
D28MTP19Exp22021,19,2,28,2021,22021,8/23/2021,Week4,30,0,Trachelomonas abrupta,6997.077903,0,0,2,0,0,0
D28MTP19Exp32022,19,3,28,2022,32022,10/17/2022,Week4,30,0,Chrysosphaerella sp.,4283.616807,0,0,2,0,0,0
D28MTP1Exp12021,1,1,28,2021,12021,7/12/2021,Week4,30,0,Haematococcus pluvialis,1800.748696,0,0,0,0,0,0
D28MTP1Exp22021,1,2,28,2021,22021,8/23/2021,Week4,30,0,Trachelomonas abrupta,6252.460562,0,0,0,0,0,0
D28MTP1Exp32022,1,3,28,2022,32022,10/17/2022,Week4,0,0,Chrysosphaerella sp.,12478.6915,0,0,0,0,0,0
D28MTP20Exp12021,20,1,28,2021,12021,7/12/2021,Week4,0,0,Haematococcus pluvialis,612.4301841,0,0,0,0,0,0
D28MTP20Exp22021,20,2,28,2021,22021,8/23/2021,Week4,0,0,Trachelomonas abrupta,2498.77647,0,0,0,0,0,0
D28MTP20Exp32022,20,3,28,2022,32022,10/17/2022,Week4,1,0,Chrysosphaerella sp.,6760.519489,0,0,0,0,0,0
D28MTP21Exp12021,21,1,28,2021,12021,7/12/2021,Week4,100,0,Haematococcus pluvialis,773.12144,0,0,0,0,0,0
D28MTP21Exp22021,21,2,28,2021,22021,8/23/2021,Week4,100,0,Trachelomonas abrupta,2389.455,0,0,0,0,0,0
D28MTP21Exp32022,21,3,28,2022,32022,10/17/2022,Week4,30,0,Chrysosphaerella sp.,2412.81856,0,0,0,0,0,0
D28MTP2Exp12021,2,1,28,2021,12021,7/12/2021,Week4,10,1.423565684,Haematococcus pluvialis,263.3596514,0.540540541,0,0,0,0,0
D28MTP2Exp22021,2,2,28,2021,22021,8/23/2021,Week4,10,0,Trachelomonas abrupta,10194.1481,0,0,5,0,0,0
D28MTP2Exp32022,2,3,28,2022,32022,10/17/2022,Week4,10,0,Chrysosphaerella sp.,5266.016529,0,0,0,0,0,0
D28MTP3Exp12021,3,1,28,2021,12021,7/12/2021,Week4,0,0,Haematococcus pluvialis,1293.605268,0,0,0,0,0,0
D28MTP3Exp22021,3,2,28,2021,22021,8/23/2021,Week4,0,2.13248996,Trachelomonas abrupta,1936.300884,0.110132159,0,0,0,0,0
D28MTP3Exp32022,3,3,28,2022,32022,10/17/2022,Week4,100,0,Chrysosphaerella sp.,4125.088578,0,0,0,0,0,0
D28MTP4Exp12021,4,1,28,2021,12021,7/12/2021,Week4,10,0,Haematococcus pluvialis,761.0140082,0,0,0,0,0,0
D28MTP4Exp22021,4,2,28,2021,22021,8/23/2021,Week4,10,0,Trachelomonas abrupta,7231.782834,0,0,0,0,0,0
D28MTP4Exp32022,4,3,28,2022,32022,10/17/2022,Week4,0,0,Chrysosphaerella sp.,8143.334034,0,0,0,0,0,0
D28MTP5Exp12021,5,1,28,2021,12021,7/12/2021,Week4,1,0,Haematococcus pluvialis,543.7849397,0,0,0,0,0,0
D28MTP5Exp22021,5,2,28,2021,22021,8/23/2021,Week4,1,0,Trachelomonas abrupta,708.9551847,0,0,0,0,0,0
D28MTP5Exp32022,5,3,28,2022,32022,10/17/2022,Week4,0,0,Chrysosphaerella sp.,3206.232611,0,0,0,0,2,0
D28MTP7Exp12021,7,1,28,2021,12021,7/12/2021,Week4,0,0,Haematococcus pluvialis,1944.037769,0,0,0,0,0,0
D28MTP7Exp22021,7,2,28,2021,22021,8/23/2021,Week4,0,0,Trachelomonas abrupta,7202.994783,0,0,0,0,0,0
D28MTP7Exp32022,7,3,28,2022,32022,10/17/2022,Week4,10,0,Chrysosphaerella sp.,3033.525363,0,0,0,0,0,0
D28MTP8Exp12021,8,1,28,2021,12021,7/12/2021,Week4,30,0,Haematococcus pluvialis,410.4764511,0,0,0,0,0,0
D28MTP8Exp22021,8,2,28,2021,22021,8/23/2021,Week4,30,0,Trachelomonas abrupta,9770.216,0,0,7,0,0,0
D28MTP8Exp32022,8,3,28,2022,32022,10/17/2022,Week4,100,0,Chrysosphaerella sp.,3578.767968,0,0,0,0,0,0
D28MTP9Exp12021,9,1,28,2021,12021,7/12/2021,Week4,1,0,Haematococcus pluvialis,1293.217581,0,0,0,0,0,0
D28MTP9Exp22021,9,2,28,2021,22021,8/23/2021,Week4,1,0,Trachelomonas abrupta,7893.094594,0,0,0,0,0,0
D28MTP9Exp32022,9,3,28,2022,32022,10/17/2022,Week4,1,0,Chrysosphaerella sp.,4572.015041,0,0,0,0,0,0
D29MTP10Exp12022,10,1,29,2022,12022,6/29/2022,Week4,10,0,Chrysosphaerella sp.,15230.34732,0,3,0,0,0,0
D29MTP10Exp22022,10,2,29,2022,22022,8/16/2022,Week4,0,0,Haematococcus pluvialis,737.3666802,0,0,0,0,2,0
D29MTP11Exp12022,11,1,29,2022,12022,6/29/2022,Week4,100,4.46210084,Chrysosphaerella sp.,6117.540252,0.07293946,11,0,0,1,0
D29MTP12Exp12022,12,1,29,2022,12022,6/29/2022,Week4,1,0,Chrysosphaerella sp.,2518.91124,0,0,6,0,0,0
D29MTP12Exp22022,12,2,29,2022,22022,8/16/2022,Week4,100,0,Haematococcus pluvialis,2666.058577,0,0,0,0,4,0
D29MTP13Exp12022,13,1,29,2022,12022,6/29/2022,Week4,30,0,Chrysosphaerella sp.,1371.107883,0,0,2,0,0,0
D29MTP13Exp22022,13,2,29,2022,22022,8/16/2022,Week4,1,0,Haematococcus pluvialis,2635.444245,0,0,0,0,3,0
D29MTP14Exp12022,14,1,29,2022,12022,6/29/2022,Week4,10,0,Chrysosphaerella sp.,1020.004506,0,2,1,0,0,0
D29MTP14Exp22022,14,2,29,2022,22022,8/16/2022,Week3,30,0,Haematococcus pluvialis,923.6471073,0,0,0,0,0,0
D29MTP15Exp12022,15,1,29,2022,12022,6/29/2022,Week4,0,0,Chrysosphaerella sp.,1634.140199,0,0,0,0,0,0
D29MTP15Exp22022,15,2,29,2022,22022,8/16/2022,Week4,100,0,Haematococcus pluvialis,7018.174882,0,0,0,0,0,0
D29MTP16Exp12022,16,1,29,2022,12022,6/29/2022,Week4,100,0,Chrysosphaerella sp.,1155.422374,0,0,1,0,0,0
D29MTP16Exp22022,16,2,29,2022,22022,8/16/2022,Week4,0,0,Haematococcus pluvialis,977.5548117,0,0,0,0,0,0
D29MTP17Exp12022,17,1,29,2022,12022,6/29/2022,Week4,1,0,Chrysosphaerella sp.,1827.293522,0,0,3,0,0,0
D29MTP18Exp12022,18,1,29,2022,12022,6/29/2022,Week4,1,0,Chrysosphaerella sp.,5215.310688,0,0,0,0,0,0
D29MTP18Exp22022,18,2,29,2022,22022,8/16/2022,Week4,10,0,Haematococcus pluvialis,793.7591786,0,0,0,0,1,0
D29MTP19Exp12022,19,1,29,2022,12022,6/29/2022,Week4,10,0,Chrysosphaerella sp.,12047.10112,0,0,0,0,0,0
D29MTP19Exp22022,19,2,29,2022,22022,8/16/2022,Week4,100,4.31699187,Haematococcus pluvialis,7615.173659,0.056689342,0,0,0,1,0
D29MTP1Exp12022,1,1,29,2022,12022,6/29/2022,Week4,100,0,Chrysosphaerella sp.,5431.149685,0,0,0,0,2,0
D29MTP1Exp22022,1,2,29,2022,22022,8/16/2022,Week4,10,0,Haematococcus pluvialis,2338.90986,0,0,6,2,0,0
D29MTP20Exp12022,20,1,29,2022,12022,6/29/2022,Week4,30,0,Chrysosphaerella sp.,18675.30683,0,0,0,0,0,0
D29MTP20Exp22022,20,2,29,2022,22022,8/16/2022,Week4,1,0,Haematococcus pluvialis,15124.51025,0,0,2,0,0,0
D29MTP21Exp12022,21,1,29,2022,12022,6/29/2022,Week4,0,0,Chrysosphaerella sp.,3808.736682,0,0,0,0,0,0
D29MTP21Exp22022,21,2,29,2022,22022,8/16/2022,Week4,1,0,Haematococcus pluvialis,13253.16504,0,0,0,0,0,0
D29MTP2Exp12022,2,1,29,2022,12022,6/29/2022,Week4,1,1.497856135,Chrysosphaerella sp.,841.7951482,0.177935943,0,6,0,0,0
D29MTP2Exp22022,2,2,29,2022,22022,8/16/2022,Week4,0,0,Haematococcus pluvialis,7167.806063,0,0,1,0,0,0
D29MTP3Exp12022,3,1,29,2022,12022,6/29/2022,Week4,0,0,Chrysosphaerella sp.,2654.95,0,0,6,0,0,0
D29MTP3Exp22022,3,2,29,2022,22022,8/16/2022,Week4,10,0,Haematococcus pluvialis,738.5786831,0,0,1,2,0,0
D29MTP4Exp12022,4,1,29,2022,12022,6/29/2022,Week4,30,0,Chrysosphaerella sp.,818.5221344,0,0,22,0,0,0
D29MTP4Exp22022,4,2,29,2022,22022,8/16/2022,Week4,30,0,Haematococcus pluvialis,1741.6472,0,0,0,0,7,0
D29MTP5Exp12022,5,1,29,2022,12022,6/29/2022,Week4,10,0,Chrysosphaerella sp.,2551.395933,0,1,0,0,0,3
D29MTP5Exp22022,5,2,29,2022,22022,8/16/2022,Week4,30,0,Haematococcus pluvialis,1644.356129,0,0,6,0,2,0
D29MTP6Exp22022,6,2,29,2022,22022,8/16/2022,Week4,10,76.17578059,Haematococcus pluvialis,2715.829772,2.804880533,0,2,0,0,0
D29MTP7Exp12022,7,1,29,2022,12022,6/29/2022,Week4,30,0,Chrysosphaerella sp.,7463.956599,0,0,0,0,0,2
D29MTP7Exp22022,7,2,29,2022,22022,8/16/2022,Week4,100,21.19720559,Haematococcus pluvialis,1743.212584,1.215985118,0,0,0,3,0
D29MTP8Exp12022,8,1,29,2022,12022,6/29/2022,Week4,0,0,Chrysosphaerella sp.,1108.33627,0,0,1,0,0,0
D29MTP8Exp22022,8,2,29,2022,22022,8/16/2022,Week4,30,0,Haematococcus pluvialis,1767.028963,0,0,4,0,1,0
D29MTP9Exp12022,9,1,29,2022,12022,6/29/2022,Week4,100,0,Chrysosphaerella sp.,1610.646099,0,0,2,0,0,0
D29MTP9Exp22022,9,2,29,2022,22022,8/16/2022,Week4,0,0,Haematococcus pluvialis,10101.55376,0,0,0,1,0,0
D7MTP10Exp12021,10,1,7,2021,12021,6/21/2021,Week1,100,0,Haematococcus pluvialis,1328.085333,0,0,0,0,0,0
D7MTP10Exp12022,10,1,7,2022,12022,6/8/2022,Week1,10,4.343476483,Chrysosphaerella sp.,480.087996,0.904725075,5,0,0,0,19
D7MTP10Exp22021,10,2,7,2021,22021,8/2/2021,Week1,100,43.52377049,Trachelomonas abrupta,13178.9977,0.330250991,3,0,3,0,0
D7MTP10Exp32022,10,3,7,2022,32022,9/26/2022,Week1,10,0,Chrysosphaerella sp.,71499.93911,0,0,0,1,0,0
D7MTP11Exp12021,11,1,7,2021,12021,6/21/2021,Week1,30,0,Haematococcus pluvialis,1489.990121,0,1,0,0,0,0
D7MTP11Exp12022,11,1,7,2022,12022,6/8/2022,Week1,100,0,Chrysosphaerella sp.,397.5171039,0,2,3,0,0,2
D7MTP11Exp22021,11,2,7,2021,22021,8/2/2021,Week1,30,0,Trachelomonas abrupta,9714.235659,0,0,0,0,0,0
D7MTP12Exp12021,12,1,7,2021,12021,6/21/2021,Week1,10,0,Haematococcus pluvialis,1111.189836,0,0,0,0,0,0
D7MTP12Exp12022,12,1,7,2022,12022,6/8/2022,Week1,1,4.308235294,Chrysosphaerella sp.,2199.066902,0.19591197,4,21,1,0,1
D7MTP12Exp22021,12,2,7,2021,22021,8/2/2021,Week1,10,25.48752,Trachelomonas abrupta,9268.96144,0.274977085,0,0,0,0,0
D7MTP12Exp32022,12,3,7,2022,32022,9/26/2022,Week1,30,4.31699187,Chrysosphaerella sp.,13352.45585,0.03233107,0,0,1,0,0
D7MTP13Exp12021,13,1,7,2021,12021,6/21/2021,Week1,0,0,Haematococcus pluvialis,1415.973333,0,2,0,0,0,0
D7MTP13Exp12022,13,1,7,2022,12022,6/8/2022,Week1,30,8.428412698,Chrysosphaerella sp.,969.4705545,0.869383052,3,4,0,0,3
D7MTP13Exp22021,13,2,7,2021,22021,8/2/2021,Week1,0,0,Trachelomonas abrupta,8772.878261,0,0,0,0,0,0
D7MTP13Exp32022,13,3,7,2022,32022,9/26/2022,Week1,1,0,Chrysosphaerella sp.,21398.23602,0,0,0,6,0,0
D7MTP14Exp12021,14,1,7,2021,12021,6/21/2021,Week1,10,0,Haematococcus pluvialis,1322.75089,0,0,0,0,0,0
D7MTP14Exp12022,14,1,7,2022,12022,6/8/2022,Week1,10,25.08614173,Chrysosphaerella sp.,1588.788976,1.578947368,2,19,1,0,1
D7MTP14Exp22021,14,2,7,2021,22021,8/2/2021,Week1,10,17.05991968,Trachelomonas abrupta,13392.03695,0.127388535,5,0,0,0,0
D7MTP14Exp32022,14,3,7,2022,32022,9/26/2022,Week1,100,4.52869936,Chrysosphaerella sp.,10208.20592,0.044363323,0,0,11,0,0
D7MTP15Exp12021,15,1,7,2021,12021,6/21/2021,Week1,1,0,Haematococcus pluvialis,1494.930954,0,1,0,0,0,0
D7MTP15Exp12022,15,1,7,2022,12022,6/8/2022,Week1,0,0,Chrysosphaerella sp.,736.4198661,0,0,19,0,0,0
D7MTP15Exp22021,15,2,7,2021,22021,8/2/2021,Week1,1,24.98776471,Trachelomonas abrupta,12535.52863,0.199335548,0,0,0,0,0
D7MTP15Exp32022,15,3,7,2022,32022,9/26/2022,Week1,30,0,Chrysosphaerella sp.,13656.5362,0,0,0,0,0,0
D7MTP16Exp12021,16,1,7,2021,12021,6/21/2021,Week1,100,0,Haematococcus pluvialis,1131.542009,0,0,0,0,1,0
D7MTP16Exp12022,16,1,7,2022,12022,6/8/2022,Week1,100,17.69966667,Chrysosphaerella sp.,1000.148125,1.76970453,1,32,1,0,17
D7MTP16Exp22021,16,2,7,2021,22021,8/2/2021,Week1,100,46.72712,Trachelomonas abrupta,4553.77024,1.026119403,2,0,0,0,0
D7MTP16Exp32022,16,3,7,2022,32022,9/26/2022,Week1,1,0,Chrysosphaerella sp.,22248.03479,0,0,0,4,0,0
D7MTP17Exp12021,17,1,7,2021,12021,6/21/2021,Week1,1,2.57449697,Haematococcus pluvialis,913.9464242,0.281690141,0,0,0,0,0
D7MTP17Exp12022,17,1,7,2022,12022,6/8/2022,Week1,1,21.85144033,Chrysosphaerella sp.,1318.405336,1.657414434,0,17,0,0,3
D7MTP17Exp22021,17,2,7,2021,22021,8/2/2021,Week1,1,17.19805668,Trachelomonas abrupta,16269.36162,0.105708245,6,0,0,0,0
D7MTP17Exp32022,17,3,7,2022,32022,9/26/2022,Week1,10,0,Chrysosphaerella sp.,25880.84593,0,0,0,1,0,0
D7MTP18Exp12022,18,1,7,2022,12022,6/8/2022,Week1,1,38.15497006,Chrysosphaerella sp.,1434.61686,2.659593034,0,24,0,0,0
D7MTP18Exp22021,18,2,7,2021,22021,8/2/2021,Week1,100,75.85571429,Trachelomonas abrupta,15508.27937,0.489130435,2,0,2,0,0
D7MTP18Exp32022,18,3,7,2022,32022,9/26/2022,Week1,0,0,Chrysosphaerella sp.,11426.9048,0,0,0,2,0,0
D7MTP19Exp12021,19,1,7,2021,12021,6/21/2021,Week1,30,0,Haematococcus pluvialis,4309.974608,0,0,0,0,0,0
D7MTP19Exp12022,19,1,7,2022,12022,6/8/2022,Week1,10,13.21966805,Chrysosphaerella sp.,952.4439154,1.387973385,3,26,4,0,3
D7MTP19Exp22021,19,2,7,2021,22021,8/2/2021,Week1,30,16.4648062,Trachelomonas abrupta,10817.37767,0.152207002,1,0,2,0,0
D7MTP19Exp32022,19,3,7,2022,32022,9/26/2022,Week1,30,0,Chrysosphaerella sp.,16408.46148,0,0,0,4,0,0
D7MTP1Exp12021,1,1,7,2021,12021,6/21/2021,Week1,30,0,Haematococcus pluvialis,860.4761026,0,1,0,0,0,0
D7MTP1Exp12022,1,1,7,2022,12022,6/8/2022,Week1,100,29.49944444,Chrysosphaerella sp.,2498.956938,1.180470299,0,15,0,0,8
D7MTP1Exp22021,1,2,7,2021,22021,8/2/2021,Week1,30,16.92398406,Trachelomonas abrupta,9215.109323,0.183654729,0,0,0,0,0
D7MTP1Exp32022,1,3,7,2022,32022,9/26/2022,Week1,0,0,Chrysosphaerella sp.,19973.89322,0,0,0,7,0,0
D7MTP20Exp12021,20,1,7,2021,12021,6/21/2021,Week1,0,0,Haematococcus pluvialis,701.3075472,0,0,0,4,0,0
D7MTP20Exp12022,20,1,7,2022,12022,6/8/2022,Week1,30,0,Chrysosphaerella sp.,274.4679921,0,0,19,0,0,0
D7MTP20Exp22021,20,2,7,2021,22021,8/2/2021,Week1,0,0,Trachelomonas abrupta,11348.78627,0,2,0,0,0,0
D7MTP20Exp32022,20,3,7,2022,32022,9/26/2022,Week1,1,0,Chrysosphaerella sp.,19115.64,0,0,0,1,0,0
D7MTP21Exp12021,21,1,7,2021,12021,6/21/2021,Week1,100,0,Haematococcus pluvialis,1113.343739,0,2,0,0,0,0
D7MTP21Exp12022,21,1,7,2022,12022,6/8/2022,Week1,0,0,Chrysosphaerella sp.,2302.709109,0,2,18,0,0,3
D7MTP21Exp22021,21,2,7,2021,22021,8/2/2021,Week1,100,77.07919355,Trachelomonas abrupta,11733.16613,0.656934307,2,0,0,0,0
D7MTP21Exp32022,21,3,7,2022,32022,9/26/2022,Week1,30,4.290828283,Chrysosphaerella sp.,18569.59301,0.023106744,0,0,0,0,0
D7MTP2Exp12021,2,1,7,2021,12021,6/21/2021,Week1,10,0,Haematococcus pluvialis,1112.881002,0,0,0,0,0,0
D7MTP2Exp12022,2,1,7,2022,12022,6/8/2022,Week1,1,0,Chrysosphaerella sp.,1579.782013,0,1,16,0,0,5
D7MTP2Exp22021,2,2,7,2021,22021,8/2/2021,Week1,10,24.60185328,Trachelomonas abrupta,9291.299923,0.26478376,4,0,3,0,0
D7MTP2Exp32022,2,3,7,2022,32022,9/26/2022,Week1,10,0,Chrysosphaerella sp.,15030.44274,0,0,0,4,0,0
D7MTP3Exp12021,3,1,7,2021,12021,6/21/2021,Week1,0,0,Haematococcus pluvialis,1591.430899,0,1,0,0,0,0
D7MTP3Exp12022,3,1,7,2022,12022,6/8/2022,Week1,0,0,Chrysosphaerella sp.,924.717279,0,1,7,2,0,1
D7MTP3Exp22021,3,2,7,2021,22021,8/2/2021,Week1,0,0,Trachelomonas abrupta,2846.1064,0,8,0,0,0,0
D7MTP3Exp32022,3,3,7,2022,32022,9/26/2022,Week1,100,4.388347107,Chrysosphaerella sp.,5374.726233,0.081647826,0,1,9,0,0
D7MTP4Exp12021,4,1,7,2021,12021,6/21/2021,Week1,10,0,Haematococcus pluvialis,707.9866666,0,0,0,0,0,0
D7MTP4Exp12022,4,1,7,2022,12022,6/8/2022,Week1,30,25.64136821,Chrysosphaerella sp.,1057.029352,2.425795288,0,37,4,0,6
D7MTP4Exp22021,4,2,7,2021,22021,8/2/2021,Week1,10,17.92371308,Trachelomonas abrupta,10924.50312,0.164068909,10,0,0,0,0
D7MTP4Exp32022,4,3,7,2022,32022,9/26/2022,Week1,0,0,Chrysosphaerella sp.,14592.55109,0,1,0,1,0,0
D7MTP5Exp12021,5,1,7,2021,12021,6/21/2021,Week1,1,0,Haematococcus pluvialis,1331.899917,0,0,0,0,1,0
D7MTP5Exp12022,5,1,7,2022,12022,6/8/2022,Week1,10,37.92785714,Chrysosphaerella sp.,1514.155375,2.504885415,3,32,0,0,6
D7MTP5Exp22021,5,2,7,2021,22021,8/2/2021,Week1,1,8.66922449,Trachelomonas abrupta,12795.77535,0.067750678,0,0,0,0,0
D7MTP5Exp32022,5,3,7,2022,32022,9/26/2022,Week1,0,0,Chrysosphaerella sp.,20902.46349,0,0,0,6,0,0
D7MTP6Exp32022,6,3,7,2022,32022,9/26/2022,Week1,100,0,Chrysosphaerella sp.,6643.74688,0,0,3,16,0,0
D7MTP7Exp12021,7,1,7,2021,12021,6/21/2021,Week1,0,0,Haematococcus pluvialis,2754.359087,0,0,0,0,0,0
D7MTP7Exp12022,7,1,7,2022,12022,6/8/2022,Week1,30,21.02930693,Chrysosphaerella sp.,682.2069378,3.082540761,0,14,0,0,2
D7MTP7Exp22021,7,2,7,2021,22021,8/2/2021,Week1,0,16.79019763,Trachelomonas abrupta,8420.284111,0.199401795,0,0,0,0,0
D7MTP7Exp32022,7,3,7,2022,32022,9/26/2022,Week1,10,0,Chrysosphaerella sp.,35968.61241,0,0,0,5,0,0
D7MTP8Exp12021,8,1,7,2021,12021,6/21/2021,Week1,30,0,Haematococcus pluvialis,567.3760743,0,1,0,0,0,0
D7MTP8Exp12022,8,1,7,2022,12022,6/8/2022,Week1,0,0,Chrysosphaerella sp.,1928.55568,0,1,22,2,0,3
D7MTP8Exp22021,8,2,7,2021,22021,8/2/2021,Week1,30,69.07186992,Trachelomonas abrupta,14530.99463,0.475341652,0,0,0,0,0
D7MTP8Exp32022,8,3,7,2022,32022,9/26/2022,Week1,100,0,Chrysosphaerella sp.,4270.019918,0,0,0,5,0,0
D7MTP9Exp12021,9,1,7,2021,12021,6/21/2021,Week1,1,0,Haematococcus pluvialis,2096.860032,0,0,0,0,0,0
D7MTP9Exp12022,9,1,7,2022,12022,6/8/2022,Week1,100,38.93205703,Chrysosphaerella sp.,3934.280383,0.989559798,0,32,1,0,5
D7MTP9Exp22021,9,2,7,2021,22021,8/2/2021,Week1,1,26.1142623,Trachelomonas abrupta,9227.039344,0.283018868,6,0,0,0,0
D7MTP9Exp32022,9,3,7,2022,32022,9/26/2022,Week1,1,8.704754098,Chrysosphaerella sp.,11207.83851,0.077666662,0,0,4,0,0
D8MTP10Exp22022,10,2,8,2022,22022,7/26/2022,Week1,0,0,Haematococcus pluvialis,141.425908,0,6,0,0,0,1
D8MTP12Exp22022,12,2,8,2022,22022,7/26/2022,Week1,100,21.58495935,Haematococcus pluvialis,3811.903821,0.566251416,0,0,8,74,0
D8MTP13Exp22022,13,2,8,2022,22022,7/26/2022,Week1,1,8.942989474,Haematococcus pluvialis,1694.352544,0.527811612,0,1,0,0,0
D8MTP14Exp22022,14,2,8,2022,22022,7/26/2022,Week1,30,27.17219616,Haematococcus pluvialis,5423.412034,0.501016629,0,0,0,24,0
D8MTP15Exp22022,15,2,8,2022,22022,7/26/2022,Week1,100,75.69668763,Haematococcus pluvialis,1932.003192,3.918041541,0,0,0,155,1
D8MTP16Exp22022,16,2,8,2022,22022,7/26/2022,Week1,0,4.31699187,Haematococcus pluvialis,1306.830923,0.330340505,1,0,0,0,0
D8MTP17Exp22022,17,2,8,2022,22022,7/26/2022,Week1,1,12.97735234,Haematococcus pluvialis,5072.195378,0.255852769,0,0,8,1,0
D8MTP18Exp22022,18,2,8,2022,22022,7/26/2022,Week1,10,148.5897942,Haematococcus pluvialis,918.1405189,16.18377483,5,0,0,222,0
D8MTP19Exp22022,19,2,8,2022,22022,7/26/2022,Week1,100,13.35823899,Haematococcus pluvialis,3630.061211,0.367989359,1,0,4,24,2
D8MTP1Exp22022,1,2,8,2022,22022,7/26/2022,Week1,10,0,Haematococcus pluvialis,1738.581691,0,2,0,73,0,0
D8MTP20Exp22022,20,2,8,2022,22022,7/26/2022,Week1,1,21.15498008,Haematococcus pluvialis,5023.870683,0.421089264,0,1,2,0,0
D8MTP21Exp22022,21,2,8,2022,22022,7/26/2022,Week1,1,0,Haematococcus pluvialis,1529.423529,0,0,0,9,0,0
D8MTP2Exp22022,2,2,8,2022,22022,7/26/2022,Week1,0,0,Haematococcus pluvialis,3208.535319,0,0,0,1,0,1
D8MTP3Exp22022,3,2,8,2022,22022,7/26/2022,Week1,10,4.388347107,Haematococcus pluvialis,1136.00638,0.386295991,0,0,10,14,0
D8MTP4Exp22022,4,2,8,2022,22022,7/26/2022,Week1,30,67.96672,Haematococcus pluvialis,3476.791411,1.954869072,0,0,0,53,0
D8MTP5Exp22022,5,2,8,2022,22022,7/26/2022,Week1,30,8.49584,Haematococcus pluvialis,3202.93168,0.265251989,0,0,4,39,0
D8MTP6Exp22022,6,2,8,2022,22022,7/26/2022,Week1,10,4.222584493,Haematococcus pluvialis,2901.304024,0.145540917,0,0,23,19,0
D8MTP7Exp22022,7,2,8,2022,22022,7/26/2022,Week1,100,26.4393361,Haematococcus pluvialis,877.204955,3.014043178,3,0,30,72,0
D8MTP8Exp22022,8,2,8,2022,22022,7/26/2022,Week1,30,4.343476483,Haematococcus pluvialis,5100.099361,0.085164546,0,0,18,29,0
D8MTP9Exp22022,9,2,8,2022,22022,7/26/2022,Week1,0,0,Haematococcus pluvialis,6354.541551,0,0,0,15,0,0
